2026-07-13 00:04:54 - Starting Second Brain Inbox Watcher loop...
2026-07-13 00:04:54 - Files detected in Inbox. Invoking ingest script...
2026-07-13 00:09:42 - Files detected in Inbox. Invoking ingest script...
2026-07-13 00:15:04 - Starting Second Brain Inbox Watcher loop...
2026-07-13 00:15:04 - Activity detected (Raw files: 1, Approvals: false). Invoking ingest script...
2026-07-13 00:15:42 - Obsidian running with pending reviews. Opening dashboard...
2026-07-13 00:16:03 - Activity detected (Raw files: 0, Approvals: true). Invoking ingest script...
2026-07-13 00:20:58 - Activity detected (Raw files: 1, Approvals: false). Invoking ingest script...
2026-07-13 00:27:45 - Starting Second Brain Inbox Watcher loop...
2026-07-13 00:27:45 - Obsidian running with pending reviews. Opening dashboard...
2026-07-13 12:39:37 - Activity detected (Raw files: 1, Approvals: false). Invoking ingest script...
2026-07-13 12:39:37 - Activity detected (Raw files: 1, Approvals: false). Invoking ingest script...
2026-07-13 12:39:43 - Activity detected (Raw files: 1, Approvals: false). Invoking ingest script...
2026-07-13 12:39:48 - Activity detected (Raw files: 1, Approvals: false). Invoking ingest script...
2026-07-13 12:39:53 - Activity detected (Raw files: 1, Approvals: false). Invoking ingest script...
2026-07-13 12:39:58 - Activity detected (Raw files: 1, Approvals: false). Invoking ingest script...
2026-07-13 12:40:03 - Activity detected (Raw files: 1, Approvals: false). Invoking ingest script...
2026-07-13 12:40:08 - Activity detected (Raw files: 1, Approvals: false). Invoking ingest script...
2026-07-13 12:40:13 - Activity detected (Raw files: 1, Approvals: false). Invoking ingest script...
2026-07-13 12:40:18 - Activity detected (Raw files: 1, Approvals: false). Invoking ingest script...
2026-07-13 12:40:23 - Activity detected (Raw files: 1, Approvals: false). Invoking ingest script...
2026-07-13 12:40:28 - Activity detected (Raw files: 1, Approvals: false). Invoking ingest script...
2026-07-13 12:40:33 - Activity detected (Raw files: 1, Approvals: false). Invoking ingest script...
2026-07-13 12:40:38 - Activity detected (Raw files: 1, Approvals: false). Invoking ingest script...
2026-07-13 12:40:43 - Activity detected (Raw files: 1, Approvals: false). Invoking ingest script...
2026-07-13 12:44:57 - Activity detected (Raw files: 1, Approvals: false). Invoking ingest script...
2026-07-13 12:44:57 - Activity detected (Raw files: 1, Approvals: false). Invoking ingest script...
2026-07-13 12:45:02 - Activity detected (Raw files: 1, Approvals: false). Invoking ingest script...
2026-07-13 12:45:07 - Activity detected (Raw files: 1, Approvals: false). Invoking ingest script...
2026-07-13 13:14:49 - Activity detected (Raw files: 1, Approvals: false). Invoking ingest script...
2026-07-13 13:14:50 - Activity detected (Raw files: 1, Approvals: false). Invoking ingest script...
2026-07-13 13:14:55 - Activity detected (Raw files: 1, Approvals: false). Invoking ingest script...
2026-07-13 13:15:00 - Activity detected (Raw files: 1, Approvals: false). Invoking ingest script...
2026-07-13 13:15:05 - Activity detected (Raw files: 1, Approvals: false). Invoking ingest script...
2026-07-13 13:15:10 - Activity detected (Raw files: 1, Approvals: false). Invoking ingest script...
2026-07-13 13:16:44 - Activity detected (Raw files: 1, Approvals: false). Invoking ingest script...
2026-07-13 13:16:46 - Activity detected (Raw files: 1, Approvals: false). Invoking ingest script...
2026-07-13 13:16:51 - Activity detected (Raw files: 1, Approvals: false). Invoking ingest script...
2026-07-13 13:16:57 - Activity detected (Raw files: 1, Approvals: false). Invoking ingest script...
2026-07-13 13:17:02 - Activity detected (Raw files: 1, Approvals: false). Invoking ingest script...
2026-07-13 13:17:07 - Activity detected (Raw files: 1, Approvals: false). Invoking ingest script...
2026-07-13 13:17:12 - Activity detected (Raw files: 1, Approvals: false). Invoking ingest script...
2026-07-13 13:17:17 - Activity detected (Raw files: 1, Approvals: false). Invoking ingest script...
2026-07-13 13:17:22 - Activity detected (Raw files: 1, Approvals: false). Invoking ingest script...
2026-07-13 13:17:27 - Activity detected (Raw files: 1, Approvals: false). Invoking ingest script...
2026-07-13 13:17:32 - Activity detected (Raw files: 1, Approvals: false). Invoking ingest script...
2026-07-13 13:17:37 - Activity detected (Raw files: 1, Approvals: false). Invoking ingest script...
2026-07-13 13:17:42 - Activity detected (Raw files: 1, Approvals: false). Invoking ingest script...
2026-07-13 13:17:47 - Activity detected (Raw files: 1, Approvals: false). Invoking ingest script...
2026-07-13 13:43:26 - Activity detected (Raw files: 1, Approvals: false). Invoking ingest script...
2026-07-13 13:43:26 - Activity detected (Raw files: 1, Approvals: false). Invoking ingest script...
2026-07-13 13:43:32 - Activity detected (Raw files: 1, Approvals: false). Invoking ingest script...
2026-07-13 13:43:37 - Activity detected (Raw files: 1, Approvals: false). Invoking ingest script...
2026-07-13 13:43:42 - Activity detected (Raw files: 1, Approvals: false). Invoking ingest script...
2026-07-13 13:43:47 - Activity detected (Raw files: 1, Approvals: false). Invoking ingest script...
2026-07-13 13:43:52 - Activity detected (Raw files: 1, Approvals: false). Invoking ingest script...
2026-07-13 13:43:57 - Activity detected (Raw files: 1, Approvals: false). Invoking ingest script...
2026-07-13 13:44:07 - Obsidian running with pending reviews. Opening dashboard...
2026-07-13 13:49:26 - Starting Second Brain Inbox Watcher loop...
2026-07-13 13:51:28 - Activity detected (Raw files: 0, Approvals: true, Rejections: true). Invoking ingest script...
2026-07-13 15:23:17 - Activity detected (Raw files: 1, Approvals: false, Rejections: false). Invoking ingest script...
2026-07-13 22:16:32 - Obsidian running with pending reviews. Opening dashboard...
2026-07-13 22:16:37 - Activity detected (Raw files: 1, Approvals: false, Rejections: false). Invoking ingest script...
2026-07-13 22:17:36 - Activity detected (Raw files: 0, Approvals: false, Rejections: true). Invoking ingest script...
2026-07-13 22:19:50 - Activity detected (Raw files: 1, Approvals: false, Rejections: false). Invoking ingest script...
2026-07-13 22:21:49 - Activity detected (Raw files: 0, Approvals: true, Rejections: false). Invoking ingest script...
2026-07-16 12:41:26 - Starting Second Brain Inbox Watcher loop...
2026-07-16 20:19:26 - Activity detected (Raw files: 1, Approvals: false, Rejections: false). Invoking ingest script...
2026-07-16 20:19:46 - Obsidian running with pending reviews. Opening dashboard...
2026-07-16 20:19:57 - Activity detected (Raw files: 0, Approvals: false, Rejections: true). Invoking ingest script...
2026-07-16 20:20:44 - Activity detected (Raw files: 1, Approvals: false, Rejections: false). Invoking ingest script...
2026-07-16 20:21:46 - Activity detected (Raw files: 0, Approvals: true, Rejections: false). Invoking ingest script...
2026-07-16 22:17:21 - Starting Second Brain Inbox Watcher loop...
2026-07-16 22:33:03 - Activity detected (Raw files: 1, Approvals: false, Rejections: false). Invoking ingest script...
2026-07-16 22:34:14 - Obsidian running with pending reviews. Opening dashboard...
2026-07-16 23:12:38 - Activity detected (Raw files: 1, Approvals: false, Rejections: false). Invoking ingest script...
2026-07-16 23:12:44 - Activity detected (Raw files: 1, Approvals: false, Rejections: false). Invoking ingest script...
2026-07-16 23:12:49 - Activity detected (Raw files: 1, Approvals: false, Rejections: false). Invoking ingest script...
2026-07-16 23:12:54 - Activity detected (Raw files: 1, Approvals: false, Rejections: false). Invoking ingest script...
2026-07-16 23:12:59 - Activity detected (Raw files: 1, Approvals: false, Rejections: false). Invoking ingest script...
2026-07-16 23:13:04 - Activity detected (Raw files: 1, Approvals: false, Rejections: false). Invoking ingest script...
2026-07-16 23:13:09 - Activity detected (Raw files: 1, Approvals: false, Rejections: false). Invoking ingest script...
2026-07-16 23:13:15 - Activity detected (Raw files: 1, Approvals: false, Rejections: false). Invoking ingest script...
2026-07-16 23:13:20 - Activity detected (Raw files: 1, Approvals: false, Rejections: false). Invoking ingest script...
2026-07-16 23:13:25 - Activity detected (Raw files: 1, Approvals: false, Rejections: false). Invoking ingest script...
2026-07-16 23:13:30 - Activity detected (Raw files: 1, Approvals: false, Rejections: false). Invoking ingest script...
2026-07-16 23:13:35 - Activity detected (Raw files: 1, Approvals: false, Rejections: false). Invoking ingest script...
2026-07-16 23:13:40 - Activity detected (Raw files: 1, Approvals: false, Rejections: false). Invoking ingest script...
2026-07-16 23:13:45 - Activity detected (Raw files: 1, Approvals: false, Rejections: false). Invoking ingest script...
2026-07-16 23:13:51 - Activity detected (Raw files: 1, Approvals: false, Rejections: false). Invoking ingest script...
2026-07-16 23:13:56 - Activity detected (Raw files: 1, Approvals: false, Rejections: false). Invoking ingest script...
2026-07-16 23:14:01 - Activity detected (Raw files: 1, Approvals: false, Rejections: false). Invoking ingest script...
2026-07-16 23:14:06 - Activity detected (Raw files: 1, Approvals: false, Rejections: false). Invoking ingest script...
2026-07-16 23:14:11 - Activity detected (Raw files: 1, Approvals: false, Rejections: false). Invoking ingest script...
2026-07-16 23:14:16 - Activity detected (Raw files: 1, Approvals: false, Rejections: false). Invoking ingest script...
2026-07-16 23:14:21 - Activity detected (Raw files: 1, Approvals: false, Rejections: false). Invoking ingest script...
2026-07-16 23:14:27 - Activity detected (Raw files: 1, Approvals: false, Rejections: false). Invoking ingest script...
2026-07-16 23:14:32 - Activity detected (Raw files: 1, Approvals: false, Rejections: false). Invoking ingest script...
2026-07-16 23:14:37 - Activity detected (Raw files: 1, Approvals: false, Rejections: false). Invoking ingest script...
2026-07-16 23:14:42 - Activity detected (Raw files: 1, Approvals: false, Rejections: false). Invoking ingest script...
2026-07-16 23:14:47 - Activity detected (Raw files: 1, Approvals: false, Rejections: false). Invoking ingest script...
2026-07-16 23:14:52 - Activity detected (Raw files: 1, Approvals: false, Rejections: false). Invoking ingest script...
2026-07-16 23:14:57 - Activity detected (Raw files: 1, Approvals: false, Rejections: false). Invoking ingest script...
2026-07-16 23:15:03 - Activity detected (Raw files: 1, Approvals: false, Rejections: false). Invoking ingest script...
2026-07-16 23:15:08 - Activity detected (Raw files: 1, Approvals: false, Rejections: false). Invoking ingest script...
2026-07-16 23:15:13 - Activity detected (Raw files: 1, Approvals: false, Rejections: false). Invoking ingest script...
2026-07-16 23:15:18 - Activity detected (Raw files: 1, Approvals: false, Rejections: false). Invoking ingest script...
2026-07-16 23:15:23 - Activity detected (Raw files: 1, Approvals: false, Rejections: false). Invoking ingest script...
2026-07-16 23:15:28 - Activity detected (Raw files: 1, Approvals: false, Rejections: false). Invoking ingest script...
2026-07-16 23:15:33 - Activity detected (Raw files: 1, Approvals: false, Rejections: false). Invoking ingest script...
2026-07-16 23:15:38 - Activity detected (Raw files: 1, Approvals: false, Rejections: false). Invoking ingest script...
2026-07-16 23:15:43 - Activity detected (Raw files: 1, Approvals: false, Rejections: false). Invoking ingest script...
2026-07-16 23:15:48 - Activity detected (Raw files: 1, Approvals: false, Rejections: false). Invoking ingest script...
2026-07-16 23:15:53 - Activity detected (Raw files: 1, Approvals: false, Rejections: false). Invoking ingest script...
2026-07-16 23:15:59 - Activity detected (Raw files: 1, Approvals: false, Rejections: false). Invoking ingest script...
2026-07-16 23:16:04 - Activity detected (Raw files: 1, Approvals: false, Rejections: false). Invoking ingest script...
2026-07-16 23:16:09 - Activity detected (Raw files: 1, Approvals: false, Rejections: false). Invoking ingest script...
2026-07-16 23:16:14 - Activity detected (Raw files: 1, Approvals: false, Rejections: false). Invoking ingest script...
2026-07-16 23:16:19 - Activity detected (Raw files: 1, Approvals: false, Rejections: false). Invoking ingest script...
2026-07-16 23:16:24 - Activity detected (Raw files: 1, Approvals: false, Rejections: false). Invoking ingest script...
2026-07-16 23:16:29 - Activity detected (Raw files: 1, Approvals: false, Rejections: false). Invoking ingest script...
2026-07-16 23:16:34 - Activity detected (Raw files: 1, Approvals: false, Rejections: false). Invoking ingest script...
2026-07-16 23:16:39 - Activity detected (Raw files: 1, Approvals: false, Rejections: false). Invoking ingest script...
2026-07-16 23:16:45 - Activity detected (Raw files: 1, Approvals: false, Rejections: false). Invoking ingest script...
2026-07-16 23:16:50 - Activity detected (Raw files: 1, Approvals: false, Rejections: false). Invoking ingest script...
2026-07-16 23:16:55 - Activity detected (Raw files: 1, Approvals: false, Rejections: false). Invoking ingest script...
2026-07-16 23:17:00 - Activity detected (Raw files: 1, Approvals: false, Rejections: false). Invoking ingest script...
2026-07-16 23:17:05 - Activity detected (Raw files: 1, Approvals: false, Rejections: false). Invoking ingest script...
2026-07-16 23:17:10 - Activity detected (Raw files: 1, Approvals: false, Rejections: false). Invoking ingest script...
2026-07-16 23:17:15 - Activity detected (Raw files: 1, Approvals: false, Rejections: false). Invoking ingest script...
2026-07-16 23:17:20 - Activity detected (Raw files: 1, Approvals: false, Rejections: false). Invoking ingest script...
2026-07-16 23:17:25 - Activity detected (Raw files: 1, Approvals: false, Rejections: false). Invoking ingest script...
2026-07-16 23:17:31 - Activity detected (Raw files: 1, Approvals: false, Rejections: false). Invoking ingest script...
2026-07-16 23:17:36 - Activity detected (Raw files: 1, Approvals: false, Rejections: false). Invoking ingest script...
2026-07-16 23:17:41 - Activity detected (Raw files: 1, Approvals: false, Rejections: false). Invoking ingest script...
2026-07-16 23:17:46 - Activity detected (Raw files: 1, Approvals: false, Rejections: false). Invoking ingest script...
2026-07-16 23:17:51 - Activity detected (Raw files: 1, Approvals: false, Rejections: false). Invoking ingest script...
2026-07-16 23:17:56 - Activity detected (Raw files: 1, Approvals: false, Rejections: false). Invoking ingest script...
2026-07-16 23:18:01 - Activity detected (Raw files: 1, Approvals: false, Rejections: false). Invoking ingest script...
2026-07-16 23:18:06 - Activity detected (Raw files: 1, Approvals: false, Rejections: false). Invoking ingest script...
2026-07-16 23:18:11 - Activity detected (Raw files: 1, Approvals: false, Rejections: false). Invoking ingest script...
2026-07-16 23:18:16 - Activity detected (Raw files: 1, Approvals: false, Rejections: false). Invoking ingest script...
2026-07-16 23:18:22 - Activity detected (Raw files: 1, Approvals: false, Rejections: false). Invoking ingest script...
2026-07-16 23:18:27 - Activity detected (Raw files: 1, Approvals: false, Rejections: false). Invoking ingest script...
2026-07-16 23:18:32 - Activity detected (Raw files: 1, Approvals: false, Rejections: false). Invoking ingest script...
2026-07-16 23:18:37 - Activity detected (Raw files: 1, Approvals: false, Rejections: false). Invoking ingest script...
2026-07-16 23:18:42 - Activity detected (Raw files: 1, Approvals: false, Rejections: false). Invoking ingest script...
2026-07-16 23:18:47 - Activity detected (Raw files: 1, Approvals: false, Rejections: false). Invoking ingest script...
2026-07-16 23:18:52 - Activity detected (Raw files: 1, Approvals: false, Rejections: false). Invoking ingest script...
2026-07-16 23:18:57 - Activity detected (Raw files: 1, Approvals: false, Rejections: false). Invoking ingest script...
2026-07-16 23:19:02 - Activity detected (Raw files: 1, Approvals: false, Rejections: false). Invoking ingest script...
2026-07-16 23:19:08 - Activity detected (Raw files: 1, Approvals: false, Rejections: false). Invoking ingest script...
2026-07-16 23:19:13 - Activity detected (Raw files: 1, Approvals: false, Rejections: false). Invoking ingest script...
2026-07-16 23:19:18 - Activity detected (Raw files: 1, Approvals: false, Rejections: false). Invoking ingest script...
2026-07-16 23:19:23 - Activity detected (Raw files: 1, Approvals: false, Rejections: false). Invoking ingest script...
2026-07-16 23:19:28 - Activity detected (Raw files: 1, Approvals: false, Rejections: false). Invoking ingest script...
2026-07-16 23:19:33 - Activity detected (Raw files: 1, Approvals: false, Rejections: false). Invoking ingest script...
2026-07-16 23:19:38 - Activity detected (Raw files: 1, Approvals: false, Rejections: false). Invoking ingest script...
2026-07-16 23:19:43 - Activity detected (Raw files: 1, Approvals: false, Rejections: false). Invoking ingest script...
2026-07-16 23:19:48 - Activity detected (Raw files: 1, Approvals: false, Rejections: false). Invoking ingest script...
2026-07-16 23:19:53 - Activity detected (Raw files: 1, Approvals: false, Rejections: false). Invoking ingest script...
2026-07-16 23:19:59 - Activity detected (Raw files: 1, Approvals: false, Rejections: false). Invoking ingest script...
2026-07-16 23:20:04 - Activity detected (Raw files: 1, Approvals: false, Rejections: false). Invoking ingest script...
2026-07-16 23:20:09 - Activity detected (Raw files: 1, Approvals: false, Rejections: false). Invoking ingest script...
2026-07-16 23:20:14 - Activity detected (Raw files: 1, Approvals: false, Rejections: false). Invoking ingest script...
2026-07-16 23:20:19 - Activity detected (Raw files: 1, Approvals: false, Rejections: false). Invoking ingest script...
2026-07-16 23:20:24 - Activity detected (Raw files: 1, Approvals: false, Rejections: false). Invoking ingest script...
2026-07-16 23:20:29 - Activity detected (Raw files: 1, Approvals: false, Rejections: false). Invoking ingest script...
2026-07-16 23:20:34 - Activity detected (Raw files: 1, Approvals: false, Rejections: false). Invoking ingest script...
2026-07-16 23:20:39 - Activity detected (Raw files: 1, Approvals: false, Rejections: false). Invoking ingest script...
2026-07-16 23:20:45 - Activity detected (Raw files: 1, Approvals: false, Rejections: false). Invoking ingest script...
2026-07-16 23:20:50 - Activity detected (Raw files: 1, Approvals: false, Rejections: false). Invoking ingest script...
2026-07-16 23:20:55 - Activity detected (Raw files: 1, Approvals: false, Rejections: false). Invoking ingest script...
2026-07-16 23:21:00 - Activity detected (Raw files: 1, Approvals: false, Rejections: false). Invoking ingest script...
2026-07-16 23:21:05 - Activity detected (Raw files: 1, Approvals: false, Rejections: false). Invoking ingest script...
2026-07-16 23:21:10 - Activity detected (Raw files: 1, Approvals: false, Rejections: false). Invoking ingest script...
2026-07-16 23:21:15 - Activity detected (Raw files: 1, Approvals: false, Rejections: false). Invoking ingest script...
2026-07-16 23:21:20 - Activity detected (Raw files: 1, Approvals: false, Rejections: false). Invoking ingest script...
2026-07-16 23:21:25 - Activity detected (Raw files: 1, Approvals: false, Rejections: false). Invoking ingest script...
2026-07-16 23:21:30 - Activity detected (Raw files: 1, Approvals: false, Rejections: false). Invoking ingest script...
2026-07-16 23:21:36 - Activity detected (Raw files: 1, Approvals: false, Rejections: false). Invoking ingest script...
2026-07-16 23:21:41 - Activity detected (Raw files: 1, Approvals: false, Rejections: false). Invoking ingest script...
2026-07-16 23:21:46 - Activity detected (Raw files: 1, Approvals: false, Rejections: false). Invoking ingest script...
2026-07-16 23:21:51 - Activity detected (Raw files: 1, Approvals: false, Rejections: false). Invoking ingest script...
2026-07-16 23:21:56 - Activity detected (Raw files: 1, Approvals: false, Rejections: false). Invoking ingest script...
2026-07-16 23:22:01 - Activity detected (Raw files: 1, Approvals: false, Rejections: false). Invoking ingest script...
2026-07-16 23:22:06 - Activity detected (Raw files: 1, Approvals: false, Rejections: false). Invoking ingest script...
2026-07-16 23:22:11 - Activity detected (Raw files: 1, Approvals: false, Rejections: false). Invoking ingest script...
2026-07-16 23:22:16 - Activity detected (Raw files: 1, Approvals: false, Rejections: false). Invoking ingest script...
2026-07-16 23:22:21 - Activity detected (Raw files: 1, Approvals: false, Rejections: false). Invoking ingest script...
2026-07-16 23:22:27 - Activity detected (Raw files: 1, Approvals: false, Rejections: false). Invoking ingest script...
2026-07-16 23:22:32 - Activity detected (Raw files: 1, Approvals: false, Rejections: false). Invoking ingest script...
2026-07-16 23:22:37 - Activity detected (Raw files: 1, Approvals: false, Rejections: false). Invoking ingest script...
2026-07-16 23:22:42 - Activity detected (Raw files: 1, Approvals: false, Rejections: false). Invoking ingest script...
2026-07-16 23:22:47 - Activity detected (Raw files: 1, Approvals: false, Rejections: false). Invoking ingest script...
2026-07-16 23:22:52 - Activity detected (Raw files: 1, Approvals: false, Rejections: false). Invoking ingest script...
2026-07-16 23:22:57 - Activity detected (Raw files: 1, Approvals: false, Rejections: false). Invoking ingest script...
2026-07-16 23:23:02 - Activity detected (Raw files: 1, Approvals: false, Rejections: false). Invoking ingest script...
2026-07-16 23:23:07 - Activity detected (Raw files: 1, Approvals: false, Rejections: false). Invoking ingest script...
2026-07-16 23:23:12 - Activity detected (Raw files: 1, Approvals: false, Rejections: false). Invoking ingest script...
2026-07-16 23:23:18 - Activity detected (Raw files: 1, Approvals: false, Rejections: false). Invoking ingest script...
2026-07-16 23:23:23 - Activity detected (Raw files: 1, Approvals: false, Rejections: false). Invoking ingest script...
2026-07-16 23:30:04 - Activity detected (Raw files: 0, Approvals: true, Rejections: false). Invoking ingest script...
2026-07-16 23:37:28 - Activity detected (Raw files: 1, Approvals: false, Rejections: false). Invoking ingest script...
2026-07-16 23:41:33 - Activity detected (Raw files: 1, Approvals: false, Rejections: false). Invoking ingest script...
2026-07-16 23:41:38 - Activity detected (Raw files: 1, Approvals: false, Rejections: false). Invoking ingest script...
2026-07-16 23:41:43 - Activity detected (Raw files: 1, Approvals: false, Rejections: false). Invoking ingest script...
2026-07-16 23:41:48 - Activity detected (Raw files: 1, Approvals: false, Rejections: false). Invoking ingest script...
2026-07-16 23:41:53 - Activity detected (Raw files: 1, Approvals: false, Rejections: false). Invoking ingest script...
2026-07-16 23:41:58 - Activity detected (Raw files: 1, Approvals: false, Rejections: false). Invoking ingest script...
2026-07-16 23:42:03 - Activity detected (Raw files: 1, Approvals: false, Rejections: false). Invoking ingest script...
2026-07-16 23:42:08 - Activity detected (Raw files: 1, Approvals: false, Rejections: false). Invoking ingest script...
2026-07-16 23:42:13 - Activity detected (Raw files: 1, Approvals: false, Rejections: false). Invoking ingest script...
2026-07-16 23:42:18 - Activity detected (Raw files: 1, Approvals: false, Rejections: false). Invoking ingest script...
2026-07-16 23:42:23 - Activity detected (Raw files: 1, Approvals: false, Rejections: false). Invoking ingest script...
2026-07-16 23:42:29 - Activity detected (Raw files: 1, Approvals: false, Rejections: false). Invoking ingest script...
2026-07-16 23:42:34 - Activity detected (Raw files: 1, Approvals: false, Rejections: false). Invoking ingest script...
2026-07-16 23:42:39 - Activity detected (Raw files: 1, Approvals: false, Rejections: false). Invoking ingest script...
2026-07-16 23:42:44 - Activity detected (Raw files: 1, Approvals: false, Rejections: false). Invoking ingest script...
2026-07-16 23:42:49 - Activity detected (Raw files: 1, Approvals: false, Rejections: false). Invoking ingest script...
2026-07-16 23:42:54 - Activity detected (Raw files: 1, Approvals: false, Rejections: false). Invoking ingest script...
2026-07-17 00:01:03 - Activity detected (Raw files: 1, Approvals: false, Rejections: false). Invoking ingest script...
2026-07-17 00:01:36 - Starting Second Brain Inbox Watcher loop...
2026-07-17 00:01:36 - Activity detected (Raw files: 1, Approvals: false, Rejections: false). Invoking ingest script...
2026-07-17 00:01:36 - Obsidian running with pending reviews. Opening dashboard...
2026-07-17 00:01:41 - Activity detected (Raw files: 1, Approvals: false, Rejections: false). Invoking ingest script...
2026-07-17 00:01:46 - Activity detected (Raw files: 1, Approvals: false, Rejections: false). Invoking ingest script...
2026-07-17 00:01:51 - Activity detected (Raw files: 1, Approvals: false, Rejections: false). Invoking ingest script...
2026-07-17 00:03:51 - Activity detected (Raw files: 0, Approvals: true, Rejections: true). Invoking ingest script...
2026-07-17 00:03:53 - Activity detected (Raw files: 0, Approvals: true, Rejections: true). Invoking ingest script...
2026-07-17 00:03:58 - Activity detected (Raw files: 0, Approvals: true, Rejections: true). Invoking ingest script...
2026-07-17 00:04:03 - Activity detected (Raw files: 0, Approvals: true, Rejections: true). Invoking ingest script...
2026-07-17 00:04:09 - Activity detected (Raw files: 0, Approvals: true, Rejections: true). Invoking ingest script...
2026-07-17 00:04:14 - Activity detected (Raw files: 0, Approvals: true, Rejections: true). Invoking ingest script...
2026-07-17 00:04:19 - Activity detected (Raw files: 0, Approvals: true, Rejections: true). Invoking ingest script...
2026-07-17 00:04:24 - Activity detected (Raw files: 0, Approvals: true, Rejections: true). Invoking ingest script...
2026-07-17 00:04:29 - Activity detected (Raw files: 0, Approvals: true, Rejections: true). Invoking ingest script...
2026-07-17 00:04:44 - Activity detected (Raw files: 1, Approvals: false, Rejections: false). Invoking ingest script...
2026-07-17 00:04:46 - Activity detected (Raw files: 1, Approvals: false, Rejections: false). Invoking ingest script...
2026-07-17 00:04:51 - Activity detected (Raw files: 1, Approvals: false, Rejections: false). Invoking ingest script...
2026-07-17 00:04:56 - Activity detected (Raw files: 1, Approvals: false, Rejections: false). Invoking ingest script...
2026-07-17 00:05:01 - Activity detected (Raw files: 1, Approvals: false, Rejections: false). Invoking ingest script...
2026-07-17 00:05:06 - Activity detected (Raw files: 1, Approvals: false, Rejections: false). Invoking ingest script...
2026-07-17 00:05:11 - Activity detected (Raw files: 1, Approvals: false, Rejections: false). Invoking ingest script...
2026-07-17 00:05:16 - Activity detected (Raw files: 1, Approvals: false, Rejections: false). Invoking ingest script...
2026-07-17 00:05:22 - Activity detected (Raw files: 1, Approvals: false, Rejections: false). Invoking ingest script...
2026-07-17 00:05:27 - Activity detected (Raw files: 1, Approvals: false, Rejections: false). Invoking ingest script...
2026-07-17 00:05:32 - Activity detected (Raw files: 1, Approvals: false, Rejections: false). Invoking ingest script...
2026-07-17 00:05:37 - Activity detected (Raw files: 1, Approvals: false, Rejections: false). Invoking ingest script...
2026-07-17 00:05:42 - Activity detected (Raw files: 1, Approvals: false, Rejections: false). Invoking ingest script...
2026-07-17 00:05:47 - Activity detected (Raw files: 1, Approvals: false, Rejections: false). Invoking ingest script...
2026-07-17 00:05:52 - Activity detected (Raw files: 1, Approvals: false, Rejections: false). Invoking ingest script...
2026-07-17 00:05:57 - Activity detected (Raw files: 1, Approvals: false, Rejections: false). Invoking ingest script...
2026-07-17 00:06:02 - Activity detected (Raw files: 1, Approvals: false, Rejections: false). Invoking ingest script...
2026-07-17 20:09:10 - Obsidian running with pending reviews. Opening dashboard...
2026-07-17 20:09:10 - Obsidian running with pending reviews. Opening dashboard...
2026-07-17 20:15:36 - Obsidian running with pending reviews. Opening dashboard...
2026-07-17 20:15:36 - Obsidian running with pending reviews. Opening dashboard...
2026-07-17 20:45:26 - Activity detected (Raw files: 1, Approvals: false, Rejections: false). Invoking ingest script...
2026-07-17 20:45:26 - Activity detected (Raw files: 1, Approvals: false, Rejections: false). Invoking ingest script...
2026-07-17 20:45:31 - Activity detected (Raw files: 1, Approvals: false, Rejections: false). Invoking ingest script...
2026-07-17 20:45:36 - Activity detected (Raw files: 1, Approvals: false, Rejections: false). Invoking ingest script...
2026-07-17 21:52:39 - Activity detected (Raw files: 0, Approvals: true, Rejections: false). Invoking ingest script...
2026-07-17 21:52:40 - Activity detected (Raw files: 0, Approvals: true, Rejections: false). Invoking ingest script...
2026-07-17 21:52:45 - Activity detected (Raw files: 0, Approvals: true, Rejections: false). Invoking ingest script...
2026-07-17 21:52:50 - Activity detected (Raw files: 0, Approvals: true, Rejections: false). Invoking ingest script...
2026-07-17 21:52:55 - Activity detected (Raw files: 0, Approvals: true, Rejections: false). Invoking ingest script...
2026-07-17 21:53:00 - Activity detected (Raw files: 0, Approvals: true, Rejections: false). Invoking ingest script...
2026-07-17 21:53:06 - Activity detected (Raw files: 0, Approvals: true, Rejections: false). Invoking ingest script...
2026-07-17 21:53:11 - Activity detected (Raw files: 0, Approvals: true, Rejections: false). Invoking ingest script...
2026-07-17 22:13:29 - Activity detected (Raw files: 1, Approvals: false, Rejections: false). Invoking ingest script...
2026-07-17 22:13:30 - Activity detected (Raw files: 1, Approvals: false, Rejections: false). Invoking ingest script...
2026-07-17 22:13:36 - Activity detected (Raw files: 1, Approvals: false, Rejections: false). Invoking ingest script...
2026-07-17 22:13:41 - Activity detected (Raw files: 1, Approvals: false, Rejections: false). Invoking ingest script...
2026-07-17 22:13:46 - Activity detected (Raw files: 1, Approvals: false, Rejections: false). Invoking ingest script...
2026-07-17 22:13:51 - Activity detected (Raw files: 1, Approvals: false, Rejections: false). Invoking ingest script...
2026-07-17 22:13:56 - Activity detected (Raw files: 1, Approvals: false, Rejections: false). Invoking ingest script...
2026-07-17 22:14:01 - Activity detected (Raw files: 1, Approvals: false, Rejections: false). Invoking ingest script...
2026-07-17 22:14:06 - Activity detected (Raw files: 1, Approvals: false, Rejections: false). Invoking ingest script...
2026-07-17 22:14:11 - Activity detected (Raw files: 1, Approvals: false, Rejections: false). Invoking ingest script...
2026-07-17 22:14:16 - Activity detected (Raw files: 1, Approvals: false, Rejections: false). Invoking ingest script...
2026-07-17 22:14:21 - Activity detected (Raw files: 1, Approvals: false, Rejections: false). Invoking ingest script...
2026-07-17 22:14:26 - Activity detected (Raw files: 1, Approvals: false, Rejections: false). Invoking ingest script...
2026-07-17 22:14:31 - Activity detected (Raw files: 1, Approvals: false, Rejections: false). Invoking ingest script...
2026-07-17 22:14:37 - Activity detected (Raw files: 1, Approvals: false, Rejections: false). Invoking ingest script...
2026-07-17 22:14:42 - Activity detected (Raw files: 1, Approvals: false, Rejections: false). Invoking ingest script...
2026-07-17 22:14:47 - Activity detected (Raw files: 1, Approvals: false, Rejections: false). Invoking ingest script...
2026-07-17 22:14:52 - Activity detected (Raw files: 1, Approvals: false, Rejections: false). Invoking ingest script...
2026-07-17 22:14:57 - Activity detected (Raw files: 1, Approvals: false, Rejections: false). Invoking ingest script...
2026-07-17 22:15:02 - Activity detected (Raw files: 1, Approvals: false, Rejections: false). Invoking ingest script...
2026-07-17 22:15:07 - Activity detected (Raw files: 1, Approvals: false, Rejections: false). Invoking ingest script...
2026-07-17 22:15:12 - Activity detected (Raw files: 1, Approvals: false, Rejections: false). Invoking ingest script...
2026-07-17 22:15:17 - Activity detected (Raw files: 1, Approvals: false, Rejections: false). Invoking ingest script...
2026-07-17 22:15:22 - Activity detected (Raw files: 1, Approvals: false, Rejections: false). Invoking ingest script...
2026-07-17 22:15:27 - Activity detected (Raw files: 1, Approvals: false, Rejections: false). Invoking ingest script...
2026-07-17 22:15:32 - Activity detected (Raw files: 1, Approvals: false, Rejections: false). Invoking ingest script...
2026-07-17 22:20:53 - Activity detected (Raw files: 1, Approvals: false, Rejections: false). Invoking ingest script...
2026-07-17 22:20:56 - Activity detected (Raw files: 1, Approvals: false, Rejections: false). Invoking ingest script...
2026-07-17 22:21:01 - Activity detected (Raw files: 1, Approvals: false, Rejections: false). Invoking ingest script...
2026-07-17 22:21:06 - Activity detected (Raw files: 1, Approvals: false, Rejections: false). Invoking ingest script...
2026-07-17 22:21:11 - Activity detected (Raw files: 1, Approvals: false, Rejections: false). Invoking ingest script...
2026-07-17 22:21:16 - Activity detected (Raw files: 1, Approvals: false, Rejections: false). Invoking ingest script...
2026-07-17 22:21:22 - Activity detected (Raw files: 1, Approvals: false, Rejections: false). Invoking ingest script...
2026-07-17 22:21:27 - Activity detected (Raw files: 1, Approvals: false, Rejections: false). Invoking ingest script...
2026-07-17 22:21:32 - Activity detected (Raw files: 1, Approvals: false, Rejections: false). Invoking ingest script...
2026-07-17 22:21:37 - Activity detected (Raw files: 1, Approvals: false, Rejections: false). Invoking ingest script...
2026-07-17 22:21:42 - Activity detected (Raw files: 1, Approvals: false, Rejections: false). Invoking ingest script...
2026-07-17 22:21:47 - Activity detected (Raw files: 1, Approvals: false, Rejections: false). Invoking ingest script...
2026-07-17 22:21:52 - Activity detected (Raw files: 1, Approvals: false, Rejections: false). Invoking ingest script...
2026-07-17 22:21:57 - Activity detected (Raw files: 1, Approvals: false, Rejections: false). Invoking ingest script...
2026-07-17 22:22:02 - Activity detected (Raw files: 1, Approvals: false, Rejections: false). Invoking ingest script...
2026-07-17 22:22:07 - Activity detected (Raw files: 1, Approvals: false, Rejections: false). Invoking ingest script...
2026-07-17 22:22:12 - Activity detected (Raw files: 1, Approvals: false, Rejections: false). Invoking ingest script...
2026-07-17 22:22:17 - Activity detected (Raw files: 1, Approvals: false, Rejections: false). Invoking ingest script...
2026-07-17 22:22:22 - Activity detected (Raw files: 1, Approvals: false, Rejections: false). Invoking ingest script...
2026-07-17 22:22:28 - Activity detected (Raw files: 1, Approvals: false, Rejections: false). Invoking ingest script...
2026-07-17 22:22:33 - Activity detected (Raw files: 1, Approvals: false, Rejections: false). Invoking ingest script...
2026-07-17 22:22:38 - Activity detected (Raw files: 1, Approvals: false, Rejections: false). Invoking ingest script...
2026-07-17 22:22:43 - Activity detected (Raw files: 1, Approvals: false, Rejections: false). Invoking ingest script...
2026-07-17 22:22:48 - Activity detected (Raw files: 1, Approvals: false, Rejections: false). Invoking ingest script...
2026-07-17 22:22:53 - Activity detected (Raw files: 1, Approvals: false, Rejections: false). Invoking ingest script...
2026-07-17 22:22:58 - Activity detected (Raw files: 1, Approvals: false, Rejections: false). Invoking ingest script...
2026-07-17 22:23:03 - Activity detected (Raw files: 1, Approvals: false, Rejections: false). Invoking ingest script...
2026-07-17 22:23:08 - Activity detected (Raw files: 1, Approvals: false, Rejections: false). Invoking ingest script...
2026-07-17 22:23:13 - Activity detected (Raw files: 1, Approvals: false, Rejections: false). Invoking ingest script...
2026-07-17 22:23:18 - Activity detected (Raw files: 1, Approvals: false, Rejections: false). Invoking ingest script...
2026-07-17 22:23:23 - Activity detected (Raw files: 1, Approvals: false, Rejections: false). Invoking ingest script...
2026-07-17 22:23:28 - Activity detected (Raw files: 1, Approvals: false, Rejections: false). Invoking ingest script...
2026-07-17 22:23:49 - Activity detected (Raw files: 1, Approvals: false, Rejections: false). Invoking ingest script...
2026-07-17 22:25:35 - Activity detected (Raw files: 1, Approvals: false, Rejections: false). Invoking ingest script...
2026-07-17 22:25:40 - Activity detected (Raw files: 1, Approvals: false, Rejections: false). Invoking ingest script...
2026-07-17 22:25:45 - Activity detected (Raw files: 1, Approvals: false, Rejections: false). Invoking ingest script...
2026-07-17 22:25:50 - Activity detected (Raw files: 1, Approvals: false, Rejections: false). Invoking ingest script...
2026-07-17 22:25:55 - Activity detected (Raw files: 1, Approvals: false, Rejections: false). Invoking ingest script...
2026-07-17 22:26:00 - Activity detected (Raw files: 1, Approvals: false, Rejections: false). Invoking ingest script...
2026-07-17 22:26:05 - Activity detected (Raw files: 1, Approvals: false, Rejections: false). Invoking ingest script...
2026-07-17 22:26:11 - Activity detected (Raw files: 1, Approvals: false, Rejections: false). Invoking ingest script...
2026-07-17 22:26:16 - Activity detected (Raw files: 1, Approvals: false, Rejections: false). Invoking ingest script...
2026-07-17 22:26:21 - Activity detected (Raw files: 1, Approvals: false, Rejections: false). Invoking ingest script...
2026-07-17 22:26:26 - Activity detected (Raw files: 1, Approvals: false, Rejections: false). Invoking ingest script...
2026-07-17 22:26:31 - Activity detected (Raw files: 1, Approvals: false, Rejections: false). Invoking ingest script...
2026-07-17 22:26:36 - Activity detected (Raw files: 1, Approvals: false, Rejections: false). Invoking ingest script...
2026-07-17 22:26:41 - Activity detected (Raw files: 1, Approvals: false, Rejections: false). Invoking ingest script...
2026-07-17 22:26:46 - Activity detected (Raw files: 1, Approvals: false, Rejections: false). Invoking ingest script...
2026-07-17 22:26:51 - Activity detected (Raw files: 1, Approvals: false, Rejections: false). Invoking ingest script...
2026-07-17 22:26:56 - Activity detected (Raw files: 1, Approvals: false, Rejections: false). Invoking ingest script...
2026-07-17 22:27:01 - Activity detected (Raw files: 1, Approvals: false, Rejections: false). Invoking ingest script...
2026-07-17 22:27:06 - Activity detected (Raw files: 1, Approvals: false, Rejections: false). Invoking ingest script...
2026-07-17 22:27:11 - Activity detected (Raw files: 1, Approvals: false, Rejections: false). Invoking ingest script...
2026-07-17 22:27:17 - Activity detected (Raw files: 1, Approvals: false, Rejections: false). Invoking ingest script...
2026-07-17 22:27:22 - Activity detected (Raw files: 1, Approvals: false, Rejections: false). Invoking ingest script...
2026-07-17 22:27:27 - Activity detected (Raw files: 1, Approvals: false, Rejections: false). Invoking ingest script...
2026-07-17 22:27:32 - Activity detected (Raw files: 1, Approvals: false, Rejections: false). Invoking ingest script...
2026-07-17 22:27:37 - Activity detected (Raw files: 1, Approvals: false, Rejections: false). Invoking ingest script...
2026-07-17 22:27:42 - Activity detected (Raw files: 1, Approvals: false, Rejections: false). Invoking ingest script...
2026-07-17 22:27:47 - Activity detected (Raw files: 1, Approvals: false, Rejections: false). Invoking ingest script...
2026-07-17 22:27:52 - Activity detected (Raw files: 1, Approvals: false, Rejections: false). Invoking ingest script...
2026-07-17 22:27:57 - Activity detected (Raw files: 1, Approvals: false, Rejections: false). Invoking ingest script...
2026-07-17 22:28:02 - Activity detected (Raw files: 1, Approvals: false, Rejections: false). Invoking ingest script...
2026-07-17 22:28:07 - Activity detected (Raw files: 1, Approvals: false, Rejections: false). Invoking ingest script...
2026-07-17 22:28:12 - Activity detected (Raw files: 1, Approvals: false, Rejections: false). Invoking ingest script...
2026-07-17 22:28:18 - Activity detected (Raw files: 1, Approvals: false, Rejections: false). Invoking ingest script...
2026-07-17 22:28:23 - Activity detected (Raw files: 1, Approvals: false, Rejections: false). Invoking ingest script...
2026-07-17 22:28:28 - Activity detected (Raw files: 1, Approvals: false, Rejections: false). Invoking ingest script...
2026-07-17 22:28:33 - Activity detected (Raw files: 1, Approvals: false, Rejections: false). Invoking ingest script...
2026-07-17 22:28:38 - Activity detected (Raw files: 1, Approvals: false, Rejections: false). Invoking ingest script...
2026-07-17 22:28:43 - Activity detected (Raw files: 1, Approvals: false, Rejections: false). Invoking ingest script...
2026-07-17 22:28:48 - Activity detected (Raw files: 1, Approvals: false, Rejections: false). Invoking ingest script...
2026-07-17 22:28:53 - Activity detected (Raw files: 1, Approvals: false, Rejections: false). Invoking ingest script...
2026-07-17 22:28:58 - Activity detected (Raw files: 1, Approvals: false, Rejections: false). Invoking ingest script...
2026-07-17 22:29:03 - Activity detected (Raw files: 1, Approvals: false, Rejections: false). Invoking ingest script...
2026-07-17 22:29:08 - Activity detected (Raw files: 1, Approvals: false, Rejections: false). Invoking ingest script...
2026-07-17 22:29:13 - Activity detected (Raw files: 1, Approvals: false, Rejections: false). Invoking ingest script...
2026-07-17 22:29:18 - Activity detected (Raw files: 1, Approvals: false, Rejections: false). Invoking ingest script...
2026-07-17 22:29:23 - Activity detected (Raw files: 1, Approvals: false, Rejections: false). Invoking ingest script...
2026-07-17 22:29:29 - Activity detected (Raw files: 1, Approvals: false, Rejections: false). Invoking ingest script...
2026-07-17 22:29:34 - Activity detected (Raw files: 1, Approvals: false, Rejections: false). Invoking ingest script...
2026-07-17 22:29:39 - Activity detected (Raw files: 1, Approvals: false, Rejections: false). Invoking ingest script...
2026-07-17 22:29:44 - Activity detected (Raw files: 1, Approvals: false, Rejections: false). Invoking ingest script...
2026-07-17 22:29:49 - Activity detected (Raw files: 1, Approvals: false, Rejections: false). Invoking ingest script...
2026-07-17 22:29:54 - Activity detected (Raw files: 1, Approvals: false, Rejections: false). Invoking ingest script...
2026-07-17 22:29:59 - Activity detected (Raw files: 1, Approvals: false, Rejections: false). Invoking ingest script...
2026-07-17 22:30:04 - Activity detected (Raw files: 1, Approvals: false, Rejections: false). Invoking ingest script...
2026-07-18 13:00:12 - Obsidian running with pending reviews. Opening dashboard...
2026-07-18 13:00:12 - Obsidian running with pending reviews. Opening dashboard...
2026-07-18 14:44:31 - Activity detected (Raw files: 0, Approvals: true, Rejections: false). Invoking ingest script...
2026-07-18 14:44:31 - Activity detected (Raw files: 0, Approvals: true, Rejections: false). Invoking ingest script...
2026-07-18 14:44:36 - Activity detected (Raw files: 0, Approvals: true, Rejections: false). Invoking ingest script...
2026-07-18 14:44:41 - Activity detected (Raw files: 0, Approvals: true, Rejections: false). Invoking ingest script...
2026-07-18 14:44:46 - Activity detected (Raw files: 0, Approvals: true, Rejections: false). Invoking ingest script...
2026-07-18 14:44:51 - Activity detected (Raw files: 0, Approvals: true, Rejections: false). Invoking ingest script...
2026-07-18 14:44:56 - Activity detected (Raw files: 0, Approvals: true, Rejections: false). Invoking ingest script...
2026-07-18 14:45:01 - Activity detected (Raw files: 0, Approvals: true, Rejections: false). Invoking ingest script...
2026-07-18 14:45:06 - Activity detected (Raw files: 0, Approvals: true, Rejections: false). Invoking ingest script...
2026-07-18 14:45:11 - Activity detected (Raw files: 0, Approvals: true, Rejections: false). Invoking ingest script...
2026-07-18 14:45:16 - Activity detected (Raw files: 0, Approvals: true, Rejections: false). Invoking ingest script...
2026-07-18 14:45:22 - Activity detected (Raw files: 0, Approvals: true, Rejections: false). Invoking ingest script...
2026-07-18 14:46:02 - Activity detected (Raw files: 1, Approvals: false, Rejections: false). Invoking ingest script...
2026-07-18 14:46:04 - Activity detected (Raw files: 1, Approvals: false, Rejections: false). Invoking ingest script...
2026-07-18 14:46:09 - Activity detected (Raw files: 1, Approvals: false, Rejections: false). Invoking ingest script...
2026-07-18 14:46:14 - Activity detected (Raw files: 1, Approvals: false, Rejections: false). Invoking ingest script...
2026-07-18 14:47:25 - Activity detected (Raw files: 1, Approvals: false, Rejections: false). Invoking ingest script...
2026-07-18 14:47:30 - Activity detected (Raw files: 1, Approvals: false, Rejections: false). Invoking ingest script...
2026-07-18 14:47:35 - Activity detected (Raw files: 1, Approvals: false, Rejections: false). Invoking ingest script...
2026-07-18 15:00:13 - Activity detected (Raw files: 1, Approvals: false, Rejections: false). Invoking ingest script...
2026-07-18 15:00:15 - Activity detected (Raw files: 1, Approvals: false, Rejections: false). Invoking ingest script...
2026-07-18 15:00:18 - Activity detected (Raw files: 1, Approvals: false, Rejections: false). Invoking ingest script...
2026-07-18 15:00:20 - Activity detected (Raw files: 1, Approvals: false, Rejections: false). Invoking ingest script...
2026-07-18 15:00:23 - Activity detected (Raw files: 1, Approvals: false, Rejections: false). Invoking ingest script...
2026-07-18 15:00:25 - Activity detected (Raw files: 1, Approvals: false, Rejections: false). Invoking ingest script...
2026-07-18 15:00:28 - Activity detected (Raw files: 1, Approvals: false, Rejections: false). Invoking ingest script...
2026-07-18 15:00:30 - Activity detected (Raw files: 1, Approvals: false, Rejections: false). Invoking ingest script...
2026-07-18 15:00:33 - Activity detected (Raw files: 1, Approvals: false, Rejections: false). Invoking ingest script...
2026-07-18 15:00:35 - Activity detected (Raw files: 1, Approvals: false, Rejections: false). Invoking ingest script...
2026-07-18 15:00:38 - Activity detected (Raw files: 1, Approvals: false, Rejections: false). Invoking ingest script...
2026-07-18 15:00:40 - Activity detected (Raw files: 1, Approvals: false, Rejections: false). Invoking ingest script...
2026-07-18 15:00:43 - Activity detected (Raw files: 1, Approvals: false, Rejections: false). Invoking ingest script...
2026-07-18 15:00:45 - Activity detected (Raw files: 1, Approvals: false, Rejections: false). Invoking ingest script...
2026-07-18 15:00:48 - Activity detected (Raw files: 1, Approvals: false, Rejections: false). Invoking ingest script...
2026-07-18 15:00:50 - Activity detected (Raw files: 1, Approvals: false, Rejections: false). Invoking ingest script...
2026-07-18 15:00:53 - Activity detected (Raw files: 1, Approvals: false, Rejections: false). Invoking ingest script...
2026-07-18 15:00:55 - Activity detected (Raw files: 1, Approvals: false, Rejections: false). Invoking ingest script...
2026-07-18 15:00:58 - Activity detected (Raw files: 1, Approvals: false, Rejections: false). Invoking ingest script...
2026-07-18 15:01:00 - Activity detected (Raw files: 1, Approvals: false, Rejections: false). Invoking ingest script...
2026-07-18 15:01:04 - Activity detected (Raw files: 1, Approvals: false, Rejections: false). Invoking ingest script...
2026-07-18 15:01:06 - Activity detected (Raw files: 1, Approvals: false, Rejections: false). Invoking ingest script...
2026-07-18 15:01:09 - Activity detected (Raw files: 1, Approvals: false, Rejections: false). Invoking ingest script...
2026-07-18 15:01:11 - Activity detected (Raw files: 1, Approvals: false, Rejections: false). Invoking ingest script...
2026-07-18 15:01:14 - Activity detected (Raw files: 1, Approvals: false, Rejections: false). Invoking ingest script...
2026-07-18 15:01:16 - Activity detected (Raw files: 1, Approvals: false, Rejections: false). Invoking ingest script...
2026-07-18 15:01:19 - Activity detected (Raw files: 1, Approvals: false, Rejections: false). Invoking ingest script...
2026-07-18 15:01:21 - Activity detected (Raw files: 1, Approvals: false, Rejections: false). Invoking ingest script...
2026-07-18 15:01:24 - Activity detected (Raw files: 1, Approvals: false, Rejections: false). Invoking ingest script...
2026-07-18 15:01:26 - Activity detected (Raw files: 1, Approvals: false, Rejections: false). Invoking ingest script...
2026-07-18 15:01:29 - Activity detected (Raw files: 1, Approvals: false, Rejections: false). Invoking ingest script...
2026-07-18 15:01:31 - Activity detected (Raw files: 1, Approvals: false, Rejections: false). Invoking ingest script...
2026-07-18 15:01:34 - Activity detected (Raw files: 1, Approvals: false, Rejections: false). Invoking ingest script...
2026-07-18 15:01:36 - Activity detected (Raw files: 1, Approvals: false, Rejections: false). Invoking ingest script...
2026-07-18 15:01:39 - Activity detected (Raw files: 1, Approvals: false, Rejections: false). Invoking ingest script...
2026-07-18 15:01:41 - Activity detected (Raw files: 1, Approvals: false, Rejections: false). Invoking ingest script...
2026-07-18 15:01:44 - Activity detected (Raw files: 1, Approvals: false, Rejections: false). Invoking ingest script...
2026-07-18 15:01:46 - Activity detected (Raw files: 1, Approvals: false, Rejections: false). Invoking ingest script...
2026-07-18 15:01:49 - Activity detected (Raw files: 1, Approvals: false, Rejections: false). Invoking ingest script...
2026-07-18 15:01:51 - Activity detected (Raw files: 1, Approvals: false, Rejections: false). Invoking ingest script...
2026-07-18 15:01:54 - Activity detected (Raw files: 1, Approvals: false, Rejections: false). Invoking ingest script...
2026-07-18 15:01:56 - Activity detected (Raw files: 1, Approvals: false, Rejections: false). Invoking ingest script...
2026-07-18 15:01:59 - Activity detected (Raw files: 1, Approvals: false, Rejections: false). Invoking ingest script...
2026-07-18 15:02:01 - Activity detected (Raw files: 1, Approvals: false, Rejections: false). Invoking ingest script...
2026-07-18 15:02:04 - Activity detected (Raw files: 1, Approvals: false, Rejections: false). Invoking ingest script...
2026-07-18 15:02:06 - Activity detected (Raw files: 1, Approvals: false, Rejections: false). Invoking ingest script...
2026-07-18 15:02:09 - Activity detected (Raw files: 1, Approvals: false, Rejections: false). Invoking ingest script...
2026-07-18 15:02:12 - Activity detected (Raw files: 1, Approvals: false, Rejections: false). Invoking ingest script...
2026-07-18 15:02:15 - Activity detected (Raw files: 1, Approvals: false, Rejections: false). Invoking ingest script...
2026-07-18 15:02:17 - Activity detected (Raw files: 1, Approvals: false, Rejections: false). Invoking ingest script...
2026-07-18 15:02:20 - Activity detected (Raw files: 1, Approvals: false, Rejections: false). Invoking ingest script...
2026-07-18 15:02:22 - Activity detected (Raw files: 1, Approvals: false, Rejections: false). Invoking ingest script...
2026-07-18 15:02:25 - Activity detected (Raw files: 1, Approvals: false, Rejections: false). Invoking ingest script...
2026-07-18 15:02:27 - Activity detected (Raw files: 1, Approvals: false, Rejections: false). Invoking ingest script...
2026-07-18 15:02:30 - Activity detected (Raw files: 1, Approvals: false, Rejections: false). Invoking ingest script...
2026-07-18 15:02:32 - Activity detected (Raw files: 1, Approvals: false, Rejections: false). Invoking ingest script...
2026-07-18 15:02:35 - Activity detected (Raw files: 1, Approvals: false, Rejections: false). Invoking ingest script...
2026-07-18 15:02:37 - Activity detected (Raw files: 1, Approvals: false, Rejections: false). Invoking ingest script...
2026-07-18 15:02:40 - Activity detected (Raw files: 1, Approvals: false, Rejections: false). Invoking ingest script...
2026-07-18 15:02:42 - Activity detected (Raw files: 1, Approvals: false, Rejections: false). Invoking ingest script...
2026-07-18 15:02:45 - Activity detected (Raw files: 1, Approvals: false, Rejections: false). Invoking ingest script...
2026-07-18 15:02:47 - Activity detected (Raw files: 1, Approvals: false, Rejections: false). Invoking ingest script...
2026-07-18 15:02:50 - Activity detected (Raw files: 1, Approvals: false, Rejections: false). Invoking ingest script...
2026-07-18 15:02:52 - Activity detected (Raw files: 1, Approvals: false, Rejections: false). Invoking ingest script...
2026-07-18 15:03:02 - Activity detected (Raw files: 0, Approvals: false, Rejections: true). Invoking ingest script...
2026-07-18 15:04:26 - Activity detected (Raw files: 1, Approvals: false, Rejections: false). Invoking ingest script...
2026-07-18 15:04:28 - Activity detected (Raw files: 1, Approvals: false, Rejections: false). Invoking ingest script...
2026-07-18 15:04:32 - Activity detected (Raw files: 1, Approvals: false, Rejections: false). Invoking ingest script...
2026-07-18 15:04:34 - Activity detected (Raw files: 1, Approvals: false, Rejections: false). Invoking ingest script...
2026-07-18 15:04:37 - Activity detected (Raw files: 1, Approvals: false, Rejections: false). Invoking ingest script...
2026-07-18 15:04:39 - Activity detected (Raw files: 1, Approvals: false, Rejections: false). Invoking ingest script...
2026-07-18 15:04:42 - Activity detected (Raw files: 1, Approvals: false, Rejections: false). Invoking ingest script...
2026-07-18 15:04:44 - Activity detected (Raw files: 1, Approvals: false, Rejections: false). Invoking ingest script...
2026-07-18 15:04:47 - Activity detected (Raw files: 1, Approvals: false, Rejections: false). Invoking ingest script...
2026-07-18 15:04:49 - Activity detected (Raw files: 1, Approvals: false, Rejections: false). Invoking ingest script...
2026-07-18 15:04:52 - Activity detected (Raw files: 1, Approvals: false, Rejections: false). Invoking ingest script...
2026-07-18 15:04:54 - Activity detected (Raw files: 1, Approvals: false, Rejections: false). Invoking ingest script...
2026-07-18 15:04:57 - Activity detected (Raw files: 1, Approvals: false, Rejections: false). Invoking ingest script...
2026-07-18 15:04:59 - Activity detected (Raw files: 1, Approvals: false, Rejections: false). Invoking ingest script...
2026-07-18 15:05:02 - Activity detected (Raw files: 1, Approvals: false, Rejections: false). Invoking ingest script...
2026-07-18 15:05:04 - Activity detected (Raw files: 1, Approvals: false, Rejections: false). Invoking ingest script...
2026-07-18 15:05:07 - Activity detected (Raw files: 1, Approvals: false, Rejections: false). Invoking ingest script...
2026-07-18 15:05:09 - Activity detected (Raw files: 1, Approvals: false, Rejections: false). Invoking ingest script...
2026-07-18 15:05:12 - Activity detected (Raw files: 1, Approvals: false, Rejections: false). Invoking ingest script...
2026-07-18 15:05:14 - Activity detected (Raw files: 1, Approvals: false, Rejections: false). Invoking ingest script...
2026-07-18 15:05:17 - Activity detected (Raw files: 1, Approvals: false, Rejections: false). Invoking ingest script...
2026-07-18 15:05:19 - Activity detected (Raw files: 1, Approvals: false, Rejections: false). Invoking ingest script...
2026-07-18 15:05:22 - Activity detected (Raw files: 1, Approvals: false, Rejections: false). Invoking ingest script...
2026-07-18 15:05:24 - Activity detected (Raw files: 1, Approvals: false, Rejections: false). Invoking ingest script...
2026-07-18 15:05:27 - Activity detected (Raw files: 1, Approvals: false, Rejections: false). Invoking ingest script...
2026-07-18 15:05:29 - Activity detected (Raw files: 1, Approvals: false, Rejections: false). Invoking ingest script...
2026-07-18 15:05:32 - Activity detected (Raw files: 1, Approvals: false, Rejections: false). Invoking ingest script...
2026-07-18 15:05:34 - Activity detected (Raw files: 1, Approvals: false, Rejections: false). Invoking ingest script...
2026-07-18 15:05:38 - Activity detected (Raw files: 1, Approvals: false, Rejections: false). Invoking ingest script...
2026-07-18 15:05:40 - Activity detected (Raw files: 1, Approvals: false, Rejections: false). Invoking ingest script...
2026-07-18 15:05:43 - Activity detected (Raw files: 1, Approvals: false, Rejections: false). Invoking ingest script...
2026-07-18 15:05:45 - Activity detected (Raw files: 1, Approvals: false, Rejections: false). Invoking ingest script...
2026-07-18 15:05:48 - Activity detected (Raw files: 1, Approvals: false, Rejections: false). Invoking ingest script...
2026-07-18 15:05:50 - Activity detected (Raw files: 1, Approvals: false, Rejections: false). Invoking ingest script...
2026-07-18 15:05:53 - Activity detected (Raw files: 1, Approvals: false, Rejections: false). Invoking ingest script...
2026-07-18 15:05:55 - Activity detected (Raw files: 1, Approvals: false, Rejections: false). Invoking ingest script...
2026-07-18 15:05:58 - Activity detected (Raw files: 1, Approvals: false, Rejections: false). Invoking ingest script...
2026-07-18 15:06:00 - Activity detected (Raw files: 1, Approvals: false, Rejections: false). Invoking ingest script...
2026-07-18 15:06:03 - Activity detected (Raw files: 1, Approvals: false, Rejections: false). Invoking ingest script...
2026-07-18 15:06:05 - Activity detected (Raw files: 1, Approvals: false, Rejections: false). Invoking ingest script...
2026-07-18 15:06:08 - Activity detected (Raw files: 1, Approvals: false, Rejections: false). Invoking ingest script...
2026-07-18 15:06:10 - Activity detected (Raw files: 1, Approvals: false, Rejections: false). Invoking ingest script...
2026-07-18 15:06:13 - Activity detected (Raw files: 1, Approvals: false, Rejections: false). Invoking ingest script...
2026-07-18 15:06:15 - Activity detected (Raw files: 1, Approvals: false, Rejections: false). Invoking ingest script...
2026-07-18 15:06:18 - Activity detected (Raw files: 1, Approvals: false, Rejections: false). Invoking ingest script...
2026-07-18 15:06:20 - Activity detected (Raw files: 1, Approvals: false, Rejections: false). Invoking ingest script...
2026-07-18 15:06:23 - Activity detected (Raw files: 1, Approvals: false, Rejections: false). Invoking ingest script...
2026-07-18 15:06:25 - Activity detected (Raw files: 1, Approvals: false, Rejections: false). Invoking ingest script...
2026-07-18 15:06:28 - Activity detected (Raw files: 1, Approvals: false, Rejections: false). Invoking ingest script...
2026-07-18 15:06:30 - Activity detected (Raw files: 1, Approvals: false, Rejections: false). Invoking ingest script...
2026-07-18 15:06:33 - Activity detected (Raw files: 1, Approvals: false, Rejections: false). Invoking ingest script...
2026-07-18 15:06:35 - Activity detected (Raw files: 1, Approvals: false, Rejections: false). Invoking ingest script...
2026-07-18 15:06:38 - Activity detected (Raw files: 1, Approvals: false, Rejections: false). Invoking ingest script...
2026-07-18 15:06:40 - Activity detected (Raw files: 1, Approvals: false, Rejections: false). Invoking ingest script...
2026-07-18 15:06:43 - Activity detected (Raw files: 1, Approvals: false, Rejections: false). Invoking ingest script...
2026-07-18 15:06:46 - Activity detected (Raw files: 1, Approvals: false, Rejections: false). Invoking ingest script...
2026-07-18 15:06:49 - Activity detected (Raw files: 1, Approvals: false, Rejections: false). Invoking ingest script...
2026-07-18 15:06:51 - Activity detected (Raw files: 1, Approvals: false, Rejections: false). Invoking ingest script...
2026-07-18 15:06:54 - Activity detected (Raw files: 1, Approvals: false, Rejections: false). Invoking ingest script...
2026-07-18 15:06:56 - Activity detected (Raw files: 1, Approvals: false, Rejections: false). Invoking ingest script...
2026-07-18 15:06:59 - Activity detected (Raw files: 1, Approvals: false, Rejections: false). Invoking ingest script...
2026-07-18 15:07:01 - Activity detected (Raw files: 1, Approvals: false, Rejections: false). Invoking ingest script...
2026-07-18 15:07:04 - Activity detected (Raw files: 1, Approvals: false, Rejections: false). Invoking ingest script...
2026-07-18 15:07:06 - Activity detected (Raw files: 1, Approvals: false, Rejections: false). Invoking ingest script...
2026-07-18 15:07:09 - Activity detected (Raw files: 1, Approvals: false, Rejections: false). Invoking ingest script...
2026-07-18 15:07:11 - Activity detected (Raw files: 1, Approvals: false, Rejections: false). Invoking ingest script...
2026-07-18 15:09:01 - Activity detected (Raw files: 0, Approvals: true, Rejections: false). Invoking ingest script...
2026-07-18 15:09:02 - Activity detected (Raw files: 0, Approvals: true, Rejections: false). Invoking ingest script...
2026-07-18 15:09:06 - Activity detected (Raw files: 0, Approvals: true, Rejections: false). Invoking ingest script...
2026-07-18 15:09:08 - Activity detected (Raw files: 0, Approvals: true, Rejections: false). Invoking ingest script...
2026-07-18 15:09:11 - Activity detected (Raw files: 0, Approvals: true, Rejections: false). Invoking ingest script...
2026-07-18 15:09:13 - Activity detected (Raw files: 0, Approvals: true, Rejections: false). Invoking ingest script...
2026-07-18 15:09:16 - Activity detected (Raw files: 0, Approvals: true, Rejections: false). Invoking ingest script...
2026-07-18 15:09:18 - Activity detected (Raw files: 0, Approvals: true, Rejections: false). Invoking ingest script...
2026-07-18 15:09:21 - Activity detected (Raw files: 0, Approvals: true, Rejections: false). Invoking ingest script...
2026-07-18 15:09:23 - Activity detected (Raw files: 0, Approvals: true, Rejections: false). Invoking ingest script...
2026-07-18 15:09:26 - Activity detected (Raw files: 0, Approvals: true, Rejections: false). Invoking ingest script...
2026-07-18 15:09:28 - Activity detected (Raw files: 0, Approvals: true, Rejections: false). Invoking ingest script...
2026-07-18 15:09:31 - Activity detected (Raw files: 0, Approvals: true, Rejections: false). Invoking ingest script...
2026-07-18 15:09:33 - Activity detected (Raw files: 0, Approvals: true, Rejections: false). Invoking ingest script...
2026-07-18 15:09:36 - Activity detected (Raw files: 0, Approvals: true, Rejections: false). Invoking ingest script...
2026-07-18 15:09:38 - Activity detected (Raw files: 0, Approvals: true, Rejections: false). Invoking ingest script...
2026-07-18 15:09:41 - Activity detected (Raw files: 0, Approvals: true, Rejections: false). Invoking ingest script...
2026-07-18 15:09:43 - Activity detected (Raw files: 0, Approvals: true, Rejections: false). Invoking ingest script...
2026-07-18 15:09:46 - Activity detected (Raw files: 0, Approvals: true, Rejections: false). Invoking ingest script...
2026-07-18 15:09:48 - Activity detected (Raw files: 0, Approvals: true, Rejections: false). Invoking ingest script...
2026-07-18 15:09:51 - Activity detected (Raw files: 0, Approvals: true, Rejections: false). Invoking ingest script...
2026-07-18 15:09:53 - Activity detected (Raw files: 0, Approvals: true, Rejections: false). Invoking ingest script...
2026-07-18 15:09:56 - Activity detected (Raw files: 0, Approvals: true, Rejections: false). Invoking ingest script...
2026-07-18 15:09:58 - Activity detected (Raw files: 0, Approvals: true, Rejections: false). Invoking ingest script...
2026-07-18 15:10:01 - Activity detected (Raw files: 0, Approvals: true, Rejections: false). Invoking ingest script...
2026-07-18 15:10:03 - Activity detected (Raw files: 0, Approvals: true, Rejections: false). Invoking ingest script...
2026-07-18 15:10:07 - Activity detected (Raw files: 0, Approvals: true, Rejections: false). Invoking ingest script...
2026-07-18 15:10:08 - Activity detected (Raw files: 0, Approvals: true, Rejections: false). Invoking ingest script...
2026-07-18 15:10:12 - Activity detected (Raw files: 0, Approvals: true, Rejections: false). Invoking ingest script...
2026-07-18 15:10:13 - Activity detected (Raw files: 0, Approvals: true, Rejections: false). Invoking ingest script...
2026-07-18 15:10:17 - Activity detected (Raw files: 0, Approvals: true, Rejections: false). Invoking ingest script...
2026-07-18 15:10:19 - Activity detected (Raw files: 0, Approvals: true, Rejections: false). Invoking ingest script...
2026-07-18 15:10:22 - Activity detected (Raw files: 0, Approvals: true, Rejections: false). Invoking ingest script...
2026-07-18 15:10:24 - Activity detected (Raw files: 0, Approvals: true, Rejections: false). Invoking ingest script...
2026-07-18 15:10:27 - Activity detected (Raw files: 0, Approvals: true, Rejections: false). Invoking ingest script...
2026-07-18 15:10:29 - Activity detected (Raw files: 0, Approvals: true, Rejections: false). Invoking ingest script...
2026-07-18 15:10:32 - Activity detected (Raw files: 0, Approvals: true, Rejections: false). Invoking ingest script...
2026-07-18 15:10:34 - Activity detected (Raw files: 0, Approvals: true, Rejections: false). Invoking ingest script...
2026-07-18 15:10:37 - Activity detected (Raw files: 0, Approvals: true, Rejections: false). Invoking ingest script...
2026-07-18 15:10:39 - Activity detected (Raw files: 0, Approvals: true, Rejections: false). Invoking ingest script...
2026-07-18 15:10:42 - Activity detected (Raw files: 0, Approvals: true, Rejections: false). Invoking ingest script...
2026-07-18 15:10:44 - Activity detected (Raw files: 0, Approvals: true, Rejections: false). Invoking ingest script...
2026-07-18 15:10:47 - Activity detected (Raw files: 0, Approvals: true, Rejections: false). Invoking ingest script...
2026-07-18 15:10:49 - Activity detected (Raw files: 0, Approvals: true, Rejections: false). Invoking ingest script...
2026-07-18 15:10:52 - Activity detected (Raw files: 1, Approvals: true, Rejections: false). Invoking ingest script...
2026-07-18 15:10:54 - Activity detected (Raw files: 1, Approvals: true, Rejections: false). Invoking ingest script...
2026-07-18 15:10:58 - Activity detected (Raw files: 1, Approvals: true, Rejections: false). Invoking ingest script...
2026-07-18 15:10:59 - Activity detected (Raw files: 1, Approvals: true, Rejections: false). Invoking ingest script...
2026-07-18 15:11:03 - Activity detected (Raw files: 1, Approvals: true, Rejections: false). Invoking ingest script...
2026-07-18 15:11:04 - Activity detected (Raw files: 1, Approvals: true, Rejections: false). Invoking ingest script...
2026-07-18 15:11:08 - Activity detected (Raw files: 1, Approvals: true, Rejections: false). Invoking ingest script...
2026-07-18 15:11:09 - Activity detected (Raw files: 1, Approvals: true, Rejections: false). Invoking ingest script...
2026-07-18 15:11:13 - Activity detected (Raw files: 1, Approvals: true, Rejections: false). Invoking ingest script...
2026-07-18 15:11:15 - Activity detected (Raw files: 1, Approvals: true, Rejections: false). Invoking ingest script...
2026-07-18 15:11:18 - Activity detected (Raw files: 1, Approvals: true, Rejections: false). Invoking ingest script...
2026-07-18 15:11:20 - Activity detected (Raw files: 1, Approvals: true, Rejections: false). Invoking ingest script...
2026-07-18 15:11:23 - Activity detected (Raw files: 1, Approvals: true, Rejections: false). Invoking ingest script...
2026-07-18 15:11:25 - Activity detected (Raw files: 1, Approvals: true, Rejections: false). Invoking ingest script...
2026-07-18 15:11:28 - Activity detected (Raw files: 1, Approvals: true, Rejections: false). Invoking ingest script...
2026-07-18 15:11:30 - Activity detected (Raw files: 1, Approvals: true, Rejections: false). Invoking ingest script...
2026-07-18 15:11:33 - Activity detected (Raw files: 1, Approvals: true, Rejections: false). Invoking ingest script...
2026-07-18 15:11:35 - Activity detected (Raw files: 1, Approvals: true, Rejections: false). Invoking ingest script...
2026-07-18 15:11:38 - Activity detected (Raw files: 1, Approvals: true, Rejections: false). Invoking ingest script...
2026-07-18 15:11:40 - Activity detected (Raw files: 1, Approvals: true, Rejections: false). Invoking ingest script...
2026-07-18 15:11:43 - Activity detected (Raw files: 1, Approvals: true, Rejections: false). Invoking ingest script...
2026-07-18 15:11:45 - Activity detected (Raw files: 1, Approvals: true, Rejections: false). Invoking ingest script...
2026-07-18 15:11:48 - Activity detected (Raw files: 1, Approvals: true, Rejections: false). Invoking ingest script...
2026-07-18 15:11:50 - Activity detected (Raw files: 1, Approvals: true, Rejections: false). Invoking ingest script...
2026-07-18 15:11:53 - Activity detected (Raw files: 1, Approvals: true, Rejections: false). Invoking ingest script...
2026-07-18 15:11:55 - Activity detected (Raw files: 1, Approvals: true, Rejections: false). Invoking ingest script...
2026-07-18 15:11:59 - Activity detected (Raw files: 1, Approvals: true, Rejections: false). Invoking ingest script...
2026-07-18 15:12:00 - Activity detected (Raw files: 1, Approvals: true, Rejections: false). Invoking ingest script...
2026-07-18 15:12:04 - Activity detected (Raw files: 1, Approvals: true, Rejections: false). Invoking ingest script...
2026-07-18 15:12:05 - Activity detected (Raw files: 1, Approvals: true, Rejections: false). Invoking ingest script...
2026-07-18 15:12:09 - Activity detected (Raw files: 1, Approvals: true, Rejections: false). Invoking ingest script...
2026-07-18 15:12:10 - Activity detected (Raw files: 1, Approvals: true, Rejections: false). Invoking ingest script...
2026-07-18 15:12:14 - Activity detected (Raw files: 1, Approvals: true, Rejections: false). Invoking ingest script...
2026-07-18 15:12:16 - Activity detected (Raw files: 1, Approvals: true, Rejections: false). Invoking ingest script...
2026-07-18 15:12:19 - Activity detected (Raw files: 1, Approvals: true, Rejections: false). Invoking ingest script...
2026-07-18 15:12:21 - Activity detected (Raw files: 1, Approvals: true, Rejections: false). Invoking ingest script...
2026-07-18 15:12:24 - Activity detected (Raw files: 1, Approvals: true, Rejections: false). Invoking ingest script...
2026-07-18 15:12:26 - Activity detected (Raw files: 1, Approvals: true, Rejections: false). Invoking ingest script...
2026-07-18 15:12:29 - Activity detected (Raw files: 1, Approvals: true, Rejections: false). Invoking ingest script...
2026-07-18 15:12:31 - Activity detected (Raw files: 1, Approvals: true, Rejections: false). Invoking ingest script...
2026-07-18 15:12:34 - Activity detected (Raw files: 1, Approvals: true, Rejections: false). Invoking ingest script...
2026-07-18 15:12:36 - Activity detected (Raw files: 1, Approvals: true, Rejections: false). Invoking ingest script...
2026-07-18 15:12:39 - Activity detected (Raw files: 1, Approvals: true, Rejections: false). Invoking ingest script...
2026-07-18 15:12:41 - Activity detected (Raw files: 1, Approvals: true, Rejections: false). Invoking ingest script...
2026-07-18 15:12:44 - Activity detected (Raw files: 1, Approvals: true, Rejections: false). Invoking ingest script...
2026-07-18 15:12:46 - Activity detected (Raw files: 1, Approvals: true, Rejections: false). Invoking ingest script...
2026-07-18 15:12:49 - Activity detected (Raw files: 1, Approvals: true, Rejections: false). Invoking ingest script...
2026-07-18 15:12:51 - Activity detected (Raw files: 1, Approvals: true, Rejections: false). Invoking ingest script...
2026-07-18 15:12:54 - Activity detected (Raw files: 1, Approvals: true, Rejections: false). Invoking ingest script...
2026-07-18 15:12:56 - Activity detected (Raw files: 1, Approvals: true, Rejections: false). Invoking ingest script...
2026-07-18 15:13:00 - Activity detected (Raw files: 1, Approvals: true, Rejections: false). Invoking ingest script...
2026-07-18 15:13:01 - Activity detected (Raw files: 1, Approvals: true, Rejections: false). Invoking ingest script...
2026-07-18 15:13:05 - Activity detected (Raw files: 1, Approvals: true, Rejections: false). Invoking ingest script...
2026-07-18 15:13:06 - Activity detected (Raw files: 1, Approvals: true, Rejections: false). Invoking ingest script...
2026-07-18 15:13:10 - Activity detected (Raw files: 1, Approvals: true, Rejections: false). Invoking ingest script...
2026-07-18 15:13:11 - Activity detected (Raw files: 1, Approvals: true, Rejections: false). Invoking ingest script...
2026-07-18 15:13:15 - Activity detected (Raw files: 1, Approvals: true, Rejections: false). Invoking ingest script...
2026-07-18 15:13:16 - Activity detected (Raw files: 1, Approvals: true, Rejections: false). Invoking ingest script...
2026-07-18 15:13:20 - Activity detected (Raw files: 1, Approvals: true, Rejections: false). Invoking ingest script...
2026-07-18 15:13:22 - Activity detected (Raw files: 1, Approvals: true, Rejections: false). Invoking ingest script...
2026-07-18 15:13:25 - Activity detected (Raw files: 1, Approvals: true, Rejections: false). Invoking ingest script...
2026-07-18 15:13:27 - Activity detected (Raw files: 1, Approvals: true, Rejections: false). Invoking ingest script...
2026-07-18 15:13:30 - Activity detected (Raw files: 1, Approvals: true, Rejections: false). Invoking ingest script...
2026-07-18 15:13:32 - Activity detected (Raw files: 1, Approvals: true, Rejections: false). Invoking ingest script...
2026-07-18 15:13:35 - Activity detected (Raw files: 1, Approvals: true, Rejections: false). Invoking ingest script...
2026-07-18 15:13:37 - Activity detected (Raw files: 1, Approvals: true, Rejections: false). Invoking ingest script...
2026-07-18 15:13:40 - Activity detected (Raw files: 1, Approvals: true, Rejections: false). Invoking ingest script...
2026-07-18 15:13:42 - Activity detected (Raw files: 1, Approvals: true, Rejections: false). Invoking ingest script...
2026-07-18 15:13:45 - Activity detected (Raw files: 1, Approvals: false, Rejections: false). Invoking ingest script...
2026-07-18 15:13:47 - Activity detected (Raw files: 1, Approvals: false, Rejections: false). Invoking ingest script...
2026-07-18 15:13:50 - Activity detected (Raw files: 1, Approvals: false, Rejections: false). Invoking ingest script...
2026-07-18 15:13:52 - Activity detected (Raw files: 1, Approvals: false, Rejections: false). Invoking ingest script...
2026-07-18 15:13:55 - Activity detected (Raw files: 1, Approvals: false, Rejections: false). Invoking ingest script...
2026-07-18 15:13:57 - Activity detected (Raw files: 1, Approvals: false, Rejections: false). Invoking ingest script...
2026-07-18 15:14:00 - Activity detected (Raw files: 1, Approvals: false, Rejections: false). Invoking ingest script...
2026-07-18 15:14:02 - Activity detected (Raw files: 1, Approvals: false, Rejections: false). Invoking ingest script...
2026-07-18 15:14:06 - Activity detected (Raw files: 1, Approvals: false, Rejections: false). Invoking ingest script...
2026-07-18 15:14:07 - Activity detected (Raw files: 1, Approvals: false, Rejections: false). Invoking ingest script...
2026-07-18 15:14:11 - Activity detected (Raw files: 1, Approvals: false, Rejections: false). Invoking ingest script...
2026-07-18 15:14:12 - Activity detected (Raw files: 1, Approvals: false, Rejections: false). Invoking ingest script...
2026-07-18 15:14:16 - Activity detected (Raw files: 1, Approvals: false, Rejections: false). Invoking ingest script...
2026-07-18 15:14:18 - Activity detected (Raw files: 1, Approvals: false, Rejections: false). Invoking ingest script...
2026-07-18 15:14:21 - Activity detected (Raw files: 1, Approvals: false, Rejections: false). Invoking ingest script...
2026-07-18 15:14:23 - Activity detected (Raw files: 1, Approvals: false, Rejections: false). Invoking ingest script...
2026-07-18 15:14:26 - Activity detected (Raw files: 1, Approvals: false, Rejections: false). Invoking ingest script...
2026-07-18 15:14:28 - Activity detected (Raw files: 1, Approvals: false, Rejections: false). Invoking ingest script...
2026-07-18 15:14:31 - Activity detected (Raw files: 1, Approvals: false, Rejections: false). Invoking ingest script...
2026-07-18 15:14:33 - Activity detected (Raw files: 1, Approvals: false, Rejections: false). Invoking ingest script...
2026-07-18 15:14:36 - Activity detected (Raw files: 1, Approvals: false, Rejections: false). Invoking ingest script...
2026-07-18 15:14:38 - Activity detected (Raw files: 1, Approvals: false, Rejections: false). Invoking ingest script...
2026-07-18 15:14:41 - Activity detected (Raw files: 1, Approvals: false, Rejections: false). Invoking ingest script...
2026-07-18 15:14:43 - Activity detected (Raw files: 1, Approvals: false, Rejections: false). Invoking ingest script...
2026-07-18 15:14:46 - Activity detected (Raw files: 1, Approvals: false, Rejections: false). Invoking ingest script...
2026-07-18 15:14:48 - Activity detected (Raw files: 1, Approvals: false, Rejections: false). Invoking ingest script...
2026-07-18 15:14:51 - Activity detected (Raw files: 1, Approvals: false, Rejections: false). Invoking ingest script...
2026-07-18 15:14:53 - Activity detected (Raw files: 1, Approvals: false, Rejections: false). Invoking ingest script...
2026-07-18 15:14:56 - Activity detected (Raw files: 1, Approvals: false, Rejections: false). Invoking ingest script...
2026-07-18 15:14:58 - Activity detected (Raw files: 1, Approvals: false, Rejections: false). Invoking ingest script...
2026-07-18 15:15:01 - Activity detected (Raw files: 1, Approvals: false, Rejections: false). Invoking ingest script...
2026-07-18 15:15:03 - Activity detected (Raw files: 1, Approvals: false, Rejections: false). Invoking ingest script...
2026-07-18 15:15:07 - Activity detected (Raw files: 1, Approvals: false, Rejections: false). Invoking ingest script...
2026-07-18 15:15:08 - Activity detected (Raw files: 1, Approvals: false, Rejections: false). Invoking ingest script...
2026-07-18 15:15:12 - Activity detected (Raw files: 1, Approvals: false, Rejections: false). Invoking ingest script...
2026-07-18 15:15:13 - Activity detected (Raw files: 1, Approvals: false, Rejections: false). Invoking ingest script...
2026-07-18 15:15:17 - Activity detected (Raw files: 1, Approvals: false, Rejections: false). Invoking ingest script...
2026-07-18 15:15:18 - Activity detected (Raw files: 1, Approvals: false, Rejections: false). Invoking ingest script...
2026-07-18 15:15:22 - Activity detected (Raw files: 1, Approvals: false, Rejections: false). Invoking ingest script...
2026-07-18 15:15:24 - Activity detected (Raw files: 1, Approvals: false, Rejections: false). Invoking ingest script...
2026-07-18 15:15:27 - Activity detected (Raw files: 1, Approvals: false, Rejections: false). Invoking ingest script...
2026-07-18 15:15:29 - Activity detected (Raw files: 1, Approvals: false, Rejections: false). Invoking ingest script...
2026-07-18 15:15:32 - Activity detected (Raw files: 1, Approvals: false, Rejections: false). Invoking ingest script...
2026-07-18 15:15:34 - Activity detected (Raw files: 1, Approvals: false, Rejections: false). Invoking ingest script...
2026-07-18 15:15:37 - Activity detected (Raw files: 1, Approvals: false, Rejections: false). Invoking ingest script...
2026-07-18 15:15:39 - Activity detected (Raw files: 1, Approvals: false, Rejections: false). Invoking ingest script...
2026-07-18 15:15:42 - Activity detected (Raw files: 1, Approvals: false, Rejections: false). Invoking ingest script...
2026-07-18 15:15:44 - Activity detected (Raw files: 1, Approvals: false, Rejections: false). Invoking ingest script...
2026-07-18 15:15:47 - Activity detected (Raw files: 1, Approvals: false, Rejections: false). Invoking ingest script...
2026-07-18 15:15:49 - Activity detected (Raw files: 1, Approvals: false, Rejections: false). Invoking ingest script...
2026-07-18 15:15:52 - Activity detected (Raw files: 1, Approvals: false, Rejections: false). Invoking ingest script...
2026-07-18 15:15:54 - Activity detected (Raw files: 1, Approvals: false, Rejections: false). Invoking ingest script...
2026-07-18 15:15:57 - Activity detected (Raw files: 1, Approvals: false, Rejections: false). Invoking ingest script...
2026-07-18 15:15:59 - Activity detected (Raw files: 1, Approvals: false, Rejections: false). Invoking ingest script...
2026-07-18 15:16:02 - Activity detected (Raw files: 1, Approvals: false, Rejections: false). Invoking ingest script...
2026-07-18 15:16:04 - Activity detected (Raw files: 1, Approvals: false, Rejections: false). Invoking ingest script...
2026-07-18 15:16:08 - Activity detected (Raw files: 1, Approvals: false, Rejections: false). Invoking ingest script...
2026-07-18 15:16:09 - Activity detected (Raw files: 1, Approvals: false, Rejections: false). Invoking ingest script...
2026-07-18 15:16:13 - Activity detected (Raw files: 1, Approvals: false, Rejections: false). Invoking ingest script...
2026-07-18 15:16:14 - Activity detected (Raw files: 1, Approvals: false, Rejections: false). Invoking ingest script...
2026-07-18 15:16:18 - Activity detected (Raw files: 1, Approvals: false, Rejections: false). Invoking ingest script...
2026-07-18 15:16:19 - Activity detected (Raw files: 1, Approvals: false, Rejections: false). Invoking ingest script...
2026-07-18 15:16:23 - Activity detected (Raw files: 1, Approvals: false, Rejections: false). Invoking ingest script...
2026-07-18 15:16:24 - Activity detected (Raw files: 1, Approvals: false, Rejections: false). Invoking ingest script...
2026-07-18 15:16:28 - Activity detected (Raw files: 1, Approvals: false, Rejections: false). Invoking ingest script...
2026-07-18 15:16:55 - Activity detected (Raw files: 1, Approvals: false, Rejections: false). Invoking ingest script...
2026-07-18 15:16:59 - Activity detected (Raw files: 1, Approvals: false, Rejections: false). Invoking ingest script...
2026-07-18 15:17:01 - Activity detected (Raw files: 1, Approvals: false, Rejections: false). Invoking ingest script...
2026-07-18 15:17:04 - Activity detected (Raw files: 1, Approvals: false, Rejections: false). Invoking ingest script...
2026-07-18 15:18:36 - Activity detected (Raw files: 1, Approvals: false, Rejections: false). Invoking ingest script...
2026-07-18 15:18:39 - Activity detected (Raw files: 1, Approvals: false, Rejections: false). Invoking ingest script...
2026-07-18 15:18:41 - Activity detected (Raw files: 1, Approvals: false, Rejections: false). Invoking ingest script...
2026-07-18 15:18:44 - Activity detected (Raw files: 1, Approvals: false, Rejections: false). Invoking ingest script...
2026-07-18 15:18:46 - Activity detected (Raw files: 1, Approvals: false, Rejections: false). Invoking ingest script...
2026-07-18 15:18:49 - Activity detected (Raw files: 1, Approvals: false, Rejections: false). Invoking ingest script...
2026-07-18 15:18:52 - Activity detected (Raw files: 1, Approvals: false, Rejections: false). Invoking ingest script...
2026-07-18 15:18:55 - Activity detected (Raw files: 1, Approvals: false, Rejections: false). Invoking ingest script...
2026-07-18 15:18:57 - Activity detected (Raw files: 1, Approvals: false, Rejections: false). Invoking ingest script...
2026-07-18 15:19:00 - Activity detected (Raw files: 1, Approvals: false, Rejections: false). Invoking ingest script...
2026-07-18 15:19:02 - Activity detected (Raw files: 1, Approvals: false, Rejections: false). Invoking ingest script...
2026-07-18 15:19:05 - Activity detected (Raw files: 1, Approvals: false, Rejections: false). Invoking ingest script...
2026-07-18 15:19:07 - Activity detected (Raw files: 1, Approvals: false, Rejections: false). Invoking ingest script...
2026-07-18 15:19:11 - Activity detected (Raw files: 1, Approvals: false, Rejections: false). Invoking ingest script...
2026-07-18 15:19:13 - Activity detected (Raw files: 1, Approvals: false, Rejections: false). Invoking ingest script...
2026-07-18 15:19:16 - Activity detected (Raw files: 1, Approvals: false, Rejections: false). Invoking ingest script...
2026-07-18 15:19:18 - Activity detected (Raw files: 1, Approvals: false, Rejections: false). Invoking ingest script...
2026-07-18 15:19:21 - Activity detected (Raw files: 1, Approvals: false, Rejections: false). Invoking ingest script...
2026-07-18 15:19:32 - Activity detected (Raw files: 1, Approvals: false, Rejections: false). Invoking ingest script...
2026-07-18 15:19:35 - Activity detected (Raw files: 1, Approvals: false, Rejections: false). Invoking ingest script...
2026-07-18 15:19:37 - Activity detected (Raw files: 1, Approvals: false, Rejections: false). Invoking ingest script...
2026-07-18 15:19:40 - Activity detected (Raw files: 1, Approvals: false, Rejections: false). Invoking ingest script...
2026-07-18 15:19:42 - Activity detected (Raw files: 1, Approvals: false, Rejections: false). Invoking ingest script...
2026-07-18 15:19:45 - Activity detected (Raw files: 1, Approvals: false, Rejections: false). Invoking ingest script...
2026-07-18 15:37:28 - Activity detected (Raw files: 1, Approvals: false, Rejections: false). Invoking ingest script...
2026-07-18 15:37:31 - Activity detected (Raw files: 1, Approvals: false, Rejections: false). Invoking ingest script...
2026-07-18 15:53:17 - Activity detected (Raw files: 1, Approvals: false, Rejections: false). Invoking ingest script...
2026-07-18 15:53:20 - Activity detected (Raw files: 1, Approvals: false, Rejections: false). Invoking ingest script...
2026-07-18 16:11:02 - Activity detected (Raw files: 1, Approvals: false, Rejections: false). Invoking ingest script...
2026-07-18 16:11:06 - Activity detected (Raw files: 1, Approvals: false, Rejections: false). Invoking ingest script...
2026-07-18 16:27:43 - Activity detected (Raw files: 1, Approvals: false, Rejections: false). Invoking ingest script...
2026-07-18 16:27:46 - Activity detected (Raw files: 1, Approvals: false, Rejections: false). Invoking ingest script...
2026-07-18 16:27:57 - Activity detected (Raw files: 1, Approvals: false, Rejections: false). Invoking ingest script...
2026-07-18 16:28:00 - Activity detected (Raw files: 1, Approvals: false, Rejections: false). Invoking ingest script...
2026-07-18 16:28:02 - Activity detected (Raw files: 1, Approvals: false, Rejections: false). Invoking ingest script...
2026-07-18 16:28:05 - Activity detected (Raw files: 1, Approvals: false, Rejections: false). Invoking ingest script...
2026-07-18 16:28:07 - Activity detected (Raw files: 1, Approvals: false, Rejections: false). Invoking ingest script...
2026-07-18 16:28:10 - Activity detected (Raw files: 1, Approvals: false, Rejections: false). Invoking ingest script...
2026-07-18 16:28:12 - Activity detected (Raw files: 1, Approvals: false, Rejections: false). Invoking ingest script...
2026-07-18 16:28:52 - Activity detected (Raw files: 1, Approvals: false, Rejections: false). Invoking ingest script...
2026-07-18 16:28:53 - Activity detected (Raw files: 1, Approvals: false, Rejections: false). Invoking ingest script...
2026-07-18 16:28:57 - Activity detected (Raw files: 1, Approvals: false, Rejections: false). Invoking ingest script...
2026-07-18 16:28:58 - Activity detected (Raw files: 1, Approvals: false, Rejections: false). Invoking ingest script...
2026-07-18 16:29:43 - Activity detected (Raw files: 1, Approvals: false, Rejections: false). Invoking ingest script...
2026-07-18 16:29:45 - Activity detected (Raw files: 1, Approvals: false, Rejections: false). Invoking ingest script...
2026-07-18 16:29:48 - Activity detected (Raw files: 1, Approvals: false, Rejections: false). Invoking ingest script...
2026-07-18 16:29:50 - Activity detected (Raw files: 1, Approvals: false, Rejections: false). Invoking ingest script...
2026-07-18 16:46:19 - Activity detected (Raw files: 1, Approvals: false, Rejections: false). Invoking ingest script...
2026-07-18 16:46:21 - Activity detected (Raw files: 1, Approvals: false, Rejections: false). Invoking ingest script...
2026-07-18 16:46:26 - Activity detected (Raw files: 1, Approvals: false, Rejections: false). Invoking ingest script...
2026-07-18 16:46:28 - Activity detected (Raw files: 1, Approvals: false, Rejections: false). Invoking ingest script...
2026-07-18 16:46:31 - Activity detected (Raw files: 1, Approvals: false, Rejections: false). Invoking ingest script...
2026-07-18 16:46:33 - Activity detected (Raw files: 1, Approvals: false, Rejections: false). Invoking ingest script...
2026-07-18 16:46:36 - Activity detected (Raw files: 1, Approvals: false, Rejections: false). Invoking ingest script...
2026-07-18 16:50:17 - Activity detected (Raw files: 1, Approvals: false, Rejections: false). Invoking ingest script...
2026-07-18 16:50:20 - Activity detected (Raw files: 1, Approvals: false, Rejections: false). Invoking ingest script...
2026-07-18 16:50:22 - Activity detected (Raw files: 1, Approvals: false, Rejections: false). Invoking ingest script...
2026-07-18 16:50:26 - Activity detected (Raw files: 1, Approvals: false, Rejections: false). Invoking ingest script...
2026-07-18 16:50:27 - Activity detected (Raw files: 1, Approvals: false, Rejections: false). Invoking ingest script...
2026-07-18 16:50:31 - Activity detected (Raw files: 1, Approvals: false, Rejections: false). Invoking ingest script...
2026-07-18 16:50:32 - Activity detected (Raw files: 1, Approvals: false, Rejections: false). Invoking ingest script...
2026-07-18 16:50:36 - Activity detected (Raw files: 1, Approvals: false, Rejections: false). Invoking ingest script...
2026-07-18 16:50:38 - Activity detected (Raw files: 1, Approvals: false, Rejections: false). Invoking ingest script...
2026-07-18 16:50:41 - Activity detected (Raw files: 1, Approvals: false, Rejections: false). Invoking ingest script...
2026-07-18 16:50:43 - Activity detected (Raw files: 1, Approvals: false, Rejections: false). Invoking ingest script...
2026-07-18 16:50:47 - Activity detected (Raw files: 1, Approvals: false, Rejections: false). Invoking ingest script...
2026-07-18 16:50:48 - Activity detected (Raw files: 1, Approvals: false, Rejections: false). Invoking ingest script...
2026-07-18 16:50:53 - Activity detected (Raw files: 1, Approvals: false, Rejections: false). Invoking ingest script...
2026-07-18 16:50:54 - Activity detected (Raw files: 1, Approvals: false, Rejections: false). Invoking ingest script...
2026-07-18 16:50:58 - Activity detected (Raw files: 1, Approvals: false, Rejections: false). Invoking ingest script...
2026-07-18 16:50:59 - Activity detected (Raw files: 1, Approvals: false, Rejections: false). Invoking ingest script...
2026-07-18 16:51:03 - Activity detected (Raw files: 1, Approvals: false, Rejections: false). Invoking ingest script...
2026-07-18 16:51:04 - Activity detected (Raw files: 1, Approvals: false, Rejections: false). Invoking ingest script...
2026-07-18 16:51:08 - Activity detected (Raw files: 1, Approvals: false, Rejections: false). Invoking ingest script...
2026-07-18 16:51:10 - Activity detected (Raw files: 1, Approvals: false, Rejections: false). Invoking ingest script...
2026-07-18 16:51:13 - Activity detected (Raw files: 1, Approvals: false, Rejections: false). Invoking ingest script...
2026-07-18 16:51:15 - Activity detected (Raw files: 1, Approvals: false, Rejections: false). Invoking ingest script...
2026-07-18 16:51:18 - Activity detected (Raw files: 1, Approvals: false, Rejections: false). Invoking ingest script...
2026-07-18 16:51:20 - Activity detected (Raw files: 1, Approvals: false, Rejections: false). Invoking ingest script...
2026-07-18 16:51:23 - Activity detected (Raw files: 1, Approvals: false, Rejections: false). Invoking ingest script...
2026-07-18 16:51:25 - Activity detected (Raw files: 1, Approvals: false, Rejections: false). Invoking ingest script...
2026-07-18 16:51:28 - Activity detected (Raw files: 1, Approvals: false, Rejections: false). Invoking ingest script...
2026-07-18 16:51:30 - Activity detected (Raw files: 1, Approvals: false, Rejections: false). Invoking ingest script...
2026-07-18 16:51:33 - Activity detected (Raw files: 1, Approvals: false, Rejections: false). Invoking ingest script...
2026-07-18 16:51:35 - Activity detected (Raw files: 1, Approvals: false, Rejections: false). Invoking ingest script...
2026-07-18 16:51:39 - Activity detected (Raw files: 1, Approvals: false, Rejections: false). Invoking ingest script...
2026-07-18 16:51:41 - Activity detected (Raw files: 1, Approvals: false, Rejections: false). Invoking ingest script...
2026-07-18 16:51:44 - Activity detected (Raw files: 1, Approvals: false, Rejections: false). Invoking ingest script...
2026-07-18 16:51:46 - Activity detected (Raw files: 1, Approvals: false, Rejections: false). Invoking ingest script...
2026-07-18 16:51:49 - Activity detected (Raw files: 1, Approvals: false, Rejections: false). Invoking ingest script...
2026-07-18 16:51:51 - Activity detected (Raw files: 1, Approvals: false, Rejections: false). Invoking ingest script...
2026-07-18 16:51:54 - Activity detected (Raw files: 1, Approvals: false, Rejections: false). Invoking ingest script...
2026-07-18 16:51:56 - Activity detected (Raw files: 1, Approvals: false, Rejections: false). Invoking ingest script...
2026-07-18 16:52:03 - Activity detected (Raw files: 1, Approvals: false, Rejections: false). Invoking ingest script...
2026-07-18 16:52:05 - Activity detected (Raw files: 1, Approvals: false, Rejections: false). Invoking ingest script...
2026-07-18 16:52:08 - Activity detected (Raw files: 1, Approvals: false, Rejections: false). Invoking ingest script...
2026-07-18 16:52:10 - Activity detected (Raw files: 1, Approvals: false, Rejections: false). Invoking ingest script...
2026-07-18 16:52:27 - Activity detected (Raw files: 1, Approvals: false, Rejections: false). Invoking ingest script...
2026-07-18 16:52:28 - Activity detected (Raw files: 1, Approvals: false, Rejections: false). Invoking ingest script...
2026-07-18 16:52:32 - Activity detected (Raw files: 1, Approvals: false, Rejections: false). Invoking ingest script...
2026-07-18 16:52:33 - Activity detected (Raw files: 1, Approvals: false, Rejections: false). Invoking ingest script...
2026-07-18 16:52:37 - Activity detected (Raw files: 1, Approvals: false, Rejections: false). Invoking ingest script...
2026-07-18 16:52:39 - Activity detected (Raw files: 1, Approvals: false, Rejections: false). Invoking ingest script...
2026-07-18 16:53:02 - Activity detected (Raw files: 1, Approvals: false, Rejections: false). Invoking ingest script...
2026-07-18 16:53:04 - Activity detected (Raw files: 1, Approvals: false, Rejections: false). Invoking ingest script...
2026-07-18 16:53:07 - Activity detected (Raw files: 1, Approvals: false, Rejections: false). Invoking ingest script...
2026-07-18 16:53:09 - Activity detected (Raw files: 1, Approvals: false, Rejections: false). Invoking ingest script...
2026-07-18 17:08:41 - Activity detected (Raw files: 1, Approvals: false, Rejections: false). Invoking ingest script...
2026-07-18 17:08:43 - Activity detected (Raw files: 1, Approvals: false, Rejections: false). Invoking ingest script...
2026-07-18 17:17:22 - Activity detected (Raw files: 1, Approvals: false, Rejections: false). Invoking ingest script...
2026-07-18 17:17:24 - Activity detected (Raw files: 1, Approvals: false, Rejections: false). Invoking ingest script...
2026-07-18 17:17:27 - Activity detected (Raw files: 1, Approvals: false, Rejections: false). Invoking ingest script...
2026-07-18 17:17:29 - Activity detected (Raw files: 1, Approvals: false, Rejections: false). Invoking ingest script...
2026-07-18 17:17:32 - Activity detected (Raw files: 1, Approvals: false, Rejections: false). Invoking ingest script...
2026-07-18 17:17:34 - Activity detected (Raw files: 1, Approvals: false, Rejections: false). Invoking ingest script...
2026-07-18 17:17:37 - Activity detected (Raw files: 1, Approvals: false, Rejections: false). Invoking ingest script...
2026-07-18 17:17:40 - Activity detected (Raw files: 1, Approvals: false, Rejections: false). Invoking ingest script...
2026-07-18 17:17:43 - Activity detected (Raw files: 1, Approvals: false, Rejections: false). Invoking ingest script...
2026-07-18 17:17:45 - Activity detected (Raw files: 1, Approvals: false, Rejections: false). Invoking ingest script...
2026-07-18 17:17:48 - Activity detected (Raw files: 1, Approvals: false, Rejections: false). Invoking ingest script...
2026-07-18 17:25:09 - Activity detected (Raw files: 1, Approvals: false, Rejections: false). Invoking ingest script...
2026-07-18 17:25:12 - Activity detected (Raw files: 1, Approvals: false, Rejections: false). Invoking ingest script...
2026-07-18 17:25:14 - Activity detected (Raw files: 1, Approvals: false, Rejections: false). Invoking ingest script...
2026-07-18 17:25:17 - Activity detected (Raw files: 1, Approvals: false, Rejections: false). Invoking ingest script...
2026-07-18 17:29:24 - Activity detected (Raw files: 1, Approvals: false, Rejections: false). Invoking ingest script...
2026-07-18 17:29:27 - Activity detected (Raw files: 1, Approvals: false, Rejections: false). Invoking ingest script...
2026-07-18 17:29:29 - Activity detected (Raw files: 1, Approvals: false, Rejections: false). Invoking ingest script...
2026-07-18 17:29:32 - Activity detected (Raw files: 1, Approvals: false, Rejections: false). Invoking ingest script...
2026-07-18 17:29:34 - Activity detected (Raw files: 1, Approvals: false, Rejections: false). Invoking ingest script...
2026-07-18 17:29:38 - Activity detected (Raw files: 1, Approvals: false, Rejections: false). Invoking ingest script...
2026-07-18 17:29:40 - Activity detected (Raw files: 1, Approvals: false, Rejections: false). Invoking ingest script...
2026-07-18 17:29:43 - Activity detected (Raw files: 1, Approvals: false, Rejections: false). Invoking ingest script...
2026-07-18 17:29:45 - Activity detected (Raw files: 1, Approvals: false, Rejections: false). Invoking ingest script...
2026-07-18 17:29:48 - Activity detected (Raw files: 1, Approvals: false, Rejections: false). Invoking ingest script...
2026-07-18 17:29:50 - Activity detected (Raw files: 1, Approvals: false, Rejections: false). Invoking ingest script...
2026-07-18 17:29:54 - Activity detected (Raw files: 1, Approvals: false, Rejections: false). Invoking ingest script...
2026-07-18 17:29:55 - Activity detected (Raw files: 1, Approvals: false, Rejections: false). Invoking ingest script...
2026-07-18 17:29:59 - Activity detected (Raw files: 1, Approvals: false, Rejections: false). Invoking ingest script...
2026-07-18 17:30:00 - Activity detected (Raw files: 1, Approvals: false, Rejections: false). Invoking ingest script...
2026-07-18 17:30:04 - Activity detected (Raw files: 1, Approvals: false, Rejections: false). Invoking ingest script...
2026-07-18 17:30:05 - Activity detected (Raw files: 1, Approvals: false, Rejections: false). Invoking ingest script...
2026-07-18 17:33:54 - Activity detected (Raw files: 1, Approvals: false, Rejections: false). Invoking ingest script...
2026-07-18 17:33:55 - Activity detected (Raw files: 1, Approvals: false, Rejections: false). Invoking ingest script...
2026-07-18 17:33:59 - Activity detected (Raw files: 1, Approvals: false, Rejections: false). Invoking ingest script...
2026-07-18 17:34:00 - Activity detected (Raw files: 1, Approvals: false, Rejections: false). Invoking ingest script...
2026-07-18 17:34:04 - Activity detected (Raw files: 1, Approvals: false, Rejections: false). Invoking ingest script...
2026-07-18 17:36:10 - Activity detected (Raw files: 1, Approvals: false, Rejections: false). Invoking ingest script...
2026-07-18 17:36:13 - Activity detected (Raw files: 1, Approvals: false, Rejections: false). Invoking ingest script...
2026-07-18 17:36:15 - Activity detected (Raw files: 1, Approvals: false, Rejections: false). Invoking ingest script...
2026-07-18 17:36:18 - Activity detected (Raw files: 1, Approvals: false, Rejections: false). Invoking ingest script...
2026-07-18 17:36:27 - Activity detected (Raw files: 1, Approvals: false, Rejections: false). Invoking ingest script...
2026-07-18 17:36:31 - Activity detected (Raw files: 1, Approvals: false, Rejections: false). Invoking ingest script...
2026-07-18 17:36:32 - Activity detected (Raw files: 1, Approvals: false, Rejections: false). Invoking ingest script...
2026-07-18 17:36:36 - Activity detected (Raw files: 1, Approvals: false, Rejections: false). Invoking ingest script...
2026-07-18 17:36:37 - Activity detected (Raw files: 1, Approvals: false, Rejections: false). Invoking ingest script...
2026-07-18 17:37:26 - Activity detected (Raw files: 1, Approvals: false, Rejections: false). Invoking ingest script...
2026-07-18 17:37:27 - Activity detected (Raw files: 1, Approvals: false, Rejections: false). Invoking ingest script...
2026-07-18 17:37:31 - Activity detected (Raw files: 1, Approvals: false, Rejections: false). Invoking ingest script...
2026-07-18 17:37:32 - Activity detected (Raw files: 1, Approvals: false, Rejections: false). Invoking ingest script...
2026-07-18 17:37:36 - Activity detected (Raw files: 1, Approvals: false, Rejections: false). Invoking ingest script...
2026-07-18 17:37:38 - Activity detected (Raw files: 1, Approvals: false, Rejections: false). Invoking ingest script...
2026-07-18 17:37:42 - Activity detected (Raw files: 1, Approvals: false, Rejections: false). Invoking ingest script...
2026-07-18 17:37:43 - Activity detected (Raw files: 1, Approvals: false, Rejections: false). Invoking ingest script...
2026-07-18 17:37:47 - Activity detected (Raw files: 1, Approvals: false, Rejections: false). Invoking ingest script...
2026-07-18 17:54:17 - Activity detected (Raw files: 1, Approvals: false, Rejections: false). Invoking ingest script...
2026-07-18 17:54:20 - Activity detected (Raw files: 1, Approvals: false, Rejections: false). Invoking ingest script...
2026-07-18 18:10:33 - Activity detected (Raw files: 1, Approvals: false, Rejections: false). Invoking ingest script...
2026-07-18 18:10:37 - Activity detected (Raw files: 1, Approvals: false, Rejections: false). Invoking ingest script...
2026-07-18 18:18:17 - Activity detected (Raw files: 1, Approvals: false, Rejections: false). Invoking ingest script...
2026-07-18 18:18:20 - Activity detected (Raw files: 1, Approvals: false, Rejections: false). Invoking ingest script...
2026-07-18 18:18:22 - Activity detected (Raw files: 1, Approvals: false, Rejections: false). Invoking ingest script...
2026-07-18 18:18:25 - Activity detected (Raw files: 1, Approvals: false, Rejections: false). Invoking ingest script...
2026-07-18 18:18:27 - Activity detected (Raw files: 1, Approvals: false, Rejections: false). Invoking ingest script...
2026-07-18 18:18:30 - Activity detected (Raw files: 1, Approvals: false, Rejections: false). Invoking ingest script...
2026-07-18 18:18:32 - Activity detected (Raw files: 1, Approvals: false, Rejections: false). Invoking ingest script...
2026-07-18 18:18:35 - Activity detected (Raw files: 1, Approvals: false, Rejections: false). Invoking ingest script...
2026-07-18 18:18:37 - Activity detected (Raw files: 1, Approvals: false, Rejections: false). Invoking ingest script...
2026-07-18 18:18:41 - Activity detected (Raw files: 1, Approvals: false, Rejections: false). Invoking ingest script...
2026-07-18 18:18:42 - Activity detected (Raw files: 1, Approvals: false, Rejections: false). Invoking ingest script...
2026-07-18 18:18:46 - Activity detected (Raw files: 1, Approvals: false, Rejections: false). Invoking ingest script...
2026-07-18 18:18:48 - Activity detected (Raw files: 1, Approvals: false, Rejections: false). Invoking ingest script...
2026-07-18 18:18:52 - Activity detected (Raw files: 1, Approvals: false, Rejections: false). Invoking ingest script...
2026-07-18 18:18:53 - Activity detected (Raw files: 1, Approvals: false, Rejections: false). Invoking ingest script...
2026-07-18 18:18:57 - Activity detected (Raw files: 1, Approvals: false, Rejections: false). Invoking ingest script...
2026-07-18 18:18:58 - Activity detected (Raw files: 1, Approvals: false, Rejections: false). Invoking ingest script...
2026-07-18 18:19:03 - Activity detected (Raw files: 1, Approvals: false, Rejections: false). Invoking ingest script...
2026-07-18 18:19:04 - Activity detected (Raw files: 1, Approvals: false, Rejections: false). Invoking ingest script...
2026-07-18 18:19:08 - Activity detected (Raw files: 1, Approvals: false, Rejections: false). Invoking ingest script...
2026-07-18 18:19:09 - Activity detected (Raw files: 1, Approvals: false, Rejections: false). Invoking ingest script...
2026-07-18 18:19:14 - Activity detected (Raw files: 1, Approvals: false, Rejections: false). Invoking ingest script...
2026-07-18 18:19:15 - Activity detected (Raw files: 1, Approvals: false, Rejections: false). Invoking ingest script...
2026-07-18 18:19:19 - Activity detected (Raw files: 1, Approvals: false, Rejections: false). Invoking ingest script...
2026-07-18 18:19:20 - Activity detected (Raw files: 1, Approvals: false, Rejections: false). Invoking ingest script...
2026-07-18 18:19:24 - Activity detected (Raw files: 1, Approvals: false, Rejections: false). Invoking ingest script...
2026-07-18 18:21:40 - Activity detected (Raw files: 1, Approvals: false, Rejections: false). Invoking ingest script...
2026-07-18 18:21:44 - Activity detected (Raw files: 1, Approvals: false, Rejections: false). Invoking ingest script...
2026-07-18 18:21:46 - Activity detected (Raw files: 1, Approvals: false, Rejections: false). Invoking ingest script...
2026-07-18 18:21:49 - Activity detected (Raw files: 1, Approvals: false, Rejections: false). Invoking ingest script...
2026-07-18 18:27:54 - Activity detected (Raw files: 1, Approvals: false, Rejections: false). Invoking ingest script...
2026-07-18 18:27:58 - Activity detected (Raw files: 1, Approvals: false, Rejections: false). Invoking ingest script...
2026-07-18 18:27:59 - Activity detected (Raw files: 1, Approvals: false, Rejections: false). Invoking ingest script...
2026-07-18 18:28:03 - Activity detected (Raw files: 1, Approvals: false, Rejections: false). Invoking ingest script...
2026-07-18 18:28:07 - Activity detected (Raw files: 1, Approvals: false, Rejections: false). Invoking ingest script...
2026-07-18 18:28:11 - Activity detected (Raw files: 1, Approvals: false, Rejections: false). Invoking ingest script...
2026-07-18 18:28:12 - Activity detected (Raw files: 1, Approvals: false, Rejections: false). Invoking ingest script...
2026-07-18 18:28:16 - Activity detected (Raw files: 1, Approvals: false, Rejections: false). Invoking ingest script...
2026-07-18 18:28:51 - Activity detected (Raw files: 1, Approvals: false, Rejections: false). Invoking ingest script...
2026-07-18 18:28:54 - Activity detected (Raw files: 1, Approvals: false, Rejections: false). Invoking ingest script...
2026-07-18 18:28:56 - Activity detected (Raw files: 1, Approvals: false, Rejections: false). Invoking ingest script...
2026-07-18 18:28:59 - Activity detected (Raw files: 1, Approvals: false, Rejections: false). Invoking ingest script...
2026-07-18 18:29:01 - Activity detected (Raw files: 1, Approvals: false, Rejections: false). Invoking ingest script...
2026-07-18 18:29:04 - Activity detected (Raw files: 1, Approvals: false, Rejections: false). Invoking ingest script...
2026-07-18 18:29:06 - Activity detected (Raw files: 1, Approvals: false, Rejections: false). Invoking ingest script...
2026-07-18 18:29:09 - Activity detected (Raw files: 1, Approvals: false, Rejections: false). Invoking ingest script...
2026-07-18 18:29:11 - Activity detected (Raw files: 1, Approvals: false, Rejections: false). Invoking ingest script...
2026-07-18 18:30:47 - Activity detected (Raw files: 1, Approvals: false, Rejections: false). Invoking ingest script...
2026-07-18 18:30:49 - Activity detected (Raw files: 1, Approvals: false, Rejections: false). Invoking ingest script...
2026-07-18 18:30:52 - Activity detected (Raw files: 1, Approvals: false, Rejections: false). Invoking ingest script...
2026-07-18 18:30:54 - Activity detected (Raw files: 1, Approvals: false, Rejections: false). Invoking ingest script...
2026-07-18 18:30:57 - Activity detected (Raw files: 1, Approvals: false, Rejections: false). Invoking ingest script...
2026-07-18 18:30:59 - Activity detected (Raw files: 1, Approvals: false, Rejections: false). Invoking ingest script...
2026-07-18 18:31:03 - Activity detected (Raw files: 1, Approvals: false, Rejections: false). Invoking ingest script...
2026-07-18 18:31:05 - Activity detected (Raw files: 1, Approvals: false, Rejections: false). Invoking ingest script...
2026-07-18 18:31:08 - Activity detected (Raw files: 1, Approvals: false, Rejections: false). Invoking ingest script...
2026-07-18 18:31:10 - Activity detected (Raw files: 1, Approvals: false, Rejections: false). Invoking ingest script...
2026-07-18 18:31:13 - Activity detected (Raw files: 1, Approvals: false, Rejections: false). Invoking ingest script...
2026-07-18 18:38:58 - Activity detected (Raw files: 1, Approvals: false, Rejections: false). Invoking ingest script...
2026-07-18 18:39:01 - Activity detected (Raw files: 1, Approvals: false, Rejections: false). Invoking ingest script...
2026-07-18 18:39:03 - Activity detected (Raw files: 1, Approvals: false, Rejections: false). Invoking ingest script...
2026-07-18 18:39:06 - Activity detected (Raw files: 1, Approvals: false, Rejections: false). Invoking ingest script...
2026-07-18 18:50:36 - Activity detected (Raw files: 1, Approvals: false, Rejections: false). Invoking ingest script...
2026-07-18 18:50:39 - Activity detected (Raw files: 1, Approvals: false, Rejections: false). Invoking ingest script...
2026-07-18 18:50:41 - Activity detected (Raw files: 1, Approvals: false, Rejections: false). Invoking ingest script...
2026-07-18 18:50:44 - Activity detected (Raw files: 1, Approvals: false, Rejections: false). Invoking ingest script...
2026-07-18 18:50:46 - Activity detected (Raw files: 1, Approvals: false, Rejections: false). Invoking ingest script...
2026-07-18 18:50:50 - Activity detected (Raw files: 1, Approvals: false, Rejections: false). Invoking ingest script...
2026-07-18 18:50:52 - Activity detected (Raw files: 1, Approvals: false, Rejections: false). Invoking ingest script...
2026-07-18 18:54:26 - Activity detected (Raw files: 1, Approvals: false, Rejections: false). Invoking ingest script...
2026-07-18 18:54:28 - Activity detected (Raw files: 1, Approvals: false, Rejections: false). Invoking ingest script...
2026-07-18 18:54:31 - Activity detected (Raw files: 1, Approvals: false, Rejections: false). Invoking ingest script...
2026-07-18 18:54:33 - Activity detected (Raw files: 1, Approvals: false, Rejections: false). Invoking ingest script...
2026-07-18 18:55:15 - Activity detected (Raw files: 1, Approvals: false, Rejections: false). Invoking ingest script...
2026-07-18 18:55:17 - Activity detected (Raw files: 1, Approvals: false, Rejections: false). Invoking ingest script...
2026-07-18 18:55:20 - Activity detected (Raw files: 1, Approvals: false, Rejections: false). Invoking ingest script...
2026-07-18 18:55:22 - Activity detected (Raw files: 1, Approvals: false, Rejections: false). Invoking ingest script...
2026-07-18 18:55:25 - Activity detected (Raw files: 1, Approvals: false, Rejections: false). Invoking ingest script...
2026-07-18 18:55:27 - Activity detected (Raw files: 1, Approvals: false, Rejections: false). Invoking ingest script...
2026-07-18 18:55:31 - Activity detected (Raw files: 1, Approvals: false, Rejections: false). Invoking ingest script...
2026-07-18 18:55:33 - Activity detected (Raw files: 1, Approvals: false, Rejections: false). Invoking ingest script...
2026-07-18 18:55:36 - Activity detected (Raw files: 1, Approvals: false, Rejections: false). Invoking ingest script...
2026-07-18 18:55:38 - Activity detected (Raw files: 1, Approvals: false, Rejections: false). Invoking ingest script...
2026-07-18 18:55:41 - Activity detected (Raw files: 1, Approvals: false, Rejections: false). Invoking ingest script...
2026-07-18 18:56:03 - Activity detected (Raw files: 1, Approvals: false, Rejections: false). Invoking ingest script...
2026-07-18 18:56:06 - Activity detected (Raw files: 1, Approvals: false, Rejections: false). Invoking ingest script...
2026-07-18 18:56:08 - Activity detected (Raw files: 1, Approvals: false, Rejections: false). Invoking ingest script...
2026-07-18 18:56:11 - Activity detected (Raw files: 1, Approvals: false, Rejections: false). Invoking ingest script...
2026-07-18 18:56:20 - Activity detected (Raw files: 1, Approvals: false, Rejections: false). Invoking ingest script...
2026-07-18 18:56:23 - Activity detected (Raw files: 1, Approvals: false, Rejections: false). Invoking ingest script...
2026-07-18 18:56:25 - Activity detected (Raw files: 1, Approvals: false, Rejections: false). Invoking ingest script...
2026-07-18 18:56:28 - Activity detected (Raw files: 1, Approvals: false, Rejections: false). Invoking ingest script...
2026-07-18 18:56:31 - Activity detected (Raw files: 1, Approvals: false, Rejections: false). Invoking ingest script...
2026-07-18 18:56:34 - Activity detected (Raw files: 1, Approvals: false, Rejections: false). Invoking ingest script...
2026-07-18 18:56:36 - Activity detected (Raw files: 1, Approvals: false, Rejections: false). Invoking ingest script...
2026-07-18 18:56:39 - Activity detected (Raw files: 1, Approvals: false, Rejections: false). Invoking ingest script...
2026-07-18 18:56:42 - Activity detected (Raw files: 1, Approvals: false, Rejections: false). Invoking ingest script...
2026-07-18 18:56:45 - Activity detected (Raw files: 1, Approvals: false, Rejections: false). Invoking ingest script...
2026-07-18 18:56:47 - Activity detected (Raw files: 1, Approvals: false, Rejections: false). Invoking ingest script...
2026-07-18 18:56:50 - Activity detected (Raw files: 1, Approvals: false, Rejections: false). Invoking ingest script...
2026-07-18 19:03:29 - Activity detected (Raw files: 1, Approvals: false, Rejections: false). Invoking ingest script...
2026-07-18 19:03:32 - Activity detected (Raw files: 1, Approvals: false, Rejections: false). Invoking ingest script...
2026-07-18 19:03:34 - Activity detected (Raw files: 1, Approvals: false, Rejections: false). Invoking ingest script...
2026-07-18 19:03:37 - Activity detected (Raw files: 1, Approvals: false, Rejections: false). Invoking ingest script...
2026-07-18 19:03:39 - Activity detected (Raw files: 1, Approvals: false, Rejections: false). Invoking ingest script...
2026-07-18 19:03:43 - Activity detected (Raw files: 1, Approvals: false, Rejections: false). Invoking ingest script...
2026-07-18 19:03:45 - Activity detected (Raw files: 1, Approvals: false, Rejections: false). Invoking ingest script...
2026-07-18 19:03:48 - Activity detected (Raw files: 1, Approvals: false, Rejections: false). Invoking ingest script...
2026-07-18 19:03:50 - Activity detected (Raw files: 1, Approvals: false, Rejections: false). Invoking ingest script...
2026-07-18 19:03:53 - Activity detected (Raw files: 1, Approvals: false, Rejections: false). Invoking ingest script...
2026-07-18 19:03:55 - Activity detected (Raw files: 1, Approvals: false, Rejections: false). Invoking ingest script...
2026-07-18 19:03:58 - Activity detected (Raw files: 1, Approvals: false, Rejections: false). Invoking ingest script...
2026-07-18 19:04:01 - Activity detected (Raw files: 1, Approvals: false, Rejections: false). Invoking ingest script...
2026-07-18 19:04:04 - Activity detected (Raw files: 1, Approvals: false, Rejections: false). Invoking ingest script...
2026-07-18 19:04:06 - Activity detected (Raw files: 1, Approvals: false, Rejections: false). Invoking ingest script...
2026-07-18 19:04:09 - Activity detected (Raw files: 1, Approvals: false, Rejections: false). Invoking ingest script...
2026-07-18 19:04:11 - Activity detected (Raw files: 1, Approvals: false, Rejections: false). Invoking ingest script...
2026-07-18 19:04:14 - Activity detected (Raw files: 1, Approvals: false, Rejections: false). Invoking ingest script...
2026-07-18 19:05:45 - Activity detected (Raw files: 1, Approvals: false, Rejections: false). Invoking ingest script...
2026-07-18 19:05:48 - Activity detected (Raw files: 1, Approvals: false, Rejections: false). Invoking ingest script...
2026-07-18 19:05:50 - Activity detected (Raw files: 1, Approvals: false, Rejections: false). Invoking ingest script...
2026-07-18 19:05:53 - Activity detected (Raw files: 1, Approvals: false, Rejections: false). Invoking ingest script...
2026-07-18 19:05:55 - Activity detected (Raw files: 1, Approvals: false, Rejections: false). Invoking ingest script...
2026-07-18 19:05:58 - Activity detected (Raw files: 1, Approvals: false, Rejections: false). Invoking ingest script...
2026-07-18 19:06:00 - Activity detected (Raw files: 1, Approvals: false, Rejections: false). Invoking ingest script...
2026-07-18 19:06:04 - Activity detected (Raw files: 1, Approvals: false, Rejections: false). Invoking ingest script...
2026-07-18 19:06:06 - Activity detected (Raw files: 1, Approvals: false, Rejections: false). Invoking ingest script...
2026-07-18 19:06:09 - Activity detected (Raw files: 1, Approvals: false, Rejections: false). Invoking ingest script...
2026-07-18 19:06:11 - Activity detected (Raw files: 1, Approvals: false, Rejections: false). Invoking ingest script...
2026-07-18 19:06:14 - Activity detected (Raw files: 1, Approvals: false, Rejections: false). Invoking ingest script...
2026-07-18 19:06:30 - Activity detected (Raw files: 1, Approvals: false, Rejections: false). Invoking ingest script...
2026-07-18 19:06:33 - Activity detected (Raw files: 1, Approvals: false, Rejections: false). Invoking ingest script...
2026-07-18 19:06:35 - Activity detected (Raw files: 1, Approvals: false, Rejections: false). Invoking ingest script...
2026-07-18 19:06:38 - Activity detected (Raw files: 1, Approvals: false, Rejections: false). Invoking ingest script...
2026-07-18 19:06:40 - Activity detected (Raw files: 1, Approvals: false, Rejections: false). Invoking ingest script...
2026-07-18 19:06:43 - Activity detected (Raw files: 1, Approvals: false, Rejections: false). Invoking ingest script...
2026-07-18 19:06:45 - Activity detected (Raw files: 1, Approvals: false, Rejections: false). Invoking ingest script...
2026-07-18 19:06:48 - Activity detected (Raw files: 1, Approvals: false, Rejections: false). Invoking ingest script...
2026-07-18 19:06:50 - Activity detected (Raw files: 1, Approvals: false, Rejections: false). Invoking ingest script...
2026-07-18 19:06:54 - Activity detected (Raw files: 1, Approvals: false, Rejections: false). Invoking ingest script...
2026-07-18 19:06:55 - Activity detected (Raw files: 1, Approvals: false, Rejections: false). Invoking ingest script...
2026-07-18 19:06:59 - Activity detected (Raw files: 1, Approvals: false, Rejections: false). Invoking ingest script...
2026-07-18 19:07:00 - Activity detected (Raw files: 1, Approvals: false, Rejections: false). Invoking ingest script...
2026-07-18 19:07:04 - Activity detected (Raw files: 1, Approvals: false, Rejections: false). Invoking ingest script...
2026-07-18 19:15:43 - Activity detected (Raw files: 1, Approvals: false, Rejections: false). Invoking ingest script...
2026-07-18 19:15:46 - Activity detected (Raw files: 1, Approvals: false, Rejections: false). Invoking ingest script...
2026-07-18 19:15:48 - Activity detected (Raw files: 1, Approvals: false, Rejections: false). Invoking ingest script...
2026-07-18 19:15:52 - Activity detected (Raw files: 1, Approvals: false, Rejections: false). Invoking ingest script...
2026-07-18 19:18:31 - Activity detected (Raw files: 1, Approvals: false, Rejections: false). Invoking ingest script...
2026-07-18 19:18:35 - Activity detected (Raw files: 1, Approvals: false, Rejections: false). Invoking ingest script...
2026-07-18 19:18:36 - Activity detected (Raw files: 1, Approvals: false, Rejections: false). Invoking ingest script...
2026-07-18 19:18:40 - Activity detected (Raw files: 1, Approvals: false, Rejections: false). Invoking ingest script...
2026-07-18 19:18:42 - Activity detected (Raw files: 1, Approvals: false, Rejections: false). Invoking ingest script...
2026-07-18 19:18:45 - Activity detected (Raw files: 1, Approvals: false, Rejections: false). Invoking ingest script...
2026-07-18 19:18:47 - Activity detected (Raw files: 1, Approvals: false, Rejections: false). Invoking ingest script...
2026-07-18 19:18:50 - Activity detected (Raw files: 1, Approvals: false, Rejections: false). Invoking ingest script...
2026-07-18 19:25:28 - Activity detected (Raw files: 1, Approvals: false, Rejections: false). Invoking ingest script...
2026-07-18 19:25:32 - Activity detected (Raw files: 1, Approvals: false, Rejections: false). Invoking ingest script...
2026-07-18 19:25:34 - Activity detected (Raw files: 1, Approvals: false, Rejections: false). Invoking ingest script...
2026-07-18 19:25:37 - Activity detected (Raw files: 1, Approvals: false, Rejections: false). Invoking ingest script...
2026-07-18 19:25:39 - Activity detected (Raw files: 1, Approvals: false, Rejections: false). Invoking ingest script...
2026-07-18 19:25:42 - Activity detected (Raw files: 1, Approvals: false, Rejections: false). Invoking ingest script...
2026-07-18 19:25:44 - Activity detected (Raw files: 1, Approvals: false, Rejections: false). Invoking ingest script...
2026-07-18 19:25:47 - Activity detected (Raw files: 1, Approvals: false, Rejections: false). Invoking ingest script...
2026-07-18 19:25:56 - Activity detected (Raw files: 1, Approvals: false, Rejections: false). Invoking ingest script...
2026-07-18 19:26:00 - Activity detected (Raw files: 1, Approvals: false, Rejections: false). Invoking ingest script...
2026-07-18 19:26:02 - Activity detected (Raw files: 1, Approvals: false, Rejections: false). Invoking ingest script...
2026-07-18 19:26:05 - Activity detected (Raw files: 1, Approvals: false, Rejections: false). Invoking ingest script...
2026-07-18 19:32:14 - Activity detected (Raw files: 1, Approvals: false, Rejections: false). Invoking ingest script...
2026-07-18 19:32:17 - Activity detected (Raw files: 1, Approvals: false, Rejections: false). Invoking ingest script...
2026-07-18 19:32:19 - Activity detected (Raw files: 1, Approvals: false, Rejections: false). Invoking ingest script...
2026-07-18 19:32:22 - Activity detected (Raw files: 1, Approvals: false, Rejections: false). Invoking ingest script...
2026-07-18 19:32:24 - Activity detected (Raw files: 1, Approvals: false, Rejections: false). Invoking ingest script...
2026-07-18 19:34:10 - Activity detected (Raw files: 1, Approvals: false, Rejections: false). Invoking ingest script...
2026-07-18 19:34:12 - Activity detected (Raw files: 1, Approvals: false, Rejections: false). Invoking ingest script...
2026-07-18 19:34:15 - Activity detected (Raw files: 1, Approvals: false, Rejections: false). Invoking ingest script...
2026-07-18 19:34:17 - Activity detected (Raw files: 1, Approvals: false, Rejections: false). Invoking ingest script...
2026-07-18 19:34:20 - Activity detected (Raw files: 1, Approvals: false, Rejections: false). Invoking ingest script...
2026-07-18 19:34:22 - Activity detected (Raw files: 1, Approvals: false, Rejections: false). Invoking ingest script...
2026-07-18 19:34:25 - Activity detected (Raw files: 1, Approvals: false, Rejections: false). Invoking ingest script...
2026-07-18 19:34:28 - Activity detected (Raw files: 1, Approvals: false, Rejections: false). Invoking ingest script...
2026-07-18 19:34:31 - Activity detected (Raw files: 1, Approvals: false, Rejections: false). Invoking ingest script...
2026-07-18 19:34:33 - Activity detected (Raw files: 1, Approvals: false, Rejections: false). Invoking ingest script...
2026-07-18 19:34:36 - Activity detected (Raw files: 1, Approvals: false, Rejections: false). Invoking ingest script...
2026-07-18 19:34:39 - Activity detected (Raw files: 1, Approvals: false, Rejections: false). Invoking ingest script...
2026-07-18 19:34:42 - Activity detected (Raw files: 1, Approvals: false, Rejections: false). Invoking ingest script...
2026-07-18 19:34:44 - Activity detected (Raw files: 1, Approvals: false, Rejections: false). Invoking ingest script...
2026-07-18 19:34:47 - Activity detected (Raw files: 1, Approvals: false, Rejections: false). Invoking ingest script...
2026-07-18 19:34:49 - Activity detected (Raw files: 1, Approvals: false, Rejections: false). Invoking ingest script...
2026-07-18 19:34:52 - Activity detected (Raw files: 1, Approvals: false, Rejections: false). Invoking ingest script...
2026-07-18 19:34:55 - Activity detected (Raw files: 1, Approvals: false, Rejections: false). Invoking ingest script...
2026-07-18 19:34:58 - Activity detected (Raw files: 1, Approvals: false, Rejections: false). Invoking ingest script...
2026-07-18 19:35:00 - Activity detected (Raw files: 1, Approvals: false, Rejections: false). Invoking ingest script...
2026-07-18 19:35:03 - Activity detected (Raw files: 1, Approvals: false, Rejections: false). Invoking ingest script...
2026-07-18 19:35:05 - Activity detected (Raw files: 1, Approvals: false, Rejections: false). Invoking ingest script...
2026-07-18 19:35:08 - Activity detected (Raw files: 1, Approvals: false, Rejections: false). Invoking ingest script...
2026-07-18 19:38:15 - Activity detected (Raw files: 1, Approvals: false, Rejections: false). Invoking ingest script...
2026-07-18 19:38:18 - Activity detected (Raw files: 1, Approvals: false, Rejections: false). Invoking ingest script...
2026-07-18 19:38:20 - Activity detected (Raw files: 1, Approvals: false, Rejections: false). Invoking ingest script...
2026-07-18 19:38:23 - Activity detected (Raw files: 1, Approvals: false, Rejections: false). Invoking ingest script...
2026-07-18 19:38:25 - Activity detected (Raw files: 1, Approvals: false, Rejections: false). Invoking ingest script...
2026-07-18 19:38:28 - Activity detected (Raw files: 1, Approvals: false, Rejections: false). Invoking ingest script...
2026-07-18 19:38:30 - Activity detected (Raw files: 1, Approvals: false, Rejections: false). Invoking ingest script...
2026-07-18 19:44:47 - Activity detected (Raw files: 1, Approvals: false, Rejections: false). Invoking ingest script...
2026-07-18 19:44:48 - Activity detected (Raw files: 1, Approvals: false, Rejections: false). Invoking ingest script...
2026-07-18 19:44:52 - Activity detected (Raw files: 1, Approvals: false, Rejections: false). Invoking ingest script...
2026-07-18 19:44:53 - Activity detected (Raw files: 1, Approvals: false, Rejections: false). Invoking ingest script...
2026-07-18 19:44:58 - Activity detected (Raw files: 1, Approvals: false, Rejections: false). Invoking ingest script...
2026-07-18 19:44:59 - Activity detected (Raw files: 1, Approvals: false, Rejections: false). Invoking ingest script...
2026-07-18 19:45:03 - Activity detected (Raw files: 1, Approvals: false, Rejections: false). Invoking ingest script...
2026-07-18 19:45:04 - Activity detected (Raw files: 1, Approvals: false, Rejections: false). Invoking ingest script...
2026-07-18 19:45:08 - Activity detected (Raw files: 1, Approvals: false, Rejections: false). Invoking ingest script...
2026-07-18 19:45:09 - Activity detected (Raw files: 1, Approvals: false, Rejections: false). Invoking ingest script...
2026-07-18 19:45:14 - Activity detected (Raw files: 1, Approvals: false, Rejections: false). Invoking ingest script...
2026-07-18 19:45:15 - Activity detected (Raw files: 1, Approvals: false, Rejections: false). Invoking ingest script...
2026-07-18 19:45:19 - Activity detected (Raw files: 1, Approvals: false, Rejections: false). Invoking ingest script...
2026-07-18 19:45:20 - Activity detected (Raw files: 1, Approvals: false, Rejections: false). Invoking ingest script...
2026-07-18 19:45:25 - Activity detected (Raw files: 1, Approvals: false, Rejections: false). Invoking ingest script...
2026-07-18 19:45:26 - Activity detected (Raw files: 1, Approvals: false, Rejections: false). Invoking ingest script...
2026-07-18 19:45:30 - Activity detected (Raw files: 1, Approvals: false, Rejections: false). Invoking ingest script...
2026-07-18 19:45:31 - Activity detected (Raw files: 1, Approvals: false, Rejections: false). Invoking ingest script...
2026-07-18 19:45:36 - Activity detected (Raw files: 1, Approvals: false, Rejections: false). Invoking ingest script...
2026-07-18 19:45:37 - Activity detected (Raw files: 1, Approvals: false, Rejections: false). Invoking ingest script...
2026-07-18 19:45:41 - Activity detected (Raw files: 1, Approvals: false, Rejections: false). Invoking ingest script...
2026-07-18 19:45:42 - Activity detected (Raw files: 1, Approvals: false, Rejections: false). Invoking ingest script...
2026-07-18 19:45:46 - Activity detected (Raw files: 1, Approvals: false, Rejections: false). Invoking ingest script...
2026-07-18 19:45:48 - Activity detected (Raw files: 1, Approvals: false, Rejections: false). Invoking ingest script...
2026-07-18 19:45:52 - Activity detected (Raw files: 1, Approvals: false, Rejections: false). Invoking ingest script...
2026-07-18 19:45:53 - Activity detected (Raw files: 1, Approvals: false, Rejections: false). Invoking ingest script...
2026-07-18 19:45:57 - Activity detected (Raw files: 1, Approvals: false, Rejections: false). Invoking ingest script...
2026-07-18 19:45:59 - Activity detected (Raw files: 1, Approvals: false, Rejections: false). Invoking ingest script...
2026-07-18 19:46:03 - Activity detected (Raw files: 1, Approvals: false, Rejections: false). Invoking ingest script...
2026-07-18 19:46:04 - Activity detected (Raw files: 1, Approvals: false, Rejections: false). Invoking ingest script...
2026-07-18 19:46:08 - Activity detected (Raw files: 1, Approvals: false, Rejections: false). Invoking ingest script...
2026-07-18 19:46:09 - Activity detected (Raw files: 1, Approvals: false, Rejections: false). Invoking ingest script...
2026-07-18 19:46:14 - Activity detected (Raw files: 1, Approvals: false, Rejections: false). Invoking ingest script...
2026-07-18 19:46:15 - Activity detected (Raw files: 1, Approvals: false, Rejections: false). Invoking ingest script...
2026-07-18 19:46:19 - Activity detected (Raw files: 1, Approvals: false, Rejections: false). Invoking ingest script...
2026-07-18 19:46:20 - Activity detected (Raw files: 1, Approvals: false, Rejections: false). Invoking ingest script...
2026-07-18 19:46:24 - Activity detected (Raw files: 1, Approvals: false, Rejections: false). Invoking ingest script...
2026-07-18 19:46:25 - Activity detected (Raw files: 1, Approvals: false, Rejections: false). Invoking ingest script...
2026-07-18 19:46:30 - Activity detected (Raw files: 1, Approvals: false, Rejections: false). Invoking ingest script...
2026-07-18 19:46:31 - Activity detected (Raw files: 1, Approvals: false, Rejections: false). Invoking ingest script...
2026-07-18 19:46:35 - Activity detected (Raw files: 1, Approvals: false, Rejections: false). Invoking ingest script...
2026-07-18 19:46:36 - Activity detected (Raw files: 1, Approvals: false, Rejections: false). Invoking ingest script...
2026-07-18 19:46:43 - Activity detected (Raw files: 1, Approvals: false, Rejections: false). Invoking ingest script...
2026-07-18 19:46:43 - Activity detected (Raw files: 1, Approvals: false, Rejections: false). Invoking ingest script...
2026-07-18 19:46:48 - Activity detected (Raw files: 1, Approvals: false, Rejections: false). Invoking ingest script...
2026-07-18 19:46:48 - Activity detected (Raw files: 1, Approvals: false, Rejections: false). Invoking ingest script...
2026-07-18 19:46:53 - Activity detected (Raw files: 1, Approvals: false, Rejections: false). Invoking ingest script...
2026-07-18 19:49:51 - Activity detected (Raw files: 1, Approvals: false, Rejections: false). Invoking ingest script...
2026-07-18 19:49:56 - Activity detected (Raw files: 1, Approvals: false, Rejections: false). Invoking ingest script...
2026-07-18 19:49:56 - Activity detected (Raw files: 1, Approvals: false, Rejections: false). Invoking ingest script...
2026-07-18 19:50:01 - Activity detected (Raw files: 1, Approvals: false, Rejections: false). Invoking ingest script...
2026-07-18 19:50:01 - Activity detected (Raw files: 1, Approvals: false, Rejections: false). Invoking ingest script...
2026-07-18 19:55:24 - Activity detected (Raw files: 1, Approvals: false, Rejections: false). Invoking ingest script...
2026-07-18 19:55:25 - Activity detected (Raw files: 1, Approvals: false, Rejections: false). Invoking ingest script...
2026-07-18 19:55:29 - Activity detected (Raw files: 1, Approvals: false, Rejections: false). Invoking ingest script...
2026-07-18 19:55:30 - Activity detected (Raw files: 1, Approvals: false, Rejections: false). Invoking ingest script...
2026-07-18 19:55:34 - Activity detected (Raw files: 1, Approvals: false, Rejections: false). Invoking ingest script...
2026-07-18 19:55:35 - Activity detected (Raw files: 1, Approvals: false, Rejections: false). Invoking ingest script...
2026-07-18 19:55:40 - Activity detected (Raw files: 1, Approvals: false, Rejections: false). Invoking ingest script...
2026-07-18 19:55:40 - Activity detected (Raw files: 1, Approvals: false, Rejections: false). Invoking ingest script...
2026-07-18 19:55:45 - Activity detected (Raw files: 1, Approvals: false, Rejections: false). Invoking ingest script...
2026-07-18 19:59:44 - Activity detected (Raw files: 1, Approvals: false, Rejections: false). Invoking ingest script...
2026-07-18 19:59:49 - Activity detected (Raw files: 1, Approvals: false, Rejections: false). Invoking ingest script...
2026-07-18 19:59:49 - Activity detected (Raw files: 1, Approvals: false, Rejections: false). Invoking ingest script...
2026-07-18 19:59:54 - Activity detected (Raw files: 1, Approvals: false, Rejections: false). Invoking ingest script...
2026-07-18 19:59:54 - Activity detected (Raw files: 1, Approvals: false, Rejections: false). Invoking ingest script...
2026-07-18 19:59:59 - Activity detected (Raw files: 1, Approvals: false, Rejections: false). Invoking ingest script...
2026-07-18 20:00:00 - Activity detected (Raw files: 1, Approvals: false, Rejections: false). Invoking ingest script...
2026-07-18 20:00:05 - Activity detected (Raw files: 1, Approvals: false, Rejections: false). Invoking ingest script...
2026-07-18 20:00:05 - Activity detected (Raw files: 1, Approvals: false, Rejections: false). Invoking ingest script...
2026-07-18 20:00:10 - Activity detected (Raw files: 1, Approvals: false, Rejections: false). Invoking ingest script...
2026-07-18 20:00:10 - Activity detected (Raw files: 1, Approvals: false, Rejections: false). Invoking ingest script...
2026-07-18 20:00:15 - Activity detected (Raw files: 1, Approvals: false, Rejections: false). Invoking ingest script...
2026-07-18 20:00:29 - Activity detected (Raw files: 1, Approvals: false, Rejections: false). Invoking ingest script...
2026-07-18 20:00:34 - Activity detected (Raw files: 1, Approvals: false, Rejections: false). Invoking ingest script...
2026-07-18 20:00:34 - Activity detected (Raw files: 1, Approvals: false, Rejections: false). Invoking ingest script...
2026-07-18 20:00:39 - Activity detected (Raw files: 1, Approvals: false, Rejections: false). Invoking ingest script...
2026-07-18 20:00:40 - Activity detected (Raw files: 1, Approvals: false, Rejections: false). Invoking ingest script...
2026-07-18 20:00:44 - Activity detected (Raw files: 1, Approvals: false, Rejections: false). Invoking ingest script...
2026-07-18 20:00:45 - Activity detected (Raw files: 1, Approvals: false, Rejections: false). Invoking ingest script...
2026-07-18 20:00:50 - Activity detected (Raw files: 1, Approvals: false, Rejections: false). Invoking ingest script...
2026-07-18 20:04:55 - Activity detected (Raw files: 1, Approvals: false, Rejections: false). Invoking ingest script...
2026-07-18 20:04:59 - Activity detected (Raw files: 1, Approvals: false, Rejections: false). Invoking ingest script...
2026-07-18 20:05:00 - Activity detected (Raw files: 1, Approvals: false, Rejections: false). Invoking ingest script...
2026-07-18 20:05:04 - Activity detected (Raw files: 1, Approvals: false, Rejections: false). Invoking ingest script...
2026-07-18 20:05:05 - Activity detected (Raw files: 1, Approvals: false, Rejections: false). Invoking ingest script...
2026-07-18 20:05:09 - Activity detected (Raw files: 1, Approvals: false, Rejections: false). Invoking ingest script...
2026-07-18 20:05:11 - Activity detected (Raw files: 1, Approvals: false, Rejections: false). Invoking ingest script...
2026-07-18 20:05:15 - Activity detected (Raw files: 1, Approvals: false, Rejections: false). Invoking ingest script...
2026-07-18 20:05:16 - Activity detected (Raw files: 1, Approvals: false, Rejections: false). Invoking ingest script...
2026-07-18 20:05:20 - Activity detected (Raw files: 1, Approvals: false, Rejections: false). Invoking ingest script...
2026-07-18 20:05:21 - Activity detected (Raw files: 1, Approvals: false, Rejections: false). Invoking ingest script...
2026-07-18 20:05:31 - Activity detected (Raw files: 1, Approvals: false, Rejections: false). Invoking ingest script...
2026-07-18 20:05:32 - Activity detected (Raw files: 1, Approvals: false, Rejections: false). Invoking ingest script...
2026-07-18 20:05:36 - Activity detected (Raw files: 1, Approvals: false, Rejections: false). Invoking ingest script...
2026-07-18 20:05:37 - Activity detected (Raw files: 1, Approvals: false, Rejections: false). Invoking ingest script...
2026-07-18 20:05:41 - Activity detected (Raw files: 1, Approvals: false, Rejections: false). Invoking ingest script...
2026-07-18 20:05:42 - Activity detected (Raw files: 1, Approvals: false, Rejections: false). Invoking ingest script...
2026-07-18 20:05:46 - Activity detected (Raw files: 1, Approvals: false, Rejections: false). Invoking ingest script...
2026-07-18 20:05:48 - Activity detected (Raw files: 1, Approvals: false, Rejections: false). Invoking ingest script...
2026-07-18 20:05:52 - Activity detected (Raw files: 1, Approvals: false, Rejections: false). Invoking ingest script...
2026-07-18 20:05:53 - Activity detected (Raw files: 1, Approvals: false, Rejections: false). Invoking ingest script...
2026-07-18 20:05:57 - Activity detected (Raw files: 1, Approvals: false, Rejections: false). Invoking ingest script...
2026-07-18 20:05:58 - Activity detected (Raw files: 1, Approvals: false, Rejections: false). Invoking ingest script...
2026-07-18 20:06:02 - Activity detected (Raw files: 1, Approvals: false, Rejections: false). Invoking ingest script...
2026-07-18 20:12:50 - Activity detected (Raw files: 1, Approvals: false, Rejections: false). Invoking ingest script...
2026-07-18 20:12:54 - Activity detected (Raw files: 1, Approvals: false, Rejections: false). Invoking ingest script...
2026-07-18 20:12:55 - Activity detected (Raw files: 1, Approvals: false, Rejections: false). Invoking ingest script...
2026-07-18 20:12:59 - Activity detected (Raw files: 1, Approvals: false, Rejections: false). Invoking ingest script...
2026-07-18 20:13:00 - Activity detected (Raw files: 1, Approvals: false, Rejections: false). Invoking ingest script...
2026-07-18 20:13:04 - Activity detected (Raw files: 1, Approvals: false, Rejections: false). Invoking ingest script...
2026-07-18 20:13:05 - Activity detected (Raw files: 1, Approvals: false, Rejections: false). Invoking ingest script...
2026-07-18 20:13:09 - Activity detected (Raw files: 1, Approvals: false, Rejections: false). Invoking ingest script...
2026-07-18 20:16:34 - Activity detected (Raw files: 1, Approvals: false, Rejections: false). Invoking ingest script...
2026-07-18 20:16:38 - Activity detected (Raw files: 1, Approvals: false, Rejections: false). Invoking ingest script...
2026-07-18 20:16:39 - Activity detected (Raw files: 1, Approvals: false, Rejections: false). Invoking ingest script...
2026-07-18 20:16:43 - Activity detected (Raw files: 1, Approvals: false, Rejections: false). Invoking ingest script...
2026-07-18 20:16:44 - Activity detected (Raw files: 1, Approvals: false, Rejections: false). Invoking ingest script...
2026-07-18 20:16:48 - Activity detected (Raw files: 1, Approvals: false, Rejections: false). Invoking ingest script...
2026-07-18 20:16:49 - Activity detected (Raw files: 1, Approvals: false, Rejections: false). Invoking ingest script...
2026-07-18 20:16:54 - Activity detected (Raw files: 1, Approvals: false, Rejections: false). Invoking ingest script...
2026-07-18 20:16:55 - Activity detected (Raw files: 1, Approvals: false, Rejections: false). Invoking ingest script...
2026-07-18 20:16:59 - Activity detected (Raw files: 1, Approvals: false, Rejections: false). Invoking ingest script...
2026-07-18 20:17:00 - Activity detected (Raw files: 1, Approvals: false, Rejections: false). Invoking ingest script...
2026-07-18 20:17:04 - Activity detected (Raw files: 1, Approvals: false, Rejections: false). Invoking ingest script...
2026-07-18 20:19:32 - Activity detected (Raw files: 1, Approvals: false, Rejections: false). Invoking ingest script...
2026-07-18 20:19:36 - Activity detected (Raw files: 1, Approvals: false, Rejections: false). Invoking ingest script...
2026-07-18 20:19:37 - Activity detected (Raw files: 1, Approvals: false, Rejections: false). Invoking ingest script...
2026-07-18 20:19:41 - Activity detected (Raw files: 1, Approvals: false, Rejections: false). Invoking ingest script...
2026-07-18 20:30:27 - Activity detected (Raw files: 1, Approvals: false, Rejections: false). Invoking ingest script...
2026-07-18 20:30:32 - Activity detected (Raw files: 1, Approvals: false, Rejections: false). Invoking ingest script...
2026-07-18 20:30:32 - Activity detected (Raw files: 1, Approvals: false, Rejections: false). Invoking ingest script...
2026-07-18 20:30:37 - Activity detected (Raw files: 1, Approvals: false, Rejections: false). Invoking ingest script...
2026-07-18 20:30:38 - Activity detected (Raw files: 1, Approvals: false, Rejections: false). Invoking ingest script...
2026-07-18 20:30:42 - Activity detected (Raw files: 1, Approvals: false, Rejections: false). Invoking ingest script...
2026-07-18 20:30:44 - Activity detected (Raw files: 1, Approvals: false, Rejections: false). Invoking ingest script...
2026-07-18 20:30:48 - Activity detected (Raw files: 1, Approvals: false, Rejections: false). Invoking ingest script...
2026-07-18 20:30:49 - Activity detected (Raw files: 1, Approvals: false, Rejections: false). Invoking ingest script...
2026-07-18 20:30:54 - Activity detected (Raw files: 1, Approvals: false, Rejections: false). Invoking ingest script...
2026-07-18 20:30:54 - Activity detected (Raw files: 1, Approvals: false, Rejections: false). Invoking ingest script...
2026-07-18 20:33:20 - Activity detected (Raw files: 1, Approvals: false, Rejections: false). Invoking ingest script...
2026-07-18 20:33:21 - Activity detected (Raw files: 1, Approvals: false, Rejections: false). Invoking ingest script...
2026-07-18 20:33:25 - Activity detected (Raw files: 1, Approvals: false, Rejections: false). Invoking ingest script...
2026-07-18 20:33:26 - Activity detected (Raw files: 1, Approvals: false, Rejections: false). Invoking ingest script...
2026-07-18 20:33:30 - Activity detected (Raw files: 1, Approvals: false, Rejections: false). Invoking ingest script...
2026-07-18 20:33:31 - Activity detected (Raw files: 1, Approvals: false, Rejections: false). Invoking ingest script...
2026-07-18 20:33:35 - Activity detected (Raw files: 1, Approvals: false, Rejections: false). Invoking ingest script...
2026-07-18 20:46:45 - Activity detected (Raw files: 1, Approvals: false, Rejections: false). Invoking ingest script...
2026-07-18 20:46:49 - Activity detected (Raw files: 1, Approvals: false, Rejections: false). Invoking ingest script...
2026-07-18 20:46:50 - Activity detected (Raw files: 1, Approvals: false, Rejections: false). Invoking ingest script...
2026-07-18 20:46:54 - Activity detected (Raw files: 1, Approvals: false, Rejections: false). Invoking ingest script...
2026-07-18 20:46:55 - Activity detected (Raw files: 1, Approvals: false, Rejections: false). Invoking ingest script...
2026-07-18 20:47:00 - Activity detected (Raw files: 1, Approvals: false, Rejections: false). Invoking ingest script...
2026-07-18 20:47:01 - Activity detected (Raw files: 1, Approvals: false, Rejections: false). Invoking ingest script...
2026-07-18 20:47:05 - Activity detected (Raw files: 1, Approvals: false, Rejections: false). Invoking ingest script...
2026-07-18 20:47:06 - Activity detected (Raw files: 1, Approvals: false, Rejections: false). Invoking ingest script...
2026-07-18 20:47:10 - Activity detected (Raw files: 1, Approvals: false, Rejections: false). Invoking ingest script...
2026-07-18 20:47:11 - Activity detected (Raw files: 1, Approvals: false, Rejections: false). Invoking ingest script...
2026-07-18 20:52:04 - Activity detected (Raw files: 1, Approvals: false, Rejections: false). Invoking ingest script...
2026-07-18 20:52:05 - Activity detected (Raw files: 1, Approvals: false, Rejections: false). Invoking ingest script...
2026-07-18 20:52:09 - Activity detected (Raw files: 1, Approvals: false, Rejections: false). Invoking ingest script...
2026-07-18 20:52:10 - Activity detected (Raw files: 1, Approvals: false, Rejections: false). Invoking ingest script...
2026-07-18 20:52:14 - Activity detected (Raw files: 1, Approvals: false, Rejections: false). Invoking ingest script...
2026-07-18 20:52:15 - Activity detected (Raw files: 1, Approvals: false, Rejections: false). Invoking ingest script...
2026-07-18 20:52:20 - Activity detected (Raw files: 1, Approvals: false, Rejections: false). Invoking ingest script...
2026-07-18 20:52:21 - Activity detected (Raw files: 1, Approvals: false, Rejections: false). Invoking ingest script...
2026-07-18 20:52:25 - Activity detected (Raw files: 1, Approvals: false, Rejections: false). Invoking ingest script...
2026-07-18 20:52:26 - Activity detected (Raw files: 1, Approvals: false, Rejections: false). Invoking ingest script...
2026-07-18 20:58:55 - Activity detected (Raw files: 1, Approvals: false, Rejections: false). Invoking ingest script...
2026-07-18 20:58:56 - Activity detected (Raw files: 1, Approvals: false, Rejections: false). Invoking ingest script...
2026-07-18 20:59:00 - Activity detected (Raw files: 1, Approvals: false, Rejections: false). Invoking ingest script...
2026-07-18 20:59:01 - Activity detected (Raw files: 1, Approvals: false, Rejections: false). Invoking ingest script...
2026-07-18 20:59:05 - Activity detected (Raw files: 1, Approvals: false, Rejections: false). Invoking ingest script...
2026-07-18 20:59:06 - Activity detected (Raw files: 1, Approvals: false, Rejections: false). Invoking ingest script...
2026-07-18 20:59:21 - Activity detected (Raw files: 1, Approvals: false, Rejections: false). Invoking ingest script...
2026-07-18 20:59:22 - Activity detected (Raw files: 1, Approvals: false, Rejections: false). Invoking ingest script...
2026-07-18 20:59:26 - Activity detected (Raw files: 1, Approvals: false, Rejections: false). Invoking ingest script...
2026-07-18 20:59:27 - Activity detected (Raw files: 1, Approvals: false, Rejections: false). Invoking ingest script...
2026-07-18 20:59:31 - Activity detected (Raw files: 1, Approvals: false, Rejections: false). Invoking ingest script...
2026-07-18 20:59:32 - Activity detected (Raw files: 1, Approvals: false, Rejections: false). Invoking ingest script...
2026-07-18 20:59:36 - Activity detected (Raw files: 1, Approvals: false, Rejections: false). Invoking ingest script...
2026-07-18 20:59:37 - Activity detected (Raw files: 1, Approvals: false, Rejections: false). Invoking ingest script...
2026-07-18 20:59:41 - Activity detected (Raw files: 1, Approvals: false, Rejections: false). Invoking ingest script...
2026-07-18 20:59:42 - Activity detected (Raw files: 1, Approvals: false, Rejections: false). Invoking ingest script...
2026-07-18 20:59:46 - Activity detected (Raw files: 1, Approvals: false, Rejections: false). Invoking ingest script...
2026-07-18 20:59:47 - Activity detected (Raw files: 1, Approvals: false, Rejections: false). Invoking ingest script...
2026-07-18 20:59:51 - Activity detected (Raw files: 1, Approvals: false, Rejections: false). Invoking ingest script...
2026-07-18 20:59:52 - Activity detected (Raw files: 1, Approvals: false, Rejections: false). Invoking ingest script...
2026-07-18 20:59:57 - Activity detected (Raw files: 1, Approvals: false, Rejections: false). Invoking ingest script...
2026-07-18 20:59:57 - Activity detected (Raw files: 1, Approvals: false, Rejections: false). Invoking ingest script...
2026-07-18 21:00:02 - Activity detected (Raw files: 1, Approvals: false, Rejections: false). Invoking ingest script...
2026-07-18 21:00:02 - Activity detected (Raw files: 1, Approvals: false, Rejections: false). Invoking ingest script...
2026-07-18 21:00:07 - Activity detected (Raw files: 1, Approvals: false, Rejections: false). Invoking ingest script...
2026-07-18 21:00:07 - Activity detected (Raw files: 1, Approvals: false, Rejections: false). Invoking ingest script...
2026-07-18 21:00:12 - Activity detected (Raw files: 1, Approvals: false, Rejections: false). Invoking ingest script...
2026-07-18 21:00:12 - Activity detected (Raw files: 1, Approvals: false, Rejections: false). Invoking ingest script...
2026-07-18 21:00:18 - Activity detected (Raw files: 1, Approvals: false, Rejections: false). Invoking ingest script...
2026-07-18 21:00:18 - Activity detected (Raw files: 1, Approvals: false, Rejections: false). Invoking ingest script...
2026-07-18 21:00:23 - Activity detected (Raw files: 1, Approvals: false, Rejections: false). Invoking ingest script...
2026-07-18 21:00:23 - Activity detected (Raw files: 1, Approvals: false, Rejections: false). Invoking ingest script...
2026-07-18 21:00:28 - Activity detected (Raw files: 1, Approvals: false, Rejections: false). Invoking ingest script...
2026-07-18 21:00:28 - Activity detected (Raw files: 1, Approvals: false, Rejections: false). Invoking ingest script...
2026-07-18 21:00:33 - Activity detected (Raw files: 1, Approvals: false, Rejections: false). Invoking ingest script...
2026-07-18 21:00:34 - Activity detected (Raw files: 1, Approvals: false, Rejections: false). Invoking ingest script...
2026-07-18 21:00:38 - Activity detected (Raw files: 1, Approvals: false, Rejections: false). Invoking ingest script...
2026-07-18 21:00:39 - Activity detected (Raw files: 1, Approvals: false, Rejections: false). Invoking ingest script...
2026-07-18 21:00:43 - Activity detected (Raw files: 1, Approvals: false, Rejections: false). Invoking ingest script...
2026-07-18 21:00:44 - Activity detected (Raw files: 1, Approvals: false, Rejections: false). Invoking ingest script...
2026-07-18 21:00:48 - Activity detected (Raw files: 1, Approvals: false, Rejections: false). Invoking ingest script...
2026-07-18 21:00:49 - Activity detected (Raw files: 1, Approvals: false, Rejections: false). Invoking ingest script...
2026-07-18 21:00:53 - Activity detected (Raw files: 1, Approvals: false, Rejections: false). Invoking ingest script...
2026-07-18 21:00:54 - Activity detected (Raw files: 1, Approvals: false, Rejections: false). Invoking ingest script...
2026-07-18 21:00:59 - Activity detected (Raw files: 1, Approvals: false, Rejections: false). Invoking ingest script...
2026-07-18 21:01:00 - Activity detected (Raw files: 1, Approvals: false, Rejections: false). Invoking ingest script...
2026-07-18 21:01:04 - Activity detected (Raw files: 1, Approvals: false, Rejections: false). Invoking ingest script...
2026-07-18 21:01:05 - Activity detected (Raw files: 1, Approvals: false, Rejections: false). Invoking ingest script...
2026-07-18 21:01:09 - Activity detected (Raw files: 1, Approvals: false, Rejections: false). Invoking ingest script...
2026-07-18 21:01:10 - Activity detected (Raw files: 1, Approvals: false, Rejections: false). Invoking ingest script...
2026-07-18 21:01:14 - Activity detected (Raw files: 1, Approvals: false, Rejections: false). Invoking ingest script...
2026-07-18 21:01:15 - Activity detected (Raw files: 1, Approvals: false, Rejections: false). Invoking ingest script...
2026-07-18 21:01:19 - Activity detected (Raw files: 1, Approvals: false, Rejections: false). Invoking ingest script...
2026-07-18 21:13:27 - Activity detected (Raw files: 1, Approvals: false, Rejections: false). Invoking ingest script...
2026-07-18 21:13:32 - Activity detected (Raw files: 1, Approvals: false, Rejections: false). Invoking ingest script...
2026-07-18 21:13:32 - Activity detected (Raw files: 1, Approvals: false, Rejections: false). Invoking ingest script...
2026-07-18 21:13:37 - Activity detected (Raw files: 1, Approvals: false, Rejections: false). Invoking ingest script...
2026-07-18 21:13:37 - Activity detected (Raw files: 1, Approvals: false, Rejections: false). Invoking ingest script...
2026-07-18 21:13:42 - Activity detected (Raw files: 1, Approvals: false, Rejections: false). Invoking ingest script...
2026-07-18 21:13:42 - Activity detected (Raw files: 1, Approvals: false, Rejections: false). Invoking ingest script...
2026-07-18 21:13:47 - Activity detected (Raw files: 1, Approvals: false, Rejections: false). Invoking ingest script...
2026-07-18 21:13:47 - Activity detected (Raw files: 1, Approvals: false, Rejections: false). Invoking ingest script...
2026-07-18 21:13:52 - Activity detected (Raw files: 1, Approvals: false, Rejections: false). Invoking ingest script...
2026-07-18 21:13:52 - Activity detected (Raw files: 1, Approvals: false, Rejections: false). Invoking ingest script...
2026-07-18 21:20:32 - Activity detected (Raw files: 1, Approvals: false, Rejections: false). Invoking ingest script...
2026-07-18 21:20:32 - Activity detected (Raw files: 1, Approvals: false, Rejections: false). Invoking ingest script...
2026-07-18 21:20:37 - Activity detected (Raw files: 1, Approvals: false, Rejections: false). Invoking ingest script...
2026-07-18 21:20:37 - Activity detected (Raw files: 1, Approvals: false, Rejections: false). Invoking ingest script...
2026-07-18 21:20:42 - Activity detected (Raw files: 1, Approvals: false, Rejections: false). Invoking ingest script...
2026-07-18 21:20:42 - Activity detected (Raw files: 1, Approvals: false, Rejections: false). Invoking ingest script...
2026-07-18 21:20:47 - Activity detected (Raw files: 1, Approvals: false, Rejections: false). Invoking ingest script...
2026-07-18 21:20:48 - Activity detected (Raw files: 1, Approvals: false, Rejections: false). Invoking ingest script...
2026-07-18 21:20:53 - Activity detected (Raw files: 1, Approvals: false, Rejections: false). Invoking ingest script...
2026-07-18 21:20:53 - Activity detected (Raw files: 1, Approvals: false, Rejections: false). Invoking ingest script...
2026-07-18 21:20:58 - Activity detected (Raw files: 1, Approvals: false, Rejections: false). Invoking ingest script...
2026-07-18 21:20:58 - Activity detected (Raw files: 1, Approvals: false, Rejections: false). Invoking ingest script...
2026-07-18 21:36:34 - Activity detected (Raw files: 1, Approvals: false, Rejections: false). Invoking ingest script...
2026-07-18 21:36:35 - Activity detected (Raw files: 1, Approvals: false, Rejections: false). Invoking ingest script...
2026-07-18 21:36:39 - Activity detected (Raw files: 1, Approvals: false, Rejections: false). Invoking ingest script...
2026-07-18 21:36:40 - Activity detected (Raw files: 1, Approvals: false, Rejections: false). Invoking ingest script...
2026-07-18 21:36:44 - Activity detected (Raw files: 1, Approvals: false, Rejections: false). Invoking ingest script...
2026-07-18 21:36:45 - Activity detected (Raw files: 1, Approvals: false, Rejections: false). Invoking ingest script...
2026-07-18 21:36:49 - Activity detected (Raw files: 1, Approvals: false, Rejections: false). Invoking ingest script...
2026-07-18 21:36:50 - Activity detected (Raw files: 1, Approvals: false, Rejections: false). Invoking ingest script...
2026-07-18 21:36:54 - Activity detected (Raw files: 1, Approvals: false, Rejections: false). Invoking ingest script...
2026-07-18 21:36:55 - Activity detected (Raw files: 1, Approvals: false, Rejections: false). Invoking ingest script...
2026-07-18 21:37:00 - Activity detected (Raw files: 1, Approvals: false, Rejections: false). Invoking ingest script...
2026-07-18 21:37:00 - Activity detected (Raw files: 1, Approvals: false, Rejections: false). Invoking ingest script...
2026-07-18 21:37:05 - Activity detected (Raw files: 1, Approvals: false, Rejections: false). Invoking ingest script...
2026-07-18 21:37:44 - Activity detected (Raw files: 1, Approvals: false, Rejections: false). Invoking ingest script...
2026-07-18 21:37:48 - Activity detected (Raw files: 1, Approvals: false, Rejections: false). Invoking ingest script...
2026-07-18 21:37:49 - Activity detected (Raw files: 1, Approvals: false, Rejections: false). Invoking ingest script...
2026-07-18 21:37:53 - Activity detected (Raw files: 1, Approvals: false, Rejections: false). Invoking ingest script...
2026-07-18 21:37:54 - Activity detected (Raw files: 1, Approvals: false, Rejections: false). Invoking ingest script...
2026-07-18 21:37:58 - Activity detected (Raw files: 1, Approvals: false, Rejections: false). Invoking ingest script...
2026-07-18 21:38:00 - Activity detected (Raw files: 1, Approvals: false, Rejections: false). Invoking ingest script...
2026-07-18 21:38:04 - Activity detected (Raw files: 1, Approvals: false, Rejections: false). Invoking ingest script...
2026-07-18 21:38:05 - Activity detected (Raw files: 1, Approvals: false, Rejections: false). Invoking ingest script...
2026-07-18 21:38:09 - Activity detected (Raw files: 1, Approvals: false, Rejections: false). Invoking ingest script...
2026-07-18 21:47:05 - Activity detected (Raw files: 1, Approvals: false, Rejections: false). Invoking ingest script...
2026-07-18 21:47:10 - Activity detected (Raw files: 1, Approvals: false, Rejections: false). Invoking ingest script...
2026-07-18 21:47:10 - Activity detected (Raw files: 1, Approvals: false, Rejections: false). Invoking ingest script...
2026-07-18 21:47:15 - Activity detected (Raw files: 1, Approvals: false, Rejections: false). Invoking ingest script...
2026-07-18 21:47:15 - Activity detected (Raw files: 1, Approvals: false, Rejections: false). Invoking ingest script...
2026-07-18 22:03:16 - Activity detected (Raw files: 1, Approvals: false, Rejections: false). Invoking ingest script...
2026-07-18 22:03:16 - Activity detected (Raw files: 1, Approvals: false, Rejections: false). Invoking ingest script...
2026-07-18 22:12:02 - Activity detected (Raw files: 1, Approvals: false, Rejections: false). Invoking ingest script...
2026-07-18 22:12:03 - Activity detected (Raw files: 1, Approvals: false, Rejections: false). Invoking ingest script...
2026-07-18 22:12:07 - Activity detected (Raw files: 1, Approvals: false, Rejections: false). Invoking ingest script...
2026-07-18 22:12:08 - Activity detected (Raw files: 1, Approvals: false, Rejections: false). Invoking ingest script...
2026-07-18 22:12:13 - Activity detected (Raw files: 1, Approvals: false, Rejections: false). Invoking ingest script...
2026-07-18 22:21:32 - Activity detected (Raw files: 1, Approvals: false, Rejections: false). Invoking ingest script...
2026-07-18 22:21:36 - Activity detected (Raw files: 1, Approvals: false, Rejections: false). Invoking ingest script...
2026-07-18 22:21:37 - Activity detected (Raw files: 1, Approvals: false, Rejections: false). Invoking ingest script...
2026-07-18 22:21:41 - Activity detected (Raw files: 1, Approvals: false, Rejections: false). Invoking ingest script...
2026-07-18 22:21:42 - Activity detected (Raw files: 1, Approvals: false, Rejections: false). Invoking ingest script...
2026-07-18 22:29:05 - Activity detected (Raw files: 1, Approvals: false, Rejections: false). Invoking ingest script...
2026-07-18 22:29:06 - Activity detected (Raw files: 1, Approvals: false, Rejections: false). Invoking ingest script...
2026-07-18 22:29:11 - Activity detected (Raw files: 1, Approvals: false, Rejections: false). Invoking ingest script...
2026-07-18 22:29:11 - Activity detected (Raw files: 1, Approvals: false, Rejections: false). Invoking ingest script...
2026-07-18 22:29:16 - Activity detected (Raw files: 1, Approvals: false, Rejections: false). Invoking ingest script...
2026-07-18 22:29:16 - Activity detected (Raw files: 1, Approvals: false, Rejections: false). Invoking ingest script...
2026-07-18 22:29:21 - Activity detected (Raw files: 1, Approvals: false, Rejections: false). Invoking ingest script...
2026-07-18 22:29:22 - Activity detected (Raw files: 1, Approvals: false, Rejections: false). Invoking ingest script...
2026-07-18 22:29:26 - Activity detected (Raw files: 1, Approvals: false, Rejections: false). Invoking ingest script...
2026-07-18 22:29:27 - Activity detected (Raw files: 1, Approvals: false, Rejections: false). Invoking ingest script...
2026-07-18 22:29:32 - Activity detected (Raw files: 1, Approvals: false, Rejections: false). Invoking ingest script...
2026-07-18 22:29:32 - Activity detected (Raw files: 1, Approvals: false, Rejections: false). Invoking ingest script...
2026-07-18 22:29:37 - Activity detected (Raw files: 1, Approvals: false, Rejections: false). Invoking ingest script...
2026-07-18 22:29:37 - Activity detected (Raw files: 1, Approvals: false, Rejections: false). Invoking ingest script...
2026-07-18 22:44:51 - Activity detected (Raw files: 1, Approvals: false, Rejections: false). Invoking ingest script...
2026-07-18 22:44:51 - Activity detected (Raw files: 1, Approvals: false, Rejections: false). Invoking ingest script...
2026-07-18 23:02:50 - Activity detected (Raw files: 1, Approvals: false, Rejections: false). Invoking ingest script...
2026-07-18 23:02:51 - Activity detected (Raw files: 1, Approvals: false, Rejections: false). Invoking ingest script...
2026-07-18 23:15:28 - Activity detected (Raw files: 1, Approvals: false, Rejections: false). Invoking ingest script...
2026-07-18 23:15:29 - Activity detected (Raw files: 1, Approvals: false, Rejections: false). Invoking ingest script...
2026-07-18 23:15:33 - Activity detected (Raw files: 1, Approvals: false, Rejections: false). Invoking ingest script...
2026-07-18 23:15:34 - Activity detected (Raw files: 1, Approvals: false, Rejections: false). Invoking ingest script...
2026-07-18 23:15:38 - Activity detected (Raw files: 1, Approvals: false, Rejections: false). Invoking ingest script...
2026-07-18 23:15:39 - Activity detected (Raw files: 1, Approvals: false, Rejections: false). Invoking ingest script...
2026-07-18 23:15:43 - Activity detected (Raw files: 1, Approvals: false, Rejections: false). Invoking ingest script...
2026-07-18 23:15:44 - Activity detected (Raw files: 1, Approvals: false, Rejections: false). Invoking ingest script...
2026-07-18 23:22:31 - Activity detected (Raw files: 1, Approvals: false, Rejections: false). Invoking ingest script...
2026-07-18 23:22:32 - Activity detected (Raw files: 1, Approvals: false, Rejections: false). Invoking ingest script...
2026-07-18 23:22:37 - Activity detected (Raw files: 1, Approvals: false, Rejections: false). Invoking ingest script...
2026-07-18 23:22:37 - Activity detected (Raw files: 1, Approvals: false, Rejections: false). Invoking ingest script...
2026-07-18 23:31:53 - Activity detected (Raw files: 1, Approvals: false, Rejections: false). Invoking ingest script...
2026-07-18 23:31:53 - Activity detected (Raw files: 1, Approvals: false, Rejections: false). Invoking ingest script...
2026-07-18 23:31:58 - Activity detected (Raw files: 1, Approvals: false, Rejections: false). Invoking ingest script...
2026-07-18 23:31:58 - Activity detected (Raw files: 1, Approvals: false, Rejections: false). Invoking ingest script...
2026-07-18 23:32:03 - Activity detected (Raw files: 1, Approvals: false, Rejections: false). Invoking ingest script...
2026-07-18 23:32:03 - Activity detected (Raw files: 1, Approvals: false, Rejections: false). Invoking ingest script...
2026-07-18 23:32:08 - Activity detected (Raw files: 1, Approvals: false, Rejections: false). Invoking ingest script...
2026-07-18 23:32:23 - Activity detected (Raw files: 1, Approvals: false, Rejections: false). Invoking ingest script...
2026-07-18 23:32:28 - Activity detected (Raw files: 1, Approvals: false, Rejections: false). Invoking ingest script...
2026-07-18 23:32:28 - Activity detected (Raw files: 1, Approvals: false, Rejections: false). Invoking ingest script...
2026-07-18 23:32:33 - Activity detected (Raw files: 1, Approvals: false, Rejections: false). Invoking ingest script...
2026-07-18 23:32:33 - Activity detected (Raw files: 1, Approvals: false, Rejections: false). Invoking ingest script...
2026-07-18 23:32:38 - Activity detected (Raw files: 1, Approvals: false, Rejections: false). Invoking ingest script...
2026-07-18 23:32:38 - Activity detected (Raw files: 1, Approvals: false, Rejections: false). Invoking ingest script...
2026-07-18 23:32:43 - Activity detected (Raw files: 1, Approvals: false, Rejections: false). Invoking ingest script...
2026-07-18 23:32:43 - Activity detected (Raw files: 1, Approvals: false, Rejections: false). Invoking ingest script...
2026-07-18 23:32:48 - Activity detected (Raw files: 1, Approvals: false, Rejections: false). Invoking ingest script...
2026-07-18 23:32:48 - Activity detected (Raw files: 1, Approvals: false, Rejections: false). Invoking ingest script...
2026-07-18 23:32:53 - Activity detected (Raw files: 1, Approvals: false, Rejections: false). Invoking ingest script...
2026-07-18 23:32:53 - Activity detected (Raw files: 1, Approvals: false, Rejections: false). Invoking ingest script...
2026-07-18 23:32:58 - Activity detected (Raw files: 1, Approvals: false, Rejections: false). Invoking ingest script...
2026-07-18 23:33:05 - Activity detected (Raw files: 1, Approvals: false, Rejections: false). Invoking ingest script...
2026-07-18 23:33:09 - Activity detected (Raw files: 1, Approvals: false, Rejections: false). Invoking ingest script...
2026-07-18 23:33:10 - Activity detected (Raw files: 1, Approvals: false, Rejections: false). Invoking ingest script...
2026-07-18 23:33:14 - Activity detected (Raw files: 1, Approvals: false, Rejections: false). Invoking ingest script...
2026-07-18 23:33:15 - Activity detected (Raw files: 1, Approvals: false, Rejections: false). Invoking ingest script...
2026-07-18 23:33:20 - Activity detected (Raw files: 1, Approvals: false, Rejections: false). Invoking ingest script...
2026-07-18 23:33:20 - Activity detected (Raw files: 1, Approvals: false, Rejections: false). Invoking ingest script...
2026-07-18 23:33:25 - Activity detected (Raw files: 1, Approvals: false, Rejections: false). Invoking ingest script...
2026-07-18 23:33:26 - Activity detected (Raw files: 1, Approvals: false, Rejections: false). Invoking ingest script...
2026-07-18 23:33:30 - Activity detected (Raw files: 1, Approvals: false, Rejections: false). Invoking ingest script...
2026-07-18 23:33:31 - Activity detected (Raw files: 1, Approvals: false, Rejections: false). Invoking ingest script...
2026-07-18 23:33:36 - Activity detected (Raw files: 1, Approvals: false, Rejections: false). Invoking ingest script...
2026-07-18 23:33:36 - Activity detected (Raw files: 1, Approvals: false, Rejections: false). Invoking ingest script...
2026-07-18 23:33:41 - Activity detected (Raw files: 1, Approvals: false, Rejections: false). Invoking ingest script...
2026-07-18 23:33:42 - Activity detected (Raw files: 1, Approvals: false, Rejections: false). Invoking ingest script...
2026-07-18 23:33:46 - Activity detected (Raw files: 1, Approvals: false, Rejections: false). Invoking ingest script...
2026-07-18 23:33:47 - Activity detected (Raw files: 1, Approvals: false, Rejections: false). Invoking ingest script...
2026-07-18 23:33:55 - Activity detected (Raw files: 1, Approvals: false, Rejections: false). Invoking ingest script...
2026-07-18 23:33:55 - Activity detected (Raw files: 1, Approvals: false, Rejections: false). Invoking ingest script...
2026-07-18 23:34:00 - Activity detected (Raw files: 1, Approvals: false, Rejections: false). Invoking ingest script...
2026-07-18 23:34:00 - Activity detected (Raw files: 1, Approvals: false, Rejections: false). Invoking ingest script...
2026-07-18 23:34:14 - Activity detected (Raw files: 1, Approvals: false, Rejections: false). Invoking ingest script...
2026-07-18 23:34:15 - Activity detected (Raw files: 1, Approvals: false, Rejections: false). Invoking ingest script...
2026-07-18 23:34:19 - Activity detected (Raw files: 1, Approvals: false, Rejections: false). Invoking ingest script...
2026-07-18 23:34:20 - Activity detected (Raw files: 1, Approvals: false, Rejections: false). Invoking ingest script...
2026-07-18 23:34:24 - Activity detected (Raw files: 1, Approvals: false, Rejections: false). Invoking ingest script...
2026-07-18 23:34:25 - Activity detected (Raw files: 1, Approvals: false, Rejections: false). Invoking ingest script...
2026-07-18 23:34:30 - Activity detected (Raw files: 1, Approvals: false, Rejections: false). Invoking ingest script...
2026-07-18 23:43:36 - Activity detected (Raw files: 1, Approvals: false, Rejections: false). Invoking ingest script...
2026-07-18 23:43:41 - Activity detected (Raw files: 1, Approvals: false, Rejections: false). Invoking ingest script...
2026-07-18 23:43:41 - Activity detected (Raw files: 1, Approvals: false, Rejections: false). Invoking ingest script...
2026-07-18 23:43:46 - Activity detected (Raw files: 1, Approvals: false, Rejections: false). Invoking ingest script...
2026-07-18 23:43:46 - Activity detected (Raw files: 1, Approvals: false, Rejections: false). Invoking ingest script...
2026-07-18 23:43:52 - Activity detected (Raw files: 1, Approvals: false, Rejections: false). Invoking ingest script...
2026-07-18 23:43:52 - Activity detected (Raw files: 1, Approvals: false, Rejections: false). Invoking ingest script...
2026-07-18 23:43:57 - Activity detected (Raw files: 1, Approvals: false, Rejections: false). Invoking ingest script...
2026-07-18 23:43:57 - Activity detected (Raw files: 1, Approvals: false, Rejections: false). Invoking ingest script...
2026-07-18 23:44:02 - Activity detected (Raw files: 1, Approvals: false, Rejections: false). Invoking ingest script...
2026-07-18 23:44:02 - Activity detected (Raw files: 1, Approvals: false, Rejections: false). Invoking ingest script...
2026-07-18 23:44:07 - Activity detected (Raw files: 1, Approvals: false, Rejections: false). Invoking ingest script...
2026-07-18 23:44:07 - Activity detected (Raw files: 1, Approvals: false, Rejections: false). Invoking ingest script...
2026-07-18 23:44:12 - Activity detected (Raw files: 1, Approvals: false, Rejections: false). Invoking ingest script...
2026-07-18 23:44:12 - Activity detected (Raw files: 1, Approvals: false, Rejections: false). Invoking ingest script...
2026-07-18 23:48:08 - Activity detected (Raw files: 1, Approvals: false, Rejections: false). Invoking ingest script...
2026-07-18 23:48:08 - Activity detected (Raw files: 1, Approvals: false, Rejections: false). Invoking ingest script...
2026-07-18 23:48:13 - Activity detected (Raw files: 1, Approvals: false, Rejections: false). Invoking ingest script...
2026-07-18 23:48:13 - Activity detected (Raw files: 1, Approvals: false, Rejections: false). Invoking ingest script...
2026-07-18 23:50:22 - Activity detected (Raw files: 1, Approvals: false, Rejections: false). Invoking ingest script...
2026-07-18 23:50:22 - Activity detected (Raw files: 1, Approvals: false, Rejections: false). Invoking ingest script...
2026-07-18 23:50:27 - Activity detected (Raw files: 1, Approvals: false, Rejections: false). Invoking ingest script...
2026-07-18 23:50:27 - Activity detected (Raw files: 1, Approvals: false, Rejections: false). Invoking ingest script...
2026-07-18 23:50:33 - Activity detected (Raw files: 1, Approvals: false, Rejections: false). Invoking ingest script...
2026-07-18 23:50:33 - Activity detected (Raw files: 1, Approvals: false, Rejections: false). Invoking ingest script...
2026-07-19 00:06:25 - Activity detected (Raw files: 1, Approvals: false, Rejections: false). Invoking ingest script...
2026-07-19 00:06:25 - Activity detected (Raw files: 1, Approvals: false, Rejections: false). Invoking ingest script...
2026-07-19 00:06:30 - Activity detected (Raw files: 1, Approvals: false, Rejections: false). Invoking ingest script...
2026-07-19 00:06:30 - Activity detected (Raw files: 1, Approvals: false, Rejections: false). Invoking ingest script...
2026-07-19 00:06:37 - Activity detected (Raw files: 1, Approvals: false, Rejections: false). Invoking ingest script...
2026-07-19 00:06:37 - Activity detected (Raw files: 1, Approvals: false, Rejections: false). Invoking ingest script...
2026-07-19 00:06:42 - Activity detected (Raw files: 1, Approvals: false, Rejections: false). Invoking ingest script...
2026-07-19 00:06:42 - Activity detected (Raw files: 1, Approvals: false, Rejections: false). Invoking ingest script...
2026-07-19 00:06:47 - Activity detected (Raw files: 1, Approvals: false, Rejections: false). Invoking ingest script...
2026-07-19 00:06:47 - Activity detected (Raw files: 1, Approvals: false, Rejections: false). Invoking ingest script...
2026-07-19 00:06:53 - Activity detected (Raw files: 1, Approvals: false, Rejections: false). Invoking ingest script...
2026-07-19 00:06:53 - Activity detected (Raw files: 1, Approvals: false, Rejections: false). Invoking ingest script...
2026-07-19 00:06:58 - Activity detected (Raw files: 1, Approvals: false, Rejections: false). Invoking ingest script...
2026-07-19 00:06:58 - Activity detected (Raw files: 1, Approvals: false, Rejections: false). Invoking ingest script...
2026-07-19 00:08:47 - Activity detected (Raw files: 1, Approvals: false, Rejections: false). Invoking ingest script...
2026-07-19 00:08:47 - Activity detected (Raw files: 1, Approvals: false, Rejections: false). Invoking ingest script...
2026-07-19 00:08:52 - Activity detected (Raw files: 1, Approvals: false, Rejections: false). Invoking ingest script...
2026-07-19 00:08:52 - Activity detected (Raw files: 1, Approvals: false, Rejections: false). Invoking ingest script...
2026-07-19 00:08:57 - Activity detected (Raw files: 1, Approvals: false, Rejections: false). Invoking ingest script...
2026-07-19 00:08:57 - Activity detected (Raw files: 1, Approvals: false, Rejections: false). Invoking ingest script...
2026-07-19 00:23:32 - Activity detected (Raw files: 1, Approvals: false, Rejections: false). Invoking ingest script...
2026-07-19 00:23:32 - Activity detected (Raw files: 1, Approvals: false, Rejections: false). Invoking ingest script...
2026-07-19 00:23:37 - Activity detected (Raw files: 1, Approvals: false, Rejections: false). Invoking ingest script...
2026-07-19 00:23:37 - Activity detected (Raw files: 1, Approvals: false, Rejections: false). Invoking ingest script...
2026-07-19 00:23:42 - Activity detected (Raw files: 1, Approvals: false, Rejections: false). Invoking ingest script...
2026-07-19 00:23:42 - Activity detected (Raw files: 1, Approvals: false, Rejections: false). Invoking ingest script...
2026-07-19 00:23:47 - Activity detected (Raw files: 1, Approvals: false, Rejections: false). Invoking ingest script...
2026-07-19 00:23:47 - Activity detected (Raw files: 1, Approvals: false, Rejections: false). Invoking ingest script...
2026-07-19 00:28:01 - Activity detected (Raw files: 1, Approvals: false, Rejections: false). Invoking ingest script...
2026-07-19 00:28:01 - Activity detected (Raw files: 1, Approvals: false, Rejections: false). Invoking ingest script...
2026-07-19 00:28:06 - Activity detected (Raw files: 1, Approvals: false, Rejections: false). Invoking ingest script...
2026-07-19 00:28:06 - Activity detected (Raw files: 1, Approvals: false, Rejections: false). Invoking ingest script...
2026-07-19 00:28:11 - Activity detected (Raw files: 1, Approvals: false, Rejections: false). Invoking ingest script...
2026-07-19 00:28:11 - Activity detected (Raw files: 1, Approvals: false, Rejections: false). Invoking ingest script...
2026-07-19 00:28:16 - Activity detected (Raw files: 1, Approvals: false, Rejections: false). Invoking ingest script...
2026-07-19 00:28:16 - Activity detected (Raw files: 1, Approvals: false, Rejections: false). Invoking ingest script...
2026-07-19 00:28:32 - Activity detected (Raw files: 1, Approvals: false, Rejections: false). Invoking ingest script...
2026-07-19 00:28:32 - Activity detected (Raw files: 1, Approvals: false, Rejections: false). Invoking ingest script...
2026-07-19 00:28:37 - Activity detected (Raw files: 1, Approvals: false, Rejections: false). Invoking ingest script...
2026-07-19 00:28:37 - Activity detected (Raw files: 1, Approvals: false, Rejections: false). Invoking ingest script...
2026-07-19 00:28:42 - Activity detected (Raw files: 1, Approvals: false, Rejections: false). Invoking ingest script...
2026-07-19 00:28:42 - Activity detected (Raw files: 1, Approvals: false, Rejections: false). Invoking ingest script...
2026-07-19 00:28:47 - Activity detected (Raw files: 1, Approvals: false, Rejections: false). Invoking ingest script...
2026-07-19 00:28:47 - Activity detected (Raw files: 1, Approvals: false, Rejections: false). Invoking ingest script...
2026-07-19 00:28:52 - Activity detected (Raw files: 1, Approvals: false, Rejections: false). Invoking ingest script...
2026-07-19 00:28:52 - Activity detected (Raw files: 1, Approvals: false, Rejections: false). Invoking ingest script...
2026-07-19 00:29:02 - Activity detected (Raw files: 1, Approvals: false, Rejections: false). Invoking ingest script...
2026-07-19 00:29:02 - Activity detected (Raw files: 1, Approvals: false, Rejections: false). Invoking ingest script...
2026-07-19 00:29:07 - Activity detected (Raw files: 1, Approvals: false, Rejections: false). Invoking ingest script...
2026-07-19 00:29:07 - Activity detected (Raw files: 1, Approvals: false, Rejections: false). Invoking ingest script...
2026-07-19 00:29:12 - Activity detected (Raw files: 1, Approvals: false, Rejections: false). Invoking ingest script...
2026-07-19 00:29:12 - Activity detected (Raw files: 1, Approvals: false, Rejections: false). Invoking ingest script...
2026-07-19 00:29:22 - Activity detected (Raw files: 1, Approvals: false, Rejections: false). Invoking ingest script...
2026-07-19 00:29:22 - Activity detected (Raw files: 1, Approvals: false, Rejections: false). Invoking ingest script...
2026-07-19 00:29:27 - Activity detected (Raw files: 1, Approvals: false, Rejections: false). Invoking ingest script...
2026-07-19 00:29:27 - Activity detected (Raw files: 1, Approvals: false, Rejections: false). Invoking ingest script...
2026-07-19 00:29:32 - Activity detected (Raw files: 1, Approvals: false, Rejections: false). Invoking ingest script...
2026-07-19 00:29:32 - Activity detected (Raw files: 1, Approvals: false, Rejections: false). Invoking ingest script...
2026-07-19 00:29:37 - Activity detected (Raw files: 1, Approvals: false, Rejections: false). Invoking ingest script...
2026-07-19 00:29:37 - Activity detected (Raw files: 1, Approvals: false, Rejections: false). Invoking ingest script...
2026-07-19 00:29:42 - Activity detected (Raw files: 1, Approvals: false, Rejections: false). Invoking ingest script...
2026-07-19 00:29:42 - Activity detected (Raw files: 1, Approvals: false, Rejections: false). Invoking ingest script...
2026-07-19 00:29:47 - Activity detected (Raw files: 1, Approvals: false, Rejections: false). Invoking ingest script...
2026-07-19 00:29:47 - Activity detected (Raw files: 1, Approvals: false, Rejections: false). Invoking ingest script...
2026-07-19 00:29:52 - Activity detected (Raw files: 1, Approvals: false, Rejections: false). Invoking ingest script...
2026-07-19 00:29:52 - Activity detected (Raw files: 1, Approvals: false, Rejections: false). Invoking ingest script...
2026-07-19 00:29:57 - Activity detected (Raw files: 1, Approvals: false, Rejections: false). Invoking ingest script...
2026-07-19 00:29:58 - Activity detected (Raw files: 1, Approvals: false, Rejections: false). Invoking ingest script...
2026-07-19 00:30:24 - Activity detected (Raw files: 1, Approvals: false, Rejections: false). Invoking ingest script...
2026-07-19 00:30:24 - Activity detected (Raw files: 1, Approvals: false, Rejections: false). Invoking ingest script...
2026-07-19 00:30:29 - Activity detected (Raw files: 1, Approvals: false, Rejections: false). Invoking ingest script...
2026-07-19 00:30:29 - Activity detected (Raw files: 1, Approvals: false, Rejections: false). Invoking ingest script...
2026-07-19 00:30:34 - Activity detected (Raw files: 1, Approvals: false, Rejections: false). Invoking ingest script...
2026-07-19 00:30:34 - Activity detected (Raw files: 1, Approvals: false, Rejections: false). Invoking ingest script...
2026-07-19 00:30:39 - Activity detected (Raw files: 1, Approvals: false, Rejections: false). Invoking ingest script...
2026-07-19 00:30:39 - Activity detected (Raw files: 1, Approvals: false, Rejections: false). Invoking ingest script...
2026-07-19 00:31:39 - Activity detected (Raw files: 1, Approvals: false, Rejections: false). Invoking ingest script...
2026-07-19 00:31:39 - Activity detected (Raw files: 1, Approvals: false, Rejections: false). Invoking ingest script...
2026-07-19 00:31:44 - Activity detected (Raw files: 1, Approvals: false, Rejections: false). Invoking ingest script...
2026-07-19 00:31:44 - Activity detected (Raw files: 1, Approvals: false, Rejections: false). Invoking ingest script...
2026-07-19 00:31:49 - Activity detected (Raw files: 1, Approvals: false, Rejections: false). Invoking ingest script...
2026-07-19 00:31:49 - Activity detected (Raw files: 1, Approvals: false, Rejections: false). Invoking ingest script...
2026-07-19 00:31:54 - Activity detected (Raw files: 1, Approvals: false, Rejections: false). Invoking ingest script...
2026-07-19 00:31:54 - Activity detected (Raw files: 1, Approvals: false, Rejections: false). Invoking ingest script...
2026-07-19 00:44:40 - Activity detected (Raw files: 1, Approvals: false, Rejections: false). Invoking ingest script...
2026-07-19 00:44:40 - Activity detected (Raw files: 1, Approvals: false, Rejections: false). Invoking ingest script...
2026-07-19 00:44:45 - Activity detected (Raw files: 1, Approvals: false, Rejections: false). Invoking ingest script...
2026-07-19 00:44:45 - Activity detected (Raw files: 1, Approvals: false, Rejections: false). Invoking ingest script...
2026-07-19 00:44:51 - Activity detected (Raw files: 1, Approvals: false, Rejections: false). Invoking ingest script...
2026-07-19 00:44:51 - Activity detected (Raw files: 1, Approvals: false, Rejections: false). Invoking ingest script...
2026-07-19 00:45:43 - Activity detected (Raw files: 1, Approvals: false, Rejections: false). Invoking ingest script...
2026-07-19 00:45:43 - Activity detected (Raw files: 1, Approvals: false, Rejections: false). Invoking ingest script...
2026-07-19 00:45:48 - Activity detected (Raw files: 1, Approvals: false, Rejections: false). Invoking ingest script...
2026-07-19 00:45:48 - Activity detected (Raw files: 1, Approvals: false, Rejections: false). Invoking ingest script...
2026-07-19 00:59:40 - Activity detected (Raw files: 1, Approvals: false, Rejections: false). Invoking ingest script...
2026-07-19 00:59:40 - Activity detected (Raw files: 1, Approvals: false, Rejections: false). Invoking ingest script...
2026-07-19 00:59:45 - Activity detected (Raw files: 1, Approvals: false, Rejections: false). Invoking ingest script...
2026-07-19 00:59:45 - Activity detected (Raw files: 1, Approvals: false, Rejections: false). Invoking ingest script...
2026-07-19 00:59:50 - Activity detected (Raw files: 1, Approvals: false, Rejections: false). Invoking ingest script...
2026-07-19 00:59:50 - Activity detected (Raw files: 1, Approvals: false, Rejections: false). Invoking ingest script...
2026-07-19 00:59:55 - Activity detected (Raw files: 1, Approvals: false, Rejections: false). Invoking ingest script...
2026-07-19 00:59:55 - Activity detected (Raw files: 1, Approvals: false, Rejections: false). Invoking ingest script...
2026-07-19 01:00:55 - Activity detected (Raw files: 1, Approvals: false, Rejections: false). Invoking ingest script...
2026-07-19 01:00:55 - Activity detected (Raw files: 1, Approvals: false, Rejections: false). Invoking ingest script...
2026-07-19 01:01:00 - Activity detected (Raw files: 1, Approvals: false, Rejections: false). Invoking ingest script...
2026-07-19 01:01:00 - Activity detected (Raw files: 1, Approvals: false, Rejections: false). Invoking ingest script...
2026-07-19 01:01:05 - Activity detected (Raw files: 1, Approvals: false, Rejections: false). Invoking ingest script...
2026-07-19 01:01:05 - Activity detected (Raw files: 1, Approvals: false, Rejections: false). Invoking ingest script...
2026-07-19 01:01:28 - Activity detected (Raw files: 1, Approvals: false, Rejections: false). Invoking ingest script...
2026-07-19 01:01:28 - Activity detected (Raw files: 1, Approvals: false, Rejections: false). Invoking ingest script...
2026-07-19 01:01:33 - Activity detected (Raw files: 1, Approvals: false, Rejections: false). Invoking ingest script...
2026-07-19 01:01:33 - Activity detected (Raw files: 1, Approvals: false, Rejections: false). Invoking ingest script...
2026-07-19 01:01:39 - Activity detected (Raw files: 1, Approvals: false, Rejections: false). Invoking ingest script...
2026-07-19 01:01:39 - Activity detected (Raw files: 1, Approvals: false, Rejections: false). Invoking ingest script...
2026-07-19 01:01:44 - Activity detected (Raw files: 1, Approvals: false, Rejections: false). Invoking ingest script...
2026-07-19 01:01:44 - Activity detected (Raw files: 1, Approvals: false, Rejections: false). Invoking ingest script...
2026-07-19 01:02:03 - Activity detected (Raw files: 1, Approvals: false, Rejections: false). Invoking ingest script...
2026-07-19 01:02:03 - Activity detected (Raw files: 1, Approvals: false, Rejections: false). Invoking ingest script...
2026-07-19 01:02:09 - Activity detected (Raw files: 1, Approvals: false, Rejections: false). Invoking ingest script...
2026-07-19 01:02:09 - Activity detected (Raw files: 1, Approvals: false, Rejections: false). Invoking ingest script...
2026-07-19 01:02:14 - Activity detected (Raw files: 1, Approvals: false, Rejections: false). Invoking ingest script...
2026-07-19 01:02:14 - Activity detected (Raw files: 1, Approvals: false, Rejections: false). Invoking ingest script...
2026-07-19 01:02:19 - Activity detected (Raw files: 1, Approvals: false, Rejections: false). Invoking ingest script...
2026-07-19 01:02:19 - Activity detected (Raw files: 1, Approvals: false, Rejections: false). Invoking ingest script...
2026-07-19 01:02:24 - Activity detected (Raw files: 1, Approvals: false, Rejections: false). Invoking ingest script...
2026-07-19 01:02:24 - Activity detected (Raw files: 1, Approvals: false, Rejections: false). Invoking ingest script...
2026-07-19 01:02:29 - Activity detected (Raw files: 1, Approvals: false, Rejections: false). Invoking ingest script...
2026-07-19 01:02:29 - Activity detected (Raw files: 1, Approvals: false, Rejections: false). Invoking ingest script...
2026-07-19 01:02:34 - Activity detected (Raw files: 1, Approvals: false, Rejections: false). Invoking ingest script...
2026-07-19 01:02:34 - Activity detected (Raw files: 1, Approvals: false, Rejections: false). Invoking ingest script...
2026-07-19 01:02:39 - Activity detected (Raw files: 1, Approvals: false, Rejections: false). Invoking ingest script...
2026-07-19 01:02:39 - Activity detected (Raw files: 1, Approvals: false, Rejections: false). Invoking ingest script...
2026-07-19 01:02:44 - Activity detected (Raw files: 1, Approvals: false, Rejections: false). Invoking ingest script...
2026-07-19 01:02:44 - Activity detected (Raw files: 1, Approvals: false, Rejections: false). Invoking ingest script...
2026-07-19 01:02:51 - Activity detected (Raw files: 1, Approvals: false, Rejections: false). Invoking ingest script...
2026-07-19 01:02:51 - Activity detected (Raw files: 1, Approvals: false, Rejections: false). Invoking ingest script...
2026-07-19 01:02:56 - Activity detected (Raw files: 1, Approvals: false, Rejections: false). Invoking ingest script...
2026-07-19 01:02:56 - Activity detected (Raw files: 1, Approvals: false, Rejections: false). Invoking ingest script...
2026-07-19 01:03:01 - Activity detected (Raw files: 1, Approvals: false, Rejections: false). Invoking ingest script...
2026-07-19 01:03:01 - Activity detected (Raw files: 1, Approvals: false, Rejections: false). Invoking ingest script...
2026-07-19 01:03:06 - Activity detected (Raw files: 1, Approvals: false, Rejections: false). Invoking ingest script...
2026-07-19 01:03:06 - Activity detected (Raw files: 1, Approvals: false, Rejections: false). Invoking ingest script...
2026-07-19 01:03:13 - Activity detected (Raw files: 1, Approvals: false, Rejections: false). Invoking ingest script...
2026-07-19 01:03:13 - Activity detected (Raw files: 1, Approvals: false, Rejections: false). Invoking ingest script...
2026-07-19 01:03:18 - Activity detected (Raw files: 1, Approvals: false, Rejections: false). Invoking ingest script...
2026-07-19 01:03:18 - Activity detected (Raw files: 1, Approvals: false, Rejections: false). Invoking ingest script...
2026-07-19 01:03:23 - Activity detected (Raw files: 1, Approvals: false, Rejections: false). Invoking ingest script...
2026-07-19 01:03:23 - Activity detected (Raw files: 1, Approvals: false, Rejections: false). Invoking ingest script...
2026-07-19 01:04:23 - Activity detected (Raw files: 1, Approvals: false, Rejections: false). Invoking ingest script...
2026-07-19 01:04:23 - Activity detected (Raw files: 1, Approvals: false, Rejections: false). Invoking ingest script...
2026-07-19 01:04:28 - Activity detected (Raw files: 1, Approvals: false, Rejections: false). Invoking ingest script...
2026-07-19 01:04:28 - Activity detected (Raw files: 1, Approvals: false, Rejections: false). Invoking ingest script...
2026-07-19 01:04:33 - Activity detected (Raw files: 1, Approvals: false, Rejections: false). Invoking ingest script...
2026-07-19 01:04:33 - Activity detected (Raw files: 1, Approvals: false, Rejections: false). Invoking ingest script...
2026-07-19 01:04:38 - Activity detected (Raw files: 1, Approvals: false, Rejections: false). Invoking ingest script...
2026-07-19 01:04:38 - Activity detected (Raw files: 1, Approvals: false, Rejections: false). Invoking ingest script...
2026-07-19 01:04:43 - Activity detected (Raw files: 1, Approvals: false, Rejections: false). Invoking ingest script...
2026-07-19 01:04:43 - Activity detected (Raw files: 1, Approvals: false, Rejections: false). Invoking ingest script...
2026-07-19 01:04:48 - Activity detected (Raw files: 1, Approvals: false, Rejections: false). Invoking ingest script...
2026-07-19 01:04:48 - Activity detected (Raw files: 1, Approvals: false, Rejections: false). Invoking ingest script...
2026-07-19 01:04:53 - Activity detected (Raw files: 1, Approvals: false, Rejections: false). Invoking ingest script...
2026-07-19 01:04:53 - Activity detected (Raw files: 1, Approvals: false, Rejections: false). Invoking ingest script...
2026-07-19 01:04:58 - Activity detected (Raw files: 1, Approvals: false, Rejections: false). Invoking ingest script...
2026-07-19 01:04:58 - Activity detected (Raw files: 1, Approvals: false, Rejections: false). Invoking ingest script...
2026-07-19 01:05:05 - Activity detected (Raw files: 1, Approvals: false, Rejections: false). Invoking ingest script...
2026-07-19 01:05:05 - Activity detected (Raw files: 1, Approvals: false, Rejections: false). Invoking ingest script...
2026-07-19 01:05:10 - Activity detected (Raw files: 1, Approvals: false, Rejections: false). Invoking ingest script...
2026-07-19 01:05:10 - Activity detected (Raw files: 1, Approvals: false, Rejections: false). Invoking ingest script...
2026-07-19 01:05:15 - Activity detected (Raw files: 1, Approvals: false, Rejections: false). Invoking ingest script...
2026-07-19 01:05:15 - Activity detected (Raw files: 1, Approvals: false, Rejections: false). Invoking ingest script...
2026-07-19 01:14:44 - Activity detected (Raw files: 1, Approvals: false, Rejections: false). Invoking ingest script...
2026-07-19 01:14:44 - Activity detected (Raw files: 1, Approvals: false, Rejections: false). Invoking ingest script...
2026-07-19 01:14:49 - Activity detected (Raw files: 1, Approvals: false, Rejections: false). Invoking ingest script...
2026-07-19 01:14:49 - Activity detected (Raw files: 1, Approvals: false, Rejections: false). Invoking ingest script...
2026-07-19 01:14:54 - Activity detected (Raw files: 1, Approvals: false, Rejections: false). Invoking ingest script...
2026-07-19 01:14:54 - Activity detected (Raw files: 1, Approvals: false, Rejections: false). Invoking ingest script...
2026-07-19 01:14:59 - Activity detected (Raw files: 1, Approvals: false, Rejections: false). Invoking ingest script...
2026-07-19 01:14:59 - Activity detected (Raw files: 1, Approvals: false, Rejections: false). Invoking ingest script...
2026-07-19 01:15:04 - Activity detected (Raw files: 1, Approvals: false, Rejections: false). Invoking ingest script...
2026-07-19 01:15:04 - Activity detected (Raw files: 1, Approvals: false, Rejections: false). Invoking ingest script...
2026-07-19 01:15:09 - Activity detected (Raw files: 1, Approvals: false, Rejections: false). Invoking ingest script...
2026-07-19 01:15:09 - Activity detected (Raw files: 1, Approvals: false, Rejections: false). Invoking ingest script...
2026-07-19 01:15:14 - Activity detected (Raw files: 1, Approvals: false, Rejections: false). Invoking ingest script...
2026-07-19 01:15:14 - Activity detected (Raw files: 1, Approvals: false, Rejections: false). Invoking ingest script...
2026-07-19 01:31:31 - Activity detected (Raw files: 1, Approvals: false, Rejections: false). Invoking ingest script...
2026-07-19 01:31:31 - Activity detected (Raw files: 1, Approvals: false, Rejections: false). Invoking ingest script...
2026-07-19 01:47:07 - Activity detected (Raw files: 1, Approvals: false, Rejections: false). Invoking ingest script...
2026-07-19 01:47:07 - Activity detected (Raw files: 1, Approvals: false, Rejections: false). Invoking ingest script...
2026-07-19 01:47:39 - Activity detected (Raw files: 1, Approvals: false, Rejections: false). Invoking ingest script...
2026-07-19 01:47:39 - Activity detected (Raw files: 1, Approvals: false, Rejections: false). Invoking ingest script...
2026-07-19 01:47:44 - Activity detected (Raw files: 1, Approvals: false, Rejections: false). Invoking ingest script...
2026-07-19 01:47:44 - Activity detected (Raw files: 1, Approvals: false, Rejections: false). Invoking ingest script...
2026-07-19 01:47:49 - Activity detected (Raw files: 1, Approvals: false, Rejections: false). Invoking ingest script...
2026-07-19 01:47:49 - Activity detected (Raw files: 1, Approvals: false, Rejections: false). Invoking ingest script...
2026-07-19 01:47:54 - Activity detected (Raw files: 1, Approvals: false, Rejections: false). Invoking ingest script...
2026-07-19 01:47:54 - Activity detected (Raw files: 1, Approvals: false, Rejections: false). Invoking ingest script...
2026-07-19 01:47:59 - Activity detected (Raw files: 1, Approvals: false, Rejections: false). Invoking ingest script...
2026-07-19 01:47:59 - Activity detected (Raw files: 1, Approvals: false, Rejections: false). Invoking ingest script...
2026-07-19 01:48:04 - Activity detected (Raw files: 1, Approvals: false, Rejections: false). Invoking ingest script...
2026-07-19 01:48:04 - Activity detected (Raw files: 1, Approvals: false, Rejections: false). Invoking ingest script...
2026-07-19 01:48:09 - Activity detected (Raw files: 1, Approvals: false, Rejections: false). Invoking ingest script...
2026-07-19 01:48:09 - Activity detected (Raw files: 1, Approvals: false, Rejections: false). Invoking ingest script...
2026-07-19 01:48:14 - Activity detected (Raw files: 1, Approvals: false, Rejections: false). Invoking ingest script...
2026-07-19 01:48:14 - Activity detected (Raw files: 1, Approvals: false, Rejections: false). Invoking ingest script...
2026-07-19 01:48:19 - Activity detected (Raw files: 1, Approvals: false, Rejections: false). Invoking ingest script...
2026-07-19 01:48:19 - Activity detected (Raw files: 1, Approvals: false, Rejections: false). Invoking ingest script...
2026-07-19 01:48:24 - Activity detected (Raw files: 1, Approvals: false, Rejections: false). Invoking ingest script...
2026-07-19 01:48:24 - Activity detected (Raw files: 1, Approvals: false, Rejections: false). Invoking ingest script...
2026-07-19 01:48:30 - Activity detected (Raw files: 1, Approvals: false, Rejections: false). Invoking ingest script...
2026-07-19 01:48:30 - Activity detected (Raw files: 1, Approvals: false, Rejections: false). Invoking ingest script...
2026-07-19 01:49:00 - Activity detected (Raw files: 1, Approvals: false, Rejections: false). Invoking ingest script...
2026-07-19 01:49:00 - Activity detected (Raw files: 1, Approvals: false, Rejections: false). Invoking ingest script...
2026-07-19 01:49:05 - Activity detected (Raw files: 1, Approvals: false, Rejections: false). Invoking ingest script...
2026-07-19 01:49:05 - Activity detected (Raw files: 1, Approvals: false, Rejections: false). Invoking ingest script...
2026-07-19 01:49:10 - Activity detected (Raw files: 1, Approvals: false, Rejections: false). Invoking ingest script...
2026-07-19 01:49:10 - Activity detected (Raw files: 1, Approvals: false, Rejections: false). Invoking ingest script...
2026-07-19 01:49:15 - Activity detected (Raw files: 1, Approvals: false, Rejections: false). Invoking ingest script...
2026-07-19 01:49:15 - Activity detected (Raw files: 1, Approvals: false, Rejections: false). Invoking ingest script...
2026-07-19 01:49:20 - Activity detected (Raw files: 1, Approvals: false, Rejections: false). Invoking ingest script...
2026-07-19 01:49:20 - Activity detected (Raw files: 1, Approvals: false, Rejections: false). Invoking ingest script...
2026-07-19 01:49:26 - Activity detected (Raw files: 1, Approvals: false, Rejections: false). Invoking ingest script...
2026-07-19 01:49:26 - Activity detected (Raw files: 1, Approvals: false, Rejections: false). Invoking ingest script...
2026-07-19 01:49:31 - Activity detected (Raw files: 1, Approvals: false, Rejections: false). Invoking ingest script...
2026-07-19 01:49:31 - Activity detected (Raw files: 1, Approvals: false, Rejections: false). Invoking ingest script...
2026-07-19 01:49:36 - Activity detected (Raw files: 1, Approvals: false, Rejections: false). Invoking ingest script...
2026-07-19 01:49:36 - Activity detected (Raw files: 1, Approvals: false, Rejections: false). Invoking ingest script...
2026-07-19 01:49:41 - Activity detected (Raw files: 1, Approvals: false, Rejections: false). Invoking ingest script...
2026-07-19 01:49:41 - Activity detected (Raw files: 1, Approvals: false, Rejections: false). Invoking ingest script...
2026-07-19 01:49:46 - Activity detected (Raw files: 1, Approvals: false, Rejections: false). Invoking ingest script...
2026-07-19 01:49:46 - Activity detected (Raw files: 1, Approvals: false, Rejections: false). Invoking ingest script...
2026-07-19 01:49:51 - Activity detected (Raw files: 1, Approvals: false, Rejections: false). Invoking ingest script...
2026-07-19 01:49:51 - Activity detected (Raw files: 1, Approvals: false, Rejections: false). Invoking ingest script...
2026-07-19 01:49:56 - Activity detected (Raw files: 1, Approvals: false, Rejections: false). Invoking ingest script...
2026-07-19 01:49:56 - Activity detected (Raw files: 1, Approvals: false, Rejections: false). Invoking ingest script...
2026-07-19 01:50:01 - Activity detected (Raw files: 1, Approvals: false, Rejections: false). Invoking ingest script...
2026-07-19 01:50:01 - Activity detected (Raw files: 1, Approvals: false, Rejections: false). Invoking ingest script...
2026-07-19 01:50:06 - Activity detected (Raw files: 1, Approvals: false, Rejections: false). Invoking ingest script...
2026-07-19 01:50:06 - Activity detected (Raw files: 1, Approvals: false, Rejections: false). Invoking ingest script...
2026-07-19 01:50:11 - Activity detected (Raw files: 1, Approvals: false, Rejections: false). Invoking ingest script...
2026-07-19 01:50:11 - Activity detected (Raw files: 1, Approvals: false, Rejections: false). Invoking ingest script...
2026-07-19 01:50:16 - Activity detected (Raw files: 1, Approvals: false, Rejections: false). Invoking ingest script...
2026-07-19 01:50:16 - Activity detected (Raw files: 1, Approvals: false, Rejections: false). Invoking ingest script...
2026-07-19 01:50:21 - Activity detected (Raw files: 1, Approvals: false, Rejections: false). Invoking ingest script...
2026-07-19 01:50:21 - Activity detected (Raw files: 1, Approvals: false, Rejections: false). Invoking ingest script...
2026-07-19 01:50:27 - Activity detected (Raw files: 1, Approvals: false, Rejections: false). Invoking ingest script...
2026-07-19 01:50:27 - Activity detected (Raw files: 1, Approvals: false, Rejections: false). Invoking ingest script...
2026-07-19 01:50:32 - Activity detected (Raw files: 1, Approvals: false, Rejections: false). Invoking ingest script...
2026-07-19 01:50:32 - Activity detected (Raw files: 1, Approvals: false, Rejections: false). Invoking ingest script...
2026-07-19 01:50:37 - Activity detected (Raw files: 1, Approvals: false, Rejections: false). Invoking ingest script...
2026-07-19 01:50:37 - Activity detected (Raw files: 1, Approvals: false, Rejections: false). Invoking ingest script...
2026-07-19 01:50:42 - Activity detected (Raw files: 1, Approvals: false, Rejections: false). Invoking ingest script...
2026-07-19 01:50:42 - Activity detected (Raw files: 1, Approvals: false, Rejections: false). Invoking ingest script...
2026-07-19 01:50:47 - Activity detected (Raw files: 1, Approvals: false, Rejections: false). Invoking ingest script...
2026-07-19 01:50:47 - Activity detected (Raw files: 1, Approvals: false, Rejections: false). Invoking ingest script...
2026-07-19 01:50:52 - Activity detected (Raw files: 1, Approvals: false, Rejections: false). Invoking ingest script...
2026-07-19 01:50:52 - Activity detected (Raw files: 1, Approvals: false, Rejections: false). Invoking ingest script...
2026-07-19 01:50:57 - Activity detected (Raw files: 1, Approvals: false, Rejections: false). Invoking ingest script...
2026-07-19 01:50:57 - Activity detected (Raw files: 1, Approvals: false, Rejections: false). Invoking ingest script...
2026-07-19 01:51:02 - Activity detected (Raw files: 1, Approvals: false, Rejections: false). Invoking ingest script...
2026-07-19 01:51:02 - Activity detected (Raw files: 1, Approvals: false, Rejections: false). Invoking ingest script...
2026-07-19 01:51:07 - Activity detected (Raw files: 1, Approvals: false, Rejections: false). Invoking ingest script...
2026-07-19 01:51:07 - Activity detected (Raw files: 1, Approvals: false, Rejections: false). Invoking ingest script...
2026-07-19 01:51:12 - Activity detected (Raw files: 1, Approvals: false, Rejections: false). Invoking ingest script...
2026-07-19 01:51:12 - Activity detected (Raw files: 1, Approvals: false, Rejections: false). Invoking ingest script...
2026-07-19 01:51:17 - Activity detected (Raw files: 1, Approvals: false, Rejections: false). Invoking ingest script...
2026-07-19 01:51:17 - Activity detected (Raw files: 1, Approvals: false, Rejections: false). Invoking ingest script...
2026-07-19 01:51:22 - Activity detected (Raw files: 1, Approvals: false, Rejections: false). Invoking ingest script...
2026-07-19 01:51:22 - Activity detected (Raw files: 1, Approvals: false, Rejections: false). Invoking ingest script...
2026-07-19 01:51:27 - Activity detected (Raw files: 1, Approvals: false, Rejections: false). Invoking ingest script...
2026-07-19 01:51:27 - Activity detected (Raw files: 1, Approvals: false, Rejections: false). Invoking ingest script...
2026-07-19 01:51:32 - Activity detected (Raw files: 1, Approvals: false, Rejections: false). Invoking ingest script...
2026-07-19 01:51:32 - Activity detected (Raw files: 1, Approvals: false, Rejections: false). Invoking ingest script...
2026-07-19 01:51:38 - Activity detected (Raw files: 1, Approvals: false, Rejections: false). Invoking ingest script...
2026-07-19 01:51:38 - Activity detected (Raw files: 1, Approvals: false, Rejections: false). Invoking ingest script...
2026-07-19 01:51:43 - Activity detected (Raw files: 1, Approvals: false, Rejections: false). Invoking ingest script...
2026-07-19 01:51:43 - Activity detected (Raw files: 1, Approvals: false, Rejections: false). Invoking ingest script...
2026-07-19 01:51:48 - Activity detected (Raw files: 1, Approvals: false, Rejections: false). Invoking ingest script...
2026-07-19 01:51:48 - Activity detected (Raw files: 1, Approvals: false, Rejections: false). Invoking ingest script...
2026-07-19 01:51:53 - Activity detected (Raw files: 1, Approvals: false, Rejections: false). Invoking ingest script...
2026-07-19 01:51:53 - Activity detected (Raw files: 1, Approvals: false, Rejections: false). Invoking ingest script...
2026-07-19 01:51:58 - Activity detected (Raw files: 1, Approvals: false, Rejections: false). Invoking ingest script...
2026-07-19 01:51:58 - Activity detected (Raw files: 1, Approvals: false, Rejections: false). Invoking ingest script...
2026-07-19 01:52:03 - Activity detected (Raw files: 1, Approvals: false, Rejections: false). Invoking ingest script...
2026-07-19 01:52:03 - Activity detected (Raw files: 1, Approvals: false, Rejections: false). Invoking ingest script...
2026-07-19 01:52:08 - Activity detected (Raw files: 1, Approvals: false, Rejections: false). Invoking ingest script...
2026-07-19 01:52:08 - Activity detected (Raw files: 1, Approvals: false, Rejections: false). Invoking ingest script...
2026-07-19 01:52:13 - Activity detected (Raw files: 1, Approvals: false, Rejections: false). Invoking ingest script...
2026-07-19 01:52:13 - Activity detected (Raw files: 1, Approvals: false, Rejections: false). Invoking ingest script...
2026-07-19 01:52:18 - Activity detected (Raw files: 1, Approvals: false, Rejections: false). Invoking ingest script...
2026-07-19 01:52:18 - Activity detected (Raw files: 1, Approvals: false, Rejections: false). Invoking ingest script...
2026-07-19 01:52:23 - Activity detected (Raw files: 1, Approvals: false, Rejections: false). Invoking ingest script...
2026-07-19 01:52:23 - Activity detected (Raw files: 1, Approvals: false, Rejections: false). Invoking ingest script...
2026-07-19 01:52:28 - Activity detected (Raw files: 1, Approvals: false, Rejections: false). Invoking ingest script...
2026-07-19 01:52:28 - Activity detected (Raw files: 1, Approvals: false, Rejections: false). Invoking ingest script...
2026-07-19 01:52:33 - Activity detected (Raw files: 1, Approvals: false, Rejections: false). Invoking ingest script...
2026-07-19 01:52:33 - Activity detected (Raw files: 1, Approvals: false, Rejections: false). Invoking ingest script...
2026-07-19 01:52:38 - Activity detected (Raw files: 1, Approvals: false, Rejections: false). Invoking ingest script...
2026-07-19 01:52:38 - Activity detected (Raw files: 1, Approvals: false, Rejections: false). Invoking ingest script...
2026-07-19 01:52:44 - Activity detected (Raw files: 1, Approvals: false, Rejections: false). Invoking ingest script...
2026-07-19 01:52:44 - Activity detected (Raw files: 1, Approvals: false, Rejections: false). Invoking ingest script...
2026-07-19 01:52:49 - Obsidian running with pending reviews. Opening dashboard...
2026-07-19 01:52:49 - Obsidian running with pending reviews. Opening dashboard...
2026-07-19 01:52:55 - Starting Second Brain Inbox Watcher loop...
2026-07-19 01:52:55 - Obsidian running with pending reviews. Opening dashboard...
2026-07-19 01:53:15 - Activity detected (Raw files: 0, Approvals: false, Rejections: true). Invoking ingest manager...
2026-07-19 01:55:52 - Activity detected (Raw files: 1, Approvals: false, Rejections: false). Invoking ingest manager...
2026-07-19 02:00:48 - Activity detected (Raw files: 0, Approvals: false, Rejections: true). Invoking ingest manager...
2026-07-19 02:01:04 - Activity detected (Raw files: 1, Approvals: false, Rejections: false). Invoking ingest manager...
2026-07-19 02:02:36 - Activity detected (Raw files: 0, Approvals: true, Rejections: false). Invoking ingest manager...
2026-07-19 02:04:33 - Activity detected (Raw files: 1, Approvals: false, Rejections: false). Invoking ingest manager...
2026-07-19 02:05:56 - Activity detected (Raw files: 0, Approvals: true, Rejections: false). Invoking ingest manager...
2026-07-19 11:21:26 - Activity detected (Raw files: 1, Approvals: false, Rejections: false). Invoking ingest manager...
2026-07-19 11:25:25 - Activity detected (Raw files: 0, Approvals: true, Rejections: false). Invoking ingest manager...
2026-07-19 11:28:02 - Activity detected (Raw files: 1, Approvals: false, Rejections: false). Invoking ingest manager...
2026-07-19 11:31:02 - Activity detected (Raw files: 0, Approvals: true, Rejections: false). Invoking ingest manager...
2026-07-19 11:38:23 - Activity detected (Raw files: 1, Approvals: false, Rejections: false). Invoking ingest manager...
2026-07-19 11:40:00 - Activity detected (Raw files: 0, Approvals: true, Rejections: false). Invoking ingest manager...
2026-07-19 11:42:26 - Starting Second Brain Inbox Watcher loop...
2026-07-19 11:47:30 - Activity detected (Raw files: 1, Approvals: false, Rejections: false). Invoking ingest manager...
2026-07-19 11:48:11 - Obsidian running with pending reviews. Opening dashboard...
2026-07-19 11:48:56 - Activity detected (Raw files: 0, Approvals: false, Rejections: true). Invoking ingest manager...
2026-07-19 11:49:06 - Activity detected (Raw files: 1, Approvals: false, Rejections: false). Invoking ingest manager...
2026-07-19 22:14:21 - Obsidian running with pending reviews. Opening dashboard...
2026-07-19 22:14:36 - Activity detected (Raw files: 1, Approvals: false, Rejections: false). Invoking ingest manager...
2026-07-19 22:14:36 - Activity detected (Raw files: 1, Approvals: false, Rejections: false). Invoking ingest manager...
2026-07-19 22:16:18 - Activity detected (Raw files: 0, Approvals: true, Rejections: false). Invoking ingest manager...
2026-07-20 19:12:33 - Obsidian running with pending reviews. Opening dashboard...
2026-07-25 00:00:02 - Obsidian running with pending reviews. Opening dashboard...
2026-07-30 00:12:42 - Obsidian running with pending reviews. Opening dashboard...
2026-07-30 20:53:26 - Obsidian running with pending reviews. Opening dashboard...
2026-07-30 20:56:29 - Activity detected (Raw files: 0, Approvals: true, Rejections: false). Invoking ingest manager...
2026-08-04 16:09:21 - Activity detected (Raw files: 1, Approvals: false, Rejections: false). Invoking ingest manager...
2026-08-04 16:16:12 - Obsidian running with pending reviews. Opening dashboard...
2026-08-04 16:18:14 - Activity detected (Raw files: 0, Approvals: true, Rejections: false). Invoking ingest manager...
2026-08-11 17:49:28 - Activity detected (Raw files: 1, Approvals: false, Rejections: false). Invoking ingest manager...
2026-08-11 17:49:28 - Activity detected (Raw files: 1, Approvals: false, Rejections: false). Invoking ingest manager...
2026-08-11 17:54:50 - Activity detected (Raw files: 1, Approvals: false, Rejections: false). Invoking ingest manager...
2026-08-11 17:59:36 - Activity detected (Raw files: 1, Approvals: false, Rejections: false). Invoking ingest manager...
2026-08-11 18:22:55 - Activity detected (Raw files: 1, Approvals: false, Rejections: false). Invoking ingest manager...
2026-08-11 18:25:59 - Obsidian running with pending reviews. Opening dashboard...
2026-08-11 18:26:44 - Activity detected (Raw files: 0, Approvals: true, Rejections: false). Invoking ingest manager...
2026-08-17 12:43:53 - Activity detected (Raw files: 1, Approvals: false, Rejections: false). Invoking ingest manager...
2026-08-17 12:48:05 - Obsidian running with pending reviews. Opening dashboard...
2026-08-17 13:24:20 - Activity detected (Raw files: 0, Approvals: true, Rejections: false). Invoking ingest manager...
2026-08-17 13:24:20 - Activity detected (Raw files: 0, Approvals: true, Rejections: false). Invoking ingest manager...
2026-08-18 19:56:48 - Starting Second Brain Inbox Watcher loop...
2026-08-25 15:52:16 - Starting Second Brain Watcher daemon on /Users/lorenzo/Documents/GitHub/loackyPKM (PID 88369)
2026-08-25 15:52:17 - Dashboard review activity detected. Invoking brain_ingest.py...
Traceback (most recent call last):
  File "/Users/lorenzo/Documents/GitHub/loackyPKM/99 - Meta/Scripts/brain_ingest.py", line 28, in <module>
    import brain_health
  File "/Users/lorenzo/Documents/GitHub/loackyPKM/99 - Meta/Scripts/brain_health.py", line 20, in <module>
    import ruamel.yaml
ModuleNotFoundError: No module named 'ruamel'
2026-08-25 15:52:23 - Dashboard review activity detected. Invoking brain_ingest.py...
Traceback (most recent call last):
  File "/Users/lorenzo/Documents/GitHub/loackyPKM/99 - Meta/Scripts/brain_ingest.py", line 28, in <module>
    import brain_health
  File "/Users/lorenzo/Documents/GitHub/loackyPKM/99 - Meta/Scripts/brain_health.py", line 20, in <module>
    import ruamel.yaml
ModuleNotFoundError: No module named 'ruamel'
2026-08-25 15:52:28 - Dashboard review activity detected. Invoking brain_ingest.py...
Traceback (most recent call last):
  File "/Users/lorenzo/Documents/GitHub/loackyPKM/99 - Meta/Scripts/brain_ingest.py", line 28, in <module>
    import brain_health
  File "/Users/lorenzo/Documents/GitHub/loackyPKM/99 - Meta/Scripts/brain_health.py", line 20, in <module>
    import ruamel.yaml
ModuleNotFoundError: No module named 'ruamel'
2026-08-25 15:52:33 - Dashboard review activity detected. Invoking brain_ingest.py...
Traceback (most recent call last):
  File "/Users/lorenzo/Documents/GitHub/loackyPKM/99 - Meta/Scripts/brain_ingest.py", line 28, in <module>
    import brain_health
  File "/Users/lorenzo/Documents/GitHub/loackyPKM/99 - Meta/Scripts/brain_health.py", line 20, in <module>
    import ruamel.yaml
ModuleNotFoundError: No module named 'ruamel'
2026-08-25 15:52:38 - Dashboard review activity detected. Invoking brain_ingest.py...
Traceback (most recent call last):
  File "/Users/lorenzo/Documents/GitHub/loackyPKM/99 - Meta/Scripts/brain_ingest.py", line 28, in <module>
    import brain_health
  File "/Users/lorenzo/Documents/GitHub/loackyPKM/99 - Meta/Scripts/brain_health.py", line 20, in <module>
    import ruamel.yaml
ModuleNotFoundError: No module named 'ruamel'
2026-08-25 15:52:43 - Dashboard review activity detected. Invoking brain_ingest.py...
Traceback (most recent call last):
  File "/Users/lorenzo/Documents/GitHub/loackyPKM/99 - Meta/Scripts/brain_ingest.py", line 28, in <module>
    import brain_health
  File "/Users/lorenzo/Documents/GitHub/loackyPKM/99 - Meta/Scripts/brain_health.py", line 20, in <module>
    import ruamel.yaml
ModuleNotFoundError: No module named 'ruamel'
2026-08-25 15:52:48 - Dashboard review activity detected. Invoking brain_ingest.py...
Traceback (most recent call last):
  File "/Users/lorenzo/Documents/GitHub/loackyPKM/99 - Meta/Scripts/brain_ingest.py", line 28, in <module>
    import brain_health
  File "/Users/lorenzo/Documents/GitHub/loackyPKM/99 - Meta/Scripts/brain_health.py", line 20, in <module>
    import ruamel.yaml
ModuleNotFoundError: No module named 'ruamel'
2026-08-25 15:52:53 - Watcher daemon stopped.
2026-08-25 15:52:53 - Dashboard review activity detected. Invoking brain_ingest.py...
Traceback (most recent call last):
  File "/Users/lorenzo/Documents/GitHub/loackyPKM/99 - Meta/Scripts/brain_ingest.py", line 28, in <module>
    import brain_health
  File "/Users/lorenzo/Documents/GitHub/loackyPKM/99 - Meta/Scripts/brain_health.py", line 20, in <module>
    import ruamel.yaml
ModuleNotFoundError: No module named 'ruamel'
2026-08-25 15:52:58 - Dashboard review activity detected. Invoking brain_ingest.py...
Traceback (most recent call last):
  File "/Users/lorenzo/Documents/GitHub/loackyPKM/99 - Meta/Scripts/brain_ingest.py", line 28, in <module>
    import brain_health
  File "/Users/lorenzo/Documents/GitHub/loackyPKM/99 - Meta/Scripts/brain_health.py", line 20, in <module>
    import ruamel.yaml
ModuleNotFoundError: No module named 'ruamel'
2026-08-25 15:53:02 - Starting Second Brain Watcher daemon on /Users/lorenzo/Documents/GitHub/loackyPKM (PID 89904)
2026-08-25 15:53:03 - Watcher daemon stopped.
2026-08-25 15:53:04 - Dashboard review activity detected. Invoking brain_ingest.py...
Traceback (most recent call last):
  File "/Users/lorenzo/Documents/GitHub/loackyPKM/99 - Meta/Scripts/brain_ingest.py", line 28, in <module>
    import brain_health
  File "/Users/lorenzo/Documents/GitHub/loackyPKM/99 - Meta/Scripts/brain_health.py", line 20, in <module>
    import ruamel.yaml
ModuleNotFoundError: No module named 'ruamel'
2026-08-25 15:53:09 - Dashboard review activity detected. Invoking brain_ingest.py...
Traceback (most recent call last):
  File "/Users/lorenzo/Documents/GitHub/loackyPKM/99 - Meta/Scripts/brain_ingest.py", line 28, in <module>
    import brain_health
  File "/Users/lorenzo/Documents/GitHub/loackyPKM/99 - Meta/Scripts/brain_health.py", line 20, in <module>
    import ruamel.yaml
ModuleNotFoundError: No module named 'ruamel'
2026-08-25 15:53:14 - Dashboard review activity detected. Invoking brain_ingest.py...
Traceback (most recent call last):
  File "/Users/lorenzo/Documents/GitHub/loackyPKM/99 - Meta/Scripts/brain_ingest.py", line 28, in <module>
    import brain_health
  File "/Users/lorenzo/Documents/GitHub/loackyPKM/99 - Meta/Scripts/brain_health.py", line 20, in <module>
    import ruamel.yaml
ModuleNotFoundError: No module named 'ruamel'
2026-08-25 15:53:19 - Dashboard review activity detected. Invoking brain_ingest.py...
Traceback (most recent call last):
  File "/Users/lorenzo/Documents/GitHub/loackyPKM/99 - Meta/Scripts/brain_ingest.py", line 28, in <module>
    import brain_health
  File "/Users/lorenzo/Documents/GitHub/loackyPKM/99 - Meta/Scripts/brain_health.py", line 20, in <module>
    import ruamel.yaml
ModuleNotFoundError: No module named 'ruamel'
2026-08-25 15:53:24 - Dashboard review activity detected. Invoking brain_ingest.py...
Traceback (most recent call last):
  File "/Users/lorenzo/Documents/GitHub/loackyPKM/99 - Meta/Scripts/brain_ingest.py", line 28, in <module>
    import brain_health
  File "/Users/lorenzo/Documents/GitHub/loackyPKM/99 - Meta/Scripts/brain_health.py", line 20, in <module>
    import ruamel.yaml
ModuleNotFoundError: No module named 'ruamel'
2026-08-25 15:53:29 - Dashboard review activity detected. Invoking brain_ingest.py...
Traceback (most recent call last):
  File "/Users/lorenzo/Documents/GitHub/loackyPKM/99 - Meta/Scripts/brain_ingest.py", line 28, in <module>
    import brain_health
  File "/Users/lorenzo/Documents/GitHub/loackyPKM/99 - Meta/Scripts/brain_health.py", line 20, in <module>
    import ruamel.yaml
ModuleNotFoundError: No module named 'ruamel'
2026-08-25 15:53:34 - Dashboard review activity detected. Invoking brain_ingest.py...
Traceback (most recent call last):
  File "/Users/lorenzo/Documents/GitHub/loackyPKM/99 - Meta/Scripts/brain_ingest.py", line 28, in <module>
    import brain_health
  File "/Users/lorenzo/Documents/GitHub/loackyPKM/99 - Meta/Scripts/brain_health.py", line 20, in <module>
    import ruamel.yaml
ModuleNotFoundError: No module named 'ruamel'
2026-08-25 15:53:40 - Dashboard review activity detected. Invoking brain_ingest.py...
Traceback (most recent call last):
  File "/Users/lorenzo/Documents/GitHub/loackyPKM/99 - Meta/Scripts/brain_ingest.py", line 28, in <module>
    import brain_health
  File "/Users/lorenzo/Documents/GitHub/loackyPKM/99 - Meta/Scripts/brain_health.py", line 20, in <module>
    import ruamel.yaml
ModuleNotFoundError: No module named 'ruamel'
2026-08-25 15:53:45 - Dashboard review activity detected. Invoking brain_ingest.py...
Traceback (most recent call last):
  File "/Users/lorenzo/Documents/GitHub/loackyPKM/99 - Meta/Scripts/brain_ingest.py", line 28, in <module>
    import brain_health
  File "/Users/lorenzo/Documents/GitHub/loackyPKM/99 - Meta/Scripts/brain_health.py", line 20, in <module>
    import ruamel.yaml
ModuleNotFoundError: No module named 'ruamel'
2026-08-25 15:53:50 - Dashboard review activity detected. Invoking brain_ingest.py...
Traceback (most recent call last):
  File "/Users/lorenzo/Documents/GitHub/loackyPKM/99 - Meta/Scripts/brain_ingest.py", line 28, in <module>
    import brain_health
  File "/Users/lorenzo/Documents/GitHub/loackyPKM/99 - Meta/Scripts/brain_health.py", line 20, in <module>
    import ruamel.yaml
ModuleNotFoundError: No module named 'ruamel'
2026-08-25 15:53:55 - Dashboard review activity detected. Invoking brain_ingest.py...
Traceback (most recent call last):
  File "/Users/lorenzo/Documents/GitHub/loackyPKM/99 - Meta/Scripts/brain_ingest.py", line 28, in <module>
    import brain_health
  File "/Users/lorenzo/Documents/GitHub/loackyPKM/99 - Meta/Scripts/brain_health.py", line 20, in <module>
    import ruamel.yaml
ModuleNotFoundError: No module named 'ruamel'
2026-08-25 15:54:00 - Dashboard review activity detected. Invoking brain_ingest.py...
Traceback (most recent call last):
  File "/Users/lorenzo/Documents/GitHub/loackyPKM/99 - Meta/Scripts/brain_ingest.py", line 28, in <module>
    import brain_health
  File "/Users/lorenzo/Documents/GitHub/loackyPKM/99 - Meta/Scripts/brain_health.py", line 20, in <module>
    import ruamel.yaml
ModuleNotFoundError: No module named 'ruamel'
2026-08-25 15:54:05 - Dashboard review activity detected. Invoking brain_ingest.py...
Traceback (most recent call last):
  File "/Users/lorenzo/Documents/GitHub/loackyPKM/99 - Meta/Scripts/brain_ingest.py", line 28, in <module>
    import brain_health
  File "/Users/lorenzo/Documents/GitHub/loackyPKM/99 - Meta/Scripts/brain_health.py", line 20, in <module>
    import ruamel.yaml
ModuleNotFoundError: No module named 'ruamel'
2026-08-25 15:54:11 - Dashboard review activity detected. Invoking brain_ingest.py...
Traceback (most recent call last):
  File "/Users/lorenzo/Documents/GitHub/loackyPKM/99 - Meta/Scripts/brain_ingest.py", line 28, in <module>
    import brain_health
  File "/Users/lorenzo/Documents/GitHub/loackyPKM/99 - Meta/Scripts/brain_health.py", line 20, in <module>
    import ruamel.yaml
ModuleNotFoundError: No module named 'ruamel'
2026-08-25 15:54:16 - Dashboard review activity detected. Invoking brain_ingest.py...
Traceback (most recent call last):
  File "/Users/lorenzo/Documents/GitHub/loackyPKM/99 - Meta/Scripts/brain_ingest.py", line 28, in <module>
    import brain_health
  File "/Users/lorenzo/Documents/GitHub/loackyPKM/99 - Meta/Scripts/brain_health.py", line 20, in <module>
    import ruamel.yaml
ModuleNotFoundError: No module named 'ruamel'
2026-08-25 15:54:21 - Dashboard review activity detected. Invoking brain_ingest.py...
Traceback (most recent call last):
  File "/Users/lorenzo/Documents/GitHub/loackyPKM/99 - Meta/Scripts/brain_ingest.py", line 28, in <module>
    import brain_health
  File "/Users/lorenzo/Documents/GitHub/loackyPKM/99 - Meta/Scripts/brain_health.py", line 20, in <module>
    import ruamel.yaml
ModuleNotFoundError: No module named 'ruamel'
2026-08-25 15:54:26 - Dashboard review activity detected. Invoking brain_ingest.py...
Traceback (most recent call last):
  File "/Users/lorenzo/Documents/GitHub/loackyPKM/99 - Meta/Scripts/brain_ingest.py", line 28, in <module>
    import brain_health
  File "/Users/lorenzo/Documents/GitHub/loackyPKM/99 - Meta/Scripts/brain_health.py", line 20, in <module>
    import ruamel.yaml
ModuleNotFoundError: No module named 'ruamel'
2026-08-25 15:54:31 - Dashboard review activity detected. Invoking brain_ingest.py...
Traceback (most recent call last):
  File "/Users/lorenzo/Documents/GitHub/loackyPKM/99 - Meta/Scripts/brain_ingest.py", line 28, in <module>
    import brain_health
  File "/Users/lorenzo/Documents/GitHub/loackyPKM/99 - Meta/Scripts/brain_health.py", line 20, in <module>
    import ruamel.yaml
ModuleNotFoundError: No module named 'ruamel'
2026-08-25 15:54:36 - Dashboard review activity detected. Invoking brain_ingest.py...
Traceback (most recent call last):
  File "/Users/lorenzo/Documents/GitHub/loackyPKM/99 - Meta/Scripts/brain_ingest.py", line 28, in <module>
    import brain_health
  File "/Users/lorenzo/Documents/GitHub/loackyPKM/99 - Meta/Scripts/brain_health.py", line 20, in <module>
    import ruamel.yaml
ModuleNotFoundError: No module named 'ruamel'
2026-08-25 15:54:41 - Dashboard review activity detected. Invoking brain_ingest.py...
Traceback (most recent call last):
  File "/Users/lorenzo/Documents/GitHub/loackyPKM/99 - Meta/Scripts/brain_ingest.py", line 28, in <module>
    import brain_health
  File "/Users/lorenzo/Documents/GitHub/loackyPKM/99 - Meta/Scripts/brain_health.py", line 20, in <module>
    import ruamel.yaml
ModuleNotFoundError: No module named 'ruamel'
2026-08-25 15:54:47 - Dashboard review activity detected. Invoking brain_ingest.py...
Traceback (most recent call last):
  File "/Users/lorenzo/Documents/GitHub/loackyPKM/99 - Meta/Scripts/brain_ingest.py", line 28, in <module>
    import brain_health
  File "/Users/lorenzo/Documents/GitHub/loackyPKM/99 - Meta/Scripts/brain_health.py", line 20, in <module>
    import ruamel.yaml
ModuleNotFoundError: No module named 'ruamel'
2026-08-25 15:54:52 - Dashboard review activity detected. Invoking brain_ingest.py...
Traceback (most recent call last):
  File "/Users/lorenzo/Documents/GitHub/loackyPKM/99 - Meta/Scripts/brain_ingest.py", line 28, in <module>
    import brain_health
  File "/Users/lorenzo/Documents/GitHub/loackyPKM/99 - Meta/Scripts/brain_health.py", line 20, in <module>
    import ruamel.yaml
ModuleNotFoundError: No module named 'ruamel'
2026-08-25 15:54:57 - Dashboard review activity detected. Invoking brain_ingest.py...
Traceback (most recent call last):
  File "/Users/lorenzo/Documents/GitHub/loackyPKM/99 - Meta/Scripts/brain_ingest.py", line 28, in <module>
    import brain_health
  File "/Users/lorenzo/Documents/GitHub/loackyPKM/99 - Meta/Scripts/brain_health.py", line 20, in <module>
    import ruamel.yaml
ModuleNotFoundError: No module named 'ruamel'
2026-08-25 15:55:02 - Dashboard review activity detected. Invoking brain_ingest.py...
Traceback (most recent call last):
  File "/Users/lorenzo/Documents/GitHub/loackyPKM/99 - Meta/Scripts/brain_ingest.py", line 28, in <module>
    import brain_health
  File "/Users/lorenzo/Documents/GitHub/loackyPKM/99 - Meta/Scripts/brain_health.py", line 20, in <module>
    import ruamel.yaml
ModuleNotFoundError: No module named 'ruamel'
2026-08-25 15:55:07 - Dashboard review activity detected. Invoking brain_ingest.py...
Traceback (most recent call last):
  File "/Users/lorenzo/Documents/GitHub/loackyPKM/99 - Meta/Scripts/brain_ingest.py", line 28, in <module>
    import brain_health
  File "/Users/lorenzo/Documents/GitHub/loackyPKM/99 - Meta/Scripts/brain_health.py", line 20, in <module>
    import ruamel.yaml
ModuleNotFoundError: No module named 'ruamel'
2026-08-25 15:55:12 - Dashboard review activity detected. Invoking brain_ingest.py...
Traceback (most recent call last):
  File "/Users/lorenzo/Documents/GitHub/loackyPKM/99 - Meta/Scripts/brain_ingest.py", line 28, in <module>
    import brain_health
  File "/Users/lorenzo/Documents/GitHub/loackyPKM/99 - Meta/Scripts/brain_health.py", line 20, in <module>
    import ruamel.yaml
ModuleNotFoundError: No module named 'ruamel'
2026-08-25 15:55:17 - Dashboard review activity detected. Invoking brain_ingest.py...
Traceback (most recent call last):
  File "/Users/lorenzo/Documents/GitHub/loackyPKM/99 - Meta/Scripts/brain_ingest.py", line 28, in <module>
    import brain_health
  File "/Users/lorenzo/Documents/GitHub/loackyPKM/99 - Meta/Scripts/brain_health.py", line 20, in <module>
    import ruamel.yaml
ModuleNotFoundError: No module named 'ruamel'
2026-08-25 15:55:22 - Dashboard review activity detected. Invoking brain_ingest.py...
Traceback (most recent call last):
  File "/Users/lorenzo/Documents/GitHub/loackyPKM/99 - Meta/Scripts/brain_ingest.py", line 28, in <module>
    import brain_health
  File "/Users/lorenzo/Documents/GitHub/loackyPKM/99 - Meta/Scripts/brain_health.py", line 20, in <module>
    import ruamel.yaml
ModuleNotFoundError: No module named 'ruamel'
2026-08-25 15:55:28 - Dashboard review activity detected. Invoking brain_ingest.py...
Traceback (most recent call last):
  File "/Users/lorenzo/Documents/GitHub/loackyPKM/99 - Meta/Scripts/brain_ingest.py", line 28, in <module>
    import brain_health
  File "/Users/lorenzo/Documents/GitHub/loackyPKM/99 - Meta/Scripts/brain_health.py", line 20, in <module>
    import ruamel.yaml
ModuleNotFoundError: No module named 'ruamel'
2026-08-25 15:55:33 - Dashboard review activity detected. Invoking brain_ingest.py...
Traceback (most recent call last):
  File "/Users/lorenzo/Documents/GitHub/loackyPKM/99 - Meta/Scripts/brain_ingest.py", line 28, in <module>
    import brain_health
  File "/Users/lorenzo/Documents/GitHub/loackyPKM/99 - Meta/Scripts/brain_health.py", line 20, in <module>
    import ruamel.yaml
ModuleNotFoundError: No module named 'ruamel'
2026-08-25 15:55:38 - Dashboard review activity detected. Invoking brain_ingest.py...
Traceback (most recent call last):
  File "/Users/lorenzo/Documents/GitHub/loackyPKM/99 - Meta/Scripts/brain_ingest.py", line 28, in <module>
    import brain_health
  File "/Users/lorenzo/Documents/GitHub/loackyPKM/99 - Meta/Scripts/brain_health.py", line 20, in <module>
    import ruamel.yaml
ModuleNotFoundError: No module named 'ruamel'
2026-08-25 15:55:43 - Dashboard review activity detected. Invoking brain_ingest.py...
Traceback (most recent call last):
  File "/Users/lorenzo/Documents/GitHub/loackyPKM/99 - Meta/Scripts/brain_ingest.py", line 28, in <module>
    import brain_health
  File "/Users/lorenzo/Documents/GitHub/loackyPKM/99 - Meta/Scripts/brain_health.py", line 20, in <module>
    import ruamel.yaml
ModuleNotFoundError: No module named 'ruamel'
2026-08-25 15:55:48 - Dashboard review activity detected. Invoking brain_ingest.py...
Traceback (most recent call last):
  File "/Users/lorenzo/Documents/GitHub/loackyPKM/99 - Meta/Scripts/brain_ingest.py", line 28, in <module>
    import brain_health
  File "/Users/lorenzo/Documents/GitHub/loackyPKM/99 - Meta/Scripts/brain_health.py", line 20, in <module>
    import ruamel.yaml
ModuleNotFoundError: No module named 'ruamel'
2026-08-25 15:55:53 - Dashboard review activity detected. Invoking brain_ingest.py...
Traceback (most recent call last):
  File "/Users/lorenzo/Documents/GitHub/loackyPKM/99 - Meta/Scripts/brain_ingest.py", line 28, in <module>
    import brain_health
  File "/Users/lorenzo/Documents/GitHub/loackyPKM/99 - Meta/Scripts/brain_health.py", line 20, in <module>
    import ruamel.yaml
ModuleNotFoundError: No module named 'ruamel'
2026-08-25 15:55:59 - Dashboard review activity detected. Invoking brain_ingest.py...
Traceback (most recent call last):
  File "/Users/lorenzo/Documents/GitHub/loackyPKM/99 - Meta/Scripts/brain_ingest.py", line 28, in <module>
    import brain_health
  File "/Users/lorenzo/Documents/GitHub/loackyPKM/99 - Meta/Scripts/brain_health.py", line 20, in <module>
    import ruamel.yaml
ModuleNotFoundError: No module named 'ruamel'
2026-08-25 15:56:04 - Dashboard review activity detected. Invoking brain_ingest.py...
Traceback (most recent call last):
  File "/Users/lorenzo/Documents/GitHub/loackyPKM/99 - Meta/Scripts/brain_ingest.py", line 28, in <module>
    import brain_health
  File "/Users/lorenzo/Documents/GitHub/loackyPKM/99 - Meta/Scripts/brain_health.py", line 20, in <module>
    import ruamel.yaml
ModuleNotFoundError: No module named 'ruamel'
2026-08-25 15:56:09 - Dashboard review activity detected. Invoking brain_ingest.py...
Traceback (most recent call last):
  File "/Users/lorenzo/Documents/GitHub/loackyPKM/99 - Meta/Scripts/brain_ingest.py", line 28, in <module>
    import brain_health
  File "/Users/lorenzo/Documents/GitHub/loackyPKM/99 - Meta/Scripts/brain_health.py", line 20, in <module>
    import ruamel.yaml
ModuleNotFoundError: No module named 'ruamel'
2026-08-25 15:56:14 - Dashboard review activity detected. Invoking brain_ingest.py...
Traceback (most recent call last):
  File "/Users/lorenzo/Documents/GitHub/loackyPKM/99 - Meta/Scripts/brain_ingest.py", line 28, in <module>
    import brain_health
  File "/Users/lorenzo/Documents/GitHub/loackyPKM/99 - Meta/Scripts/brain_health.py", line 20, in <module>
    import ruamel.yaml
ModuleNotFoundError: No module named 'ruamel'
2026-08-25 15:56:19 - Dashboard review activity detected. Invoking brain_ingest.py...
Traceback (most recent call last):
  File "/Users/lorenzo/Documents/GitHub/loackyPKM/99 - Meta/Scripts/brain_ingest.py", line 28, in <module>
    import brain_health
  File "/Users/lorenzo/Documents/GitHub/loackyPKM/99 - Meta/Scripts/brain_health.py", line 20, in <module>
    import ruamel.yaml
ModuleNotFoundError: No module named 'ruamel'
2026-08-25 15:56:24 - Dashboard review activity detected. Invoking brain_ingest.py...
Traceback (most recent call last):
  File "/Users/lorenzo/Documents/GitHub/loackyPKM/99 - Meta/Scripts/brain_ingest.py", line 28, in <module>
    import brain_health
  File "/Users/lorenzo/Documents/GitHub/loackyPKM/99 - Meta/Scripts/brain_health.py", line 20, in <module>
    import ruamel.yaml
ModuleNotFoundError: No module named 'ruamel'
2026-08-25 15:56:29 - Dashboard review activity detected. Invoking brain_ingest.py...
Traceback (most recent call last):
  File "/Users/lorenzo/Documents/GitHub/loackyPKM/99 - Meta/Scripts/brain_ingest.py", line 28, in <module>
    import brain_health
  File "/Users/lorenzo/Documents/GitHub/loackyPKM/99 - Meta/Scripts/brain_health.py", line 20, in <module>
    import ruamel.yaml
ModuleNotFoundError: No module named 'ruamel'
2026-08-25 15:56:34 - Dashboard review activity detected. Invoking brain_ingest.py...
Traceback (most recent call last):
  File "/Users/lorenzo/Documents/GitHub/loackyPKM/99 - Meta/Scripts/brain_ingest.py", line 28, in <module>
    import brain_health
  File "/Users/lorenzo/Documents/GitHub/loackyPKM/99 - Meta/Scripts/brain_health.py", line 20, in <module>
    import ruamel.yaml
ModuleNotFoundError: No module named 'ruamel'
2026-08-25 15:56:40 - Dashboard review activity detected. Invoking brain_ingest.py...
Traceback (most recent call last):
  File "/Users/lorenzo/Documents/GitHub/loackyPKM/99 - Meta/Scripts/brain_ingest.py", line 28, in <module>
    import brain_health
  File "/Users/lorenzo/Documents/GitHub/loackyPKM/99 - Meta/Scripts/brain_health.py", line 20, in <module>
    import ruamel.yaml
ModuleNotFoundError: No module named 'ruamel'
2026-08-25 15:56:45 - Dashboard review activity detected. Invoking brain_ingest.py...
Traceback (most recent call last):
  File "/Users/lorenzo/Documents/GitHub/loackyPKM/99 - Meta/Scripts/brain_ingest.py", line 28, in <module>
    import brain_health
  File "/Users/lorenzo/Documents/GitHub/loackyPKM/99 - Meta/Scripts/brain_health.py", line 20, in <module>
    import ruamel.yaml
ModuleNotFoundError: No module named 'ruamel'
2026-08-25 15:56:50 - Dashboard review activity detected. Invoking brain_ingest.py...
Traceback (most recent call last):
  File "/Users/lorenzo/Documents/GitHub/loackyPKM/99 - Meta/Scripts/brain_ingest.py", line 28, in <module>
    import brain_health
  File "/Users/lorenzo/Documents/GitHub/loackyPKM/99 - Meta/Scripts/brain_health.py", line 20, in <module>
    import ruamel.yaml
ModuleNotFoundError: No module named 'ruamel'
2026-08-25 15:56:55 - Dashboard review activity detected. Invoking brain_ingest.py...
Traceback (most recent call last):
  File "/Users/lorenzo/Documents/GitHub/loackyPKM/99 - Meta/Scripts/brain_ingest.py", line 28, in <module>
    import brain_health
  File "/Users/lorenzo/Documents/GitHub/loackyPKM/99 - Meta/Scripts/brain_health.py", line 20, in <module>
    import ruamel.yaml
ModuleNotFoundError: No module named 'ruamel'
2026-08-25 15:57:00 - Dashboard review activity detected. Invoking brain_ingest.py...
Traceback (most recent call last):
  File "/Users/lorenzo/Documents/GitHub/loackyPKM/99 - Meta/Scripts/brain_ingest.py", line 28, in <module>
    import brain_health
  File "/Users/lorenzo/Documents/GitHub/loackyPKM/99 - Meta/Scripts/brain_health.py", line 20, in <module>
    import ruamel.yaml
ModuleNotFoundError: No module named 'ruamel'
2026-08-25 15:57:05 - Dashboard review activity detected. Invoking brain_ingest.py...
Traceback (most recent call last):
  File "/Users/lorenzo/Documents/GitHub/loackyPKM/99 - Meta/Scripts/brain_ingest.py", line 28, in <module>
    import brain_health
  File "/Users/lorenzo/Documents/GitHub/loackyPKM/99 - Meta/Scripts/brain_health.py", line 20, in <module>
    import ruamel.yaml
ModuleNotFoundError: No module named 'ruamel'
2026-08-25 15:57:10 - Dashboard review activity detected. Invoking brain_ingest.py...
Traceback (most recent call last):
  File "/Users/lorenzo/Documents/GitHub/loackyPKM/99 - Meta/Scripts/brain_ingest.py", line 28, in <module>
    import brain_health
  File "/Users/lorenzo/Documents/GitHub/loackyPKM/99 - Meta/Scripts/brain_health.py", line 20, in <module>
    import ruamel.yaml
ModuleNotFoundError: No module named 'ruamel'
2026-08-25 15:57:16 - Dashboard review activity detected. Invoking brain_ingest.py...
Traceback (most recent call last):
  File "/Users/lorenzo/Documents/GitHub/loackyPKM/99 - Meta/Scripts/brain_ingest.py", line 28, in <module>
    import brain_health
  File "/Users/lorenzo/Documents/GitHub/loackyPKM/99 - Meta/Scripts/brain_health.py", line 20, in <module>
    import ruamel.yaml
ModuleNotFoundError: No module named 'ruamel'
2026-08-25 15:57:21 - Dashboard review activity detected. Invoking brain_ingest.py...
Traceback (most recent call last):
  File "/Users/lorenzo/Documents/GitHub/loackyPKM/99 - Meta/Scripts/brain_ingest.py", line 28, in <module>
    import brain_health
  File "/Users/lorenzo/Documents/GitHub/loackyPKM/99 - Meta/Scripts/brain_health.py", line 20, in <module>
    import ruamel.yaml
ModuleNotFoundError: No module named 'ruamel'
2026-08-25 15:57:26 - Dashboard review activity detected. Invoking brain_ingest.py...
Traceback (most recent call last):
  File "/Users/lorenzo/Documents/GitHub/loackyPKM/99 - Meta/Scripts/brain_ingest.py", line 28, in <module>
    import brain_health
  File "/Users/lorenzo/Documents/GitHub/loackyPKM/99 - Meta/Scripts/brain_health.py", line 20, in <module>
    import ruamel.yaml
ModuleNotFoundError: No module named 'ruamel'
2026-08-25 15:57:31 - Dashboard review activity detected. Invoking brain_ingest.py...
Traceback (most recent call last):
  File "/Users/lorenzo/Documents/GitHub/loackyPKM/99 - Meta/Scripts/brain_ingest.py", line 28, in <module>
    import brain_health
  File "/Users/lorenzo/Documents/GitHub/loackyPKM/99 - Meta/Scripts/brain_health.py", line 20, in <module>
    import ruamel.yaml
ModuleNotFoundError: No module named 'ruamel'
2026-08-25 15:57:36 - Dashboard review activity detected. Invoking brain_ingest.py...
Traceback (most recent call last):
  File "/Users/lorenzo/Documents/GitHub/loackyPKM/99 - Meta/Scripts/brain_ingest.py", line 28, in <module>
    import brain_health
  File "/Users/lorenzo/Documents/GitHub/loackyPKM/99 - Meta/Scripts/brain_health.py", line 20, in <module>
    import ruamel.yaml
ModuleNotFoundError: No module named 'ruamel'
2026-08-25 15:57:41 - Dashboard review activity detected. Invoking brain_ingest.py...
Traceback (most recent call last):
  File "/Users/lorenzo/Documents/GitHub/loackyPKM/99 - Meta/Scripts/brain_ingest.py", line 28, in <module>
    import brain_health
  File "/Users/lorenzo/Documents/GitHub/loackyPKM/99 - Meta/Scripts/brain_health.py", line 20, in <module>
    import ruamel.yaml
ModuleNotFoundError: No module named 'ruamel'
2026-08-25 15:57:46 - Dashboard review activity detected. Invoking brain_ingest.py...
Traceback (most recent call last):
  File "/Users/lorenzo/Documents/GitHub/loackyPKM/99 - Meta/Scripts/brain_ingest.py", line 28, in <module>
    import brain_health
  File "/Users/lorenzo/Documents/GitHub/loackyPKM/99 - Meta/Scripts/brain_health.py", line 20, in <module>
    import ruamel.yaml
ModuleNotFoundError: No module named 'ruamel'
2026-08-25 15:57:52 - Dashboard review activity detected. Invoking brain_ingest.py...
Traceback (most recent call last):
  File "/Users/lorenzo/Documents/GitHub/loackyPKM/99 - Meta/Scripts/brain_ingest.py", line 28, in <module>
    import brain_health
  File "/Users/lorenzo/Documents/GitHub/loackyPKM/99 - Meta/Scripts/brain_health.py", line 20, in <module>
    import ruamel.yaml
ModuleNotFoundError: No module named 'ruamel'
2026-08-25 15:57:57 - Dashboard review activity detected. Invoking brain_ingest.py...
Traceback (most recent call last):
  File "/Users/lorenzo/Documents/GitHub/loackyPKM/99 - Meta/Scripts/brain_ingest.py", line 28, in <module>
    import brain_health
  File "/Users/lorenzo/Documents/GitHub/loackyPKM/99 - Meta/Scripts/brain_health.py", line 20, in <module>
    import ruamel.yaml
ModuleNotFoundError: No module named 'ruamel'
2026-08-25 15:58:02 - Dashboard review activity detected. Invoking brain_ingest.py...
Traceback (most recent call last):
  File "/Users/lorenzo/Documents/GitHub/loackyPKM/99 - Meta/Scripts/brain_ingest.py", line 28, in <module>
    import brain_health
  File "/Users/lorenzo/Documents/GitHub/loackyPKM/99 - Meta/Scripts/brain_health.py", line 20, in <module>
    import ruamel.yaml
ModuleNotFoundError: No module named 'ruamel'
2026-08-25 15:58:07 - Dashboard review activity detected. Invoking brain_ingest.py...
Traceback (most recent call last):
  File "/Users/lorenzo/Documents/GitHub/loackyPKM/99 - Meta/Scripts/brain_ingest.py", line 28, in <module>
    import brain_health
  File "/Users/lorenzo/Documents/GitHub/loackyPKM/99 - Meta/Scripts/brain_health.py", line 20, in <module>
    import ruamel.yaml
ModuleNotFoundError: No module named 'ruamel'
2026-08-25 15:58:12 - Dashboard review activity detected. Invoking brain_ingest.py...
Traceback (most recent call last):
  File "/Users/lorenzo/Documents/GitHub/loackyPKM/99 - Meta/Scripts/brain_ingest.py", line 28, in <module>
    import brain_health
  File "/Users/lorenzo/Documents/GitHub/loackyPKM/99 - Meta/Scripts/brain_health.py", line 20, in <module>
    import ruamel.yaml
ModuleNotFoundError: No module named 'ruamel'
2026-08-25 15:58:18 - Dashboard review activity detected. Invoking brain_ingest.py...
Traceback (most recent call last):
  File "/Users/lorenzo/Documents/GitHub/loackyPKM/99 - Meta/Scripts/brain_ingest.py", line 28, in <module>
    import brain_health
  File "/Users/lorenzo/Documents/GitHub/loackyPKM/99 - Meta/Scripts/brain_health.py", line 20, in <module>
    import ruamel.yaml
ModuleNotFoundError: No module named 'ruamel'
2026-08-25 15:58:23 - Dashboard review activity detected. Invoking brain_ingest.py...
Traceback (most recent call last):
  File "/Users/lorenzo/Documents/GitHub/loackyPKM/99 - Meta/Scripts/brain_ingest.py", line 28, in <module>
    import brain_health
  File "/Users/lorenzo/Documents/GitHub/loackyPKM/99 - Meta/Scripts/brain_health.py", line 20, in <module>
    import ruamel.yaml
ModuleNotFoundError: No module named 'ruamel'
2026-08-25 15:58:28 - Dashboard review activity detected. Invoking brain_ingest.py...
Traceback (most recent call last):
  File "/Users/lorenzo/Documents/GitHub/loackyPKM/99 - Meta/Scripts/brain_ingest.py", line 28, in <module>
    import brain_health
  File "/Users/lorenzo/Documents/GitHub/loackyPKM/99 - Meta/Scripts/brain_health.py", line 20, in <module>
    import ruamel.yaml
ModuleNotFoundError: No module named 'ruamel'
2026-08-25 15:58:33 - Dashboard review activity detected. Invoking brain_ingest.py...
Traceback (most recent call last):
  File "/Users/lorenzo/Documents/GitHub/loackyPKM/99 - Meta/Scripts/brain_ingest.py", line 28, in <module>
    import brain_health
  File "/Users/lorenzo/Documents/GitHub/loackyPKM/99 - Meta/Scripts/brain_health.py", line 20, in <module>
    import ruamel.yaml
ModuleNotFoundError: No module named 'ruamel'
2026-08-25 15:58:39 - Dashboard review activity detected. Invoking brain_ingest.py...
Traceback (most recent call last):
  File "/Users/lorenzo/Documents/GitHub/loackyPKM/99 - Meta/Scripts/brain_ingest.py", line 28, in <module>
    import brain_health
  File "/Users/lorenzo/Documents/GitHub/loackyPKM/99 - Meta/Scripts/brain_health.py", line 20, in <module>
    import ruamel.yaml
ModuleNotFoundError: No module named 'ruamel'
2026-08-25 15:58:44 - Dashboard review activity detected. Invoking brain_ingest.py...
Traceback (most recent call last):
  File "/Users/lorenzo/Documents/GitHub/loackyPKM/99 - Meta/Scripts/brain_ingest.py", line 28, in <module>
    import brain_health
  File "/Users/lorenzo/Documents/GitHub/loackyPKM/99 - Meta/Scripts/brain_health.py", line 20, in <module>
    import ruamel.yaml
ModuleNotFoundError: No module named 'ruamel'
2026-08-25 15:58:49 - Dashboard review activity detected. Invoking brain_ingest.py...
Traceback (most recent call last):
  File "/Users/lorenzo/Documents/GitHub/loackyPKM/99 - Meta/Scripts/brain_ingest.py", line 28, in <module>
    import brain_health
  File "/Users/lorenzo/Documents/GitHub/loackyPKM/99 - Meta/Scripts/brain_health.py", line 20, in <module>
    import ruamel.yaml
ModuleNotFoundError: No module named 'ruamel'
2026-08-25 15:58:54 - Dashboard review activity detected. Invoking brain_ingest.py...
Traceback (most recent call last):
  File "/Users/lorenzo/Documents/GitHub/loackyPKM/99 - Meta/Scripts/brain_ingest.py", line 28, in <module>
    import brain_health
  File "/Users/lorenzo/Documents/GitHub/loackyPKM/99 - Meta/Scripts/brain_health.py", line 20, in <module>
    import ruamel.yaml
ModuleNotFoundError: No module named 'ruamel'
2026-08-25 15:58:59 - Dashboard review activity detected. Invoking brain_ingest.py...
Traceback (most recent call last):
  File "/Users/lorenzo/Documents/GitHub/loackyPKM/99 - Meta/Scripts/brain_ingest.py", line 28, in <module>
    import brain_health
  File "/Users/lorenzo/Documents/GitHub/loackyPKM/99 - Meta/Scripts/brain_health.py", line 20, in <module>
    import ruamel.yaml
ModuleNotFoundError: No module named 'ruamel'
2026-08-25 15:59:05 - Dashboard review activity detected. Invoking brain_ingest.py...
Traceback (most recent call last):
  File "/Users/lorenzo/Documents/GitHub/loackyPKM/99 - Meta/Scripts/brain_ingest.py", line 28, in <module>
    import brain_health
  File "/Users/lorenzo/Documents/GitHub/loackyPKM/99 - Meta/Scripts/brain_health.py", line 20, in <module>
    import ruamel.yaml
ModuleNotFoundError: No module named 'ruamel'
2026-08-25 15:59:10 - Dashboard review activity detected. Invoking brain_ingest.py...
Traceback (most recent call last):
  File "/Users/lorenzo/Documents/GitHub/loackyPKM/99 - Meta/Scripts/brain_ingest.py", line 28, in <module>
    import brain_health
  File "/Users/lorenzo/Documents/GitHub/loackyPKM/99 - Meta/Scripts/brain_health.py", line 20, in <module>
    import ruamel.yaml
ModuleNotFoundError: No module named 'ruamel'
2026-08-25 15:59:15 - Dashboard review activity detected. Invoking brain_ingest.py...
Traceback (most recent call last):
  File "/Users/lorenzo/Documents/GitHub/loackyPKM/99 - Meta/Scripts/brain_ingest.py", line 28, in <module>
    import brain_health
  File "/Users/lorenzo/Documents/GitHub/loackyPKM/99 - Meta/Scripts/brain_health.py", line 20, in <module>
    import ruamel.yaml
ModuleNotFoundError: No module named 'ruamel'
2026-08-25 15:59:20 - Dashboard review activity detected. Invoking brain_ingest.py...
Traceback (most recent call last):
  File "/Users/lorenzo/Documents/GitHub/loackyPKM/99 - Meta/Scripts/brain_ingest.py", line 28, in <module>
    import brain_health
  File "/Users/lorenzo/Documents/GitHub/loackyPKM/99 - Meta/Scripts/brain_health.py", line 20, in <module>
    import ruamel.yaml
ModuleNotFoundError: No module named 'ruamel'
2026-08-25 15:59:25 - Dashboard review activity detected. Invoking brain_ingest.py...
Traceback (most recent call last):
  File "/Users/lorenzo/Documents/GitHub/loackyPKM/99 - Meta/Scripts/brain_ingest.py", line 28, in <module>
    import brain_health
  File "/Users/lorenzo/Documents/GitHub/loackyPKM/99 - Meta/Scripts/brain_health.py", line 20, in <module>
    import ruamel.yaml
ModuleNotFoundError: No module named 'ruamel'
2026-08-25 15:59:30 - Dashboard review activity detected. Invoking brain_ingest.py...
Traceback (most recent call last):
  File "/Users/lorenzo/Documents/GitHub/loackyPKM/99 - Meta/Scripts/brain_ingest.py", line 28, in <module>
    import brain_health
  File "/Users/lorenzo/Documents/GitHub/loackyPKM/99 - Meta/Scripts/brain_health.py", line 20, in <module>
    import ruamel.yaml
ModuleNotFoundError: No module named 'ruamel'
2026-08-25 15:59:36 - Dashboard review activity detected. Invoking brain_ingest.py...
Traceback (most recent call last):
  File "/Users/lorenzo/Documents/GitHub/loackyPKM/99 - Meta/Scripts/brain_ingest.py", line 28, in <module>
    import brain_health
  File "/Users/lorenzo/Documents/GitHub/loackyPKM/99 - Meta/Scripts/brain_health.py", line 20, in <module>
    import ruamel.yaml
ModuleNotFoundError: No module named 'ruamel'
2026-08-25 15:59:41 - Dashboard review activity detected. Invoking brain_ingest.py...
Traceback (most recent call last):
  File "/Users/lorenzo/Documents/GitHub/loackyPKM/99 - Meta/Scripts/brain_ingest.py", line 28, in <module>
    import brain_health
  File "/Users/lorenzo/Documents/GitHub/loackyPKM/99 - Meta/Scripts/brain_health.py", line 20, in <module>
    import ruamel.yaml
ModuleNotFoundError: No module named 'ruamel'
2026-08-25 15:59:46 - Dashboard review activity detected. Invoking brain_ingest.py...
Traceback (most recent call last):
  File "/Users/lorenzo/Documents/GitHub/loackyPKM/99 - Meta/Scripts/brain_ingest.py", line 28, in <module>
    import brain_health
  File "/Users/lorenzo/Documents/GitHub/loackyPKM/99 - Meta/Scripts/brain_health.py", line 20, in <module>
    import ruamel.yaml
ModuleNotFoundError: No module named 'ruamel'
2026-08-25 15:59:51 - Dashboard review activity detected. Invoking brain_ingest.py...
Traceback (most recent call last):
  File "/Users/lorenzo/Documents/GitHub/loackyPKM/99 - Meta/Scripts/brain_ingest.py", line 28, in <module>
    import brain_health
  File "/Users/lorenzo/Documents/GitHub/loackyPKM/99 - Meta/Scripts/brain_health.py", line 20, in <module>
    import ruamel.yaml
ModuleNotFoundError: No module named 'ruamel'
2026-08-25 15:59:56 - Dashboard review activity detected. Invoking brain_ingest.py...
Traceback (most recent call last):
  File "/Users/lorenzo/Documents/GitHub/loackyPKM/99 - Meta/Scripts/brain_ingest.py", line 28, in <module>
    import brain_health
  File "/Users/lorenzo/Documents/GitHub/loackyPKM/99 - Meta/Scripts/brain_health.py", line 20, in <module>
    import ruamel.yaml
ModuleNotFoundError: No module named 'ruamel'
2026-08-25 16:00:01 - Dashboard review activity detected. Invoking brain_ingest.py...
Traceback (most recent call last):
  File "/Users/lorenzo/Documents/GitHub/loackyPKM/99 - Meta/Scripts/brain_ingest.py", line 28, in <module>
    import brain_health
  File "/Users/lorenzo/Documents/GitHub/loackyPKM/99 - Meta/Scripts/brain_health.py", line 20, in <module>
    import ruamel.yaml
ModuleNotFoundError: No module named 'ruamel'
2026-08-25 16:00:07 - Dashboard review activity detected. Invoking brain_ingest.py...
Traceback (most recent call last):
  File "/Users/lorenzo/Documents/GitHub/loackyPKM/99 - Meta/Scripts/brain_ingest.py", line 28, in <module>
    import brain_health
  File "/Users/lorenzo/Documents/GitHub/loackyPKM/99 - Meta/Scripts/brain_health.py", line 20, in <module>
    import ruamel.yaml
ModuleNotFoundError: No module named 'ruamel'
2026-08-25 16:00:12 - Dashboard review activity detected. Invoking brain_ingest.py...
Traceback (most recent call last):
  File "/Users/lorenzo/Documents/GitHub/loackyPKM/99 - Meta/Scripts/brain_ingest.py", line 28, in <module>
    import brain_health
  File "/Users/lorenzo/Documents/GitHub/loackyPKM/99 - Meta/Scripts/brain_health.py", line 20, in <module>
    import ruamel.yaml
ModuleNotFoundError: No module named 'ruamel'
2026-08-25 16:00:17 - Dashboard review activity detected. Invoking brain_ingest.py...
Traceback (most recent call last):
  File "/Users/lorenzo/Documents/GitHub/loackyPKM/99 - Meta/Scripts/brain_ingest.py", line 28, in <module>
    import brain_health
  File "/Users/lorenzo/Documents/GitHub/loackyPKM/99 - Meta/Scripts/brain_health.py", line 20, in <module>
    import ruamel.yaml
ModuleNotFoundError: No module named 'ruamel'
2026-08-25 16:00:22 - Dashboard review activity detected. Invoking brain_ingest.py...
Traceback (most recent call last):
  File "/Users/lorenzo/Documents/GitHub/loackyPKM/99 - Meta/Scripts/brain_ingest.py", line 28, in <module>
    import brain_health
  File "/Users/lorenzo/Documents/GitHub/loackyPKM/99 - Meta/Scripts/brain_health.py", line 20, in <module>
    import ruamel.yaml
ModuleNotFoundError: No module named 'ruamel'
2026-08-25 16:00:27 - Dashboard review activity detected. Invoking brain_ingest.py...
Traceback (most recent call last):
  File "/Users/lorenzo/Documents/GitHub/loackyPKM/99 - Meta/Scripts/brain_ingest.py", line 28, in <module>
    import brain_health
  File "/Users/lorenzo/Documents/GitHub/loackyPKM/99 - Meta/Scripts/brain_health.py", line 20, in <module>
    import ruamel.yaml
ModuleNotFoundError: No module named 'ruamel'
2026-08-25 16:00:32 - Dashboard review activity detected. Invoking brain_ingest.py...
Traceback (most recent call last):
  File "/Users/lorenzo/Documents/GitHub/loackyPKM/99 - Meta/Scripts/brain_ingest.py", line 28, in <module>
    import brain_health
  File "/Users/lorenzo/Documents/GitHub/loackyPKM/99 - Meta/Scripts/brain_health.py", line 20, in <module>
    import ruamel.yaml
ModuleNotFoundError: No module named 'ruamel'
2026-08-25 16:00:38 - Dashboard review activity detected. Invoking brain_ingest.py...
Traceback (most recent call last):
  File "/Users/lorenzo/Documents/GitHub/loackyPKM/99 - Meta/Scripts/brain_ingest.py", line 28, in <module>
    import brain_health
  File "/Users/lorenzo/Documents/GitHub/loackyPKM/99 - Meta/Scripts/brain_health.py", line 20, in <module>
    import ruamel.yaml
ModuleNotFoundError: No module named 'ruamel'
2026-08-25 16:00:43 - Dashboard review activity detected. Invoking brain_ingest.py...
Traceback (most recent call last):
  File "/Users/lorenzo/Documents/GitHub/loackyPKM/99 - Meta/Scripts/brain_ingest.py", line 28, in <module>
    import brain_health
  File "/Users/lorenzo/Documents/GitHub/loackyPKM/99 - Meta/Scripts/brain_health.py", line 20, in <module>
    import ruamel.yaml
ModuleNotFoundError: No module named 'ruamel'
2026-08-25 16:00:48 - Dashboard review activity detected. Invoking brain_ingest.py...
Traceback (most recent call last):
  File "/Users/lorenzo/Documents/GitHub/loackyPKM/99 - Meta/Scripts/brain_ingest.py", line 28, in <module>
    import brain_health
  File "/Users/lorenzo/Documents/GitHub/loackyPKM/99 - Meta/Scripts/brain_health.py", line 20, in <module>
    import ruamel.yaml
ModuleNotFoundError: No module named 'ruamel'
2026-08-25 16:00:53 - Dashboard review activity detected. Invoking brain_ingest.py...
Traceback (most recent call last):
  File "/Users/lorenzo/Documents/GitHub/loackyPKM/99 - Meta/Scripts/brain_ingest.py", line 28, in <module>
    import brain_health
  File "/Users/lorenzo/Documents/GitHub/loackyPKM/99 - Meta/Scripts/brain_health.py", line 20, in <module>
    import ruamel.yaml
ModuleNotFoundError: No module named 'ruamel'
2026-08-25 16:00:58 - Dashboard review activity detected. Invoking brain_ingest.py...
Traceback (most recent call last):
  File "/Users/lorenzo/Documents/GitHub/loackyPKM/99 - Meta/Scripts/brain_ingest.py", line 28, in <module>
    import brain_health
  File "/Users/lorenzo/Documents/GitHub/loackyPKM/99 - Meta/Scripts/brain_health.py", line 20, in <module>
    import ruamel.yaml
ModuleNotFoundError: No module named 'ruamel'
2026-08-25 16:01:03 - Dashboard review activity detected. Invoking brain_ingest.py...
Traceback (most recent call last):
  File "/Users/lorenzo/Documents/GitHub/loackyPKM/99 - Meta/Scripts/brain_ingest.py", line 28, in <module>
    import brain_health
  File "/Users/lorenzo/Documents/GitHub/loackyPKM/99 - Meta/Scripts/brain_health.py", line 20, in <module>
    import ruamel.yaml
ModuleNotFoundError: No module named 'ruamel'
2026-08-25 16:01:08 - Dashboard review activity detected. Invoking brain_ingest.py...
Traceback (most recent call last):
  File "/Users/lorenzo/Documents/GitHub/loackyPKM/99 - Meta/Scripts/brain_ingest.py", line 28, in <module>
    import brain_health
  File "/Users/lorenzo/Documents/GitHub/loackyPKM/99 - Meta/Scripts/brain_health.py", line 20, in <module>
    import ruamel.yaml
ModuleNotFoundError: No module named 'ruamel'
2026-08-25 16:01:14 - Dashboard review activity detected. Invoking brain_ingest.py...
Traceback (most recent call last):
  File "/Users/lorenzo/Documents/GitHub/loackyPKM/99 - Meta/Scripts/brain_ingest.py", line 28, in <module>
    import brain_health
  File "/Users/lorenzo/Documents/GitHub/loackyPKM/99 - Meta/Scripts/brain_health.py", line 20, in <module>
    import ruamel.yaml
ModuleNotFoundError: No module named 'ruamel'
2026-08-25 16:01:19 - Dashboard review activity detected. Invoking brain_ingest.py...
Traceback (most recent call last):
  File "/Users/lorenzo/Documents/GitHub/loackyPKM/99 - Meta/Scripts/brain_ingest.py", line 28, in <module>
    import brain_health
  File "/Users/lorenzo/Documents/GitHub/loackyPKM/99 - Meta/Scripts/brain_health.py", line 20, in <module>
    import ruamel.yaml
ModuleNotFoundError: No module named 'ruamel'
2026-08-25 16:01:24 - Dashboard review activity detected. Invoking brain_ingest.py...
Traceback (most recent call last):
  File "/Users/lorenzo/Documents/GitHub/loackyPKM/99 - Meta/Scripts/brain_ingest.py", line 28, in <module>
    import brain_health
  File "/Users/lorenzo/Documents/GitHub/loackyPKM/99 - Meta/Scripts/brain_health.py", line 20, in <module>
    import ruamel.yaml
ModuleNotFoundError: No module named 'ruamel'
2026-08-25 16:01:29 - Dashboard review activity detected. Invoking brain_ingest.py...
Traceback (most recent call last):
  File "/Users/lorenzo/Documents/GitHub/loackyPKM/99 - Meta/Scripts/brain_ingest.py", line 28, in <module>
    import brain_health
  File "/Users/lorenzo/Documents/GitHub/loackyPKM/99 - Meta/Scripts/brain_health.py", line 20, in <module>
    import ruamel.yaml
ModuleNotFoundError: No module named 'ruamel'
2026-08-25 16:01:34 - Dashboard review activity detected. Invoking brain_ingest.py...
Traceback (most recent call last):
  File "/Users/lorenzo/Documents/GitHub/loackyPKM/99 - Meta/Scripts/brain_ingest.py", line 28, in <module>
    import brain_health
  File "/Users/lorenzo/Documents/GitHub/loackyPKM/99 - Meta/Scripts/brain_health.py", line 20, in <module>
    import ruamel.yaml
ModuleNotFoundError: No module named 'ruamel'
2026-08-25 16:01:39 - Dashboard review activity detected. Invoking brain_ingest.py...
Traceback (most recent call last):
  File "/Users/lorenzo/Documents/GitHub/loackyPKM/99 - Meta/Scripts/brain_ingest.py", line 28, in <module>
    import brain_health
  File "/Users/lorenzo/Documents/GitHub/loackyPKM/99 - Meta/Scripts/brain_health.py", line 20, in <module>
    import ruamel.yaml
ModuleNotFoundError: No module named 'ruamel'
2026-08-25 16:01:44 - Dashboard review activity detected. Invoking brain_ingest.py...
Traceback (most recent call last):
  File "/Users/lorenzo/Documents/GitHub/loackyPKM/99 - Meta/Scripts/brain_ingest.py", line 28, in <module>
    import brain_health
  File "/Users/lorenzo/Documents/GitHub/loackyPKM/99 - Meta/Scripts/brain_health.py", line 20, in <module>
    import ruamel.yaml
ModuleNotFoundError: No module named 'ruamel'
2026-08-25 16:01:50 - Dashboard review activity detected. Invoking brain_ingest.py...
Traceback (most recent call last):
  File "/Users/lorenzo/Documents/GitHub/loackyPKM/99 - Meta/Scripts/brain_ingest.py", line 28, in <module>
    import brain_health
  File "/Users/lorenzo/Documents/GitHub/loackyPKM/99 - Meta/Scripts/brain_health.py", line 20, in <module>
    import ruamel.yaml
ModuleNotFoundError: No module named 'ruamel'
2026-08-25 16:01:55 - Dashboard review activity detected. Invoking brain_ingest.py...
Traceback (most recent call last):
  File "/Users/lorenzo/Documents/GitHub/loackyPKM/99 - Meta/Scripts/brain_ingest.py", line 28, in <module>
    import brain_health
  File "/Users/lorenzo/Documents/GitHub/loackyPKM/99 - Meta/Scripts/brain_health.py", line 20, in <module>
    import ruamel.yaml
ModuleNotFoundError: No module named 'ruamel'
2026-08-25 16:02:00 - Dashboard review activity detected. Invoking brain_ingest.py...
Traceback (most recent call last):
  File "/Users/lorenzo/Documents/GitHub/loackyPKM/99 - Meta/Scripts/brain_ingest.py", line 28, in <module>
    import brain_health
  File "/Users/lorenzo/Documents/GitHub/loackyPKM/99 - Meta/Scripts/brain_health.py", line 20, in <module>
    import ruamel.yaml
ModuleNotFoundError: No module named 'ruamel'
2026-08-25 16:02:05 - Dashboard review activity detected. Invoking brain_ingest.py...
Traceback (most recent call last):
  File "/Users/lorenzo/Documents/GitHub/loackyPKM/99 - Meta/Scripts/brain_ingest.py", line 28, in <module>
    import brain_health
  File "/Users/lorenzo/Documents/GitHub/loackyPKM/99 - Meta/Scripts/brain_health.py", line 20, in <module>
    import ruamel.yaml
ModuleNotFoundError: No module named 'ruamel'
2026-08-25 16:02:10 - Dashboard review activity detected. Invoking brain_ingest.py...
Traceback (most recent call last):
  File "/Users/lorenzo/Documents/GitHub/loackyPKM/99 - Meta/Scripts/brain_ingest.py", line 28, in <module>
    import brain_health
  File "/Users/lorenzo/Documents/GitHub/loackyPKM/99 - Meta/Scripts/brain_health.py", line 20, in <module>
    import ruamel.yaml
ModuleNotFoundError: No module named 'ruamel'
2026-08-25 16:02:15 - Dashboard review activity detected. Invoking brain_ingest.py...
Traceback (most recent call last):
  File "/Users/lorenzo/Documents/GitHub/loackyPKM/99 - Meta/Scripts/brain_ingest.py", line 28, in <module>
    import brain_health
  File "/Users/lorenzo/Documents/GitHub/loackyPKM/99 - Meta/Scripts/brain_health.py", line 20, in <module>
    import ruamel.yaml
ModuleNotFoundError: No module named 'ruamel'
2026-08-25 16:02:20 - Dashboard review activity detected. Invoking brain_ingest.py...
Traceback (most recent call last):
  File "/Users/lorenzo/Documents/GitHub/loackyPKM/99 - Meta/Scripts/brain_ingest.py", line 28, in <module>
    import brain_health
  File "/Users/lorenzo/Documents/GitHub/loackyPKM/99 - Meta/Scripts/brain_health.py", line 20, in <module>
    import ruamel.yaml
ModuleNotFoundError: No module named 'ruamel'
2026-08-25 16:02:26 - Dashboard review activity detected. Invoking brain_ingest.py...
Traceback (most recent call last):
  File "/Users/lorenzo/Documents/GitHub/loackyPKM/99 - Meta/Scripts/brain_ingest.py", line 28, in <module>
    import brain_health
  File "/Users/lorenzo/Documents/GitHub/loackyPKM/99 - Meta/Scripts/brain_health.py", line 20, in <module>
    import ruamel.yaml
ModuleNotFoundError: No module named 'ruamel'
2026-08-25 16:02:31 - Dashboard review activity detected. Invoking brain_ingest.py...
Traceback (most recent call last):
  File "/Users/lorenzo/Documents/GitHub/loackyPKM/99 - Meta/Scripts/brain_ingest.py", line 28, in <module>
    import brain_health
  File "/Users/lorenzo/Documents/GitHub/loackyPKM/99 - Meta/Scripts/brain_health.py", line 20, in <module>
    import ruamel.yaml
ModuleNotFoundError: No module named 'ruamel'
2026-08-25 16:02:36 - Dashboard review activity detected. Invoking brain_ingest.py...
Traceback (most recent call last):
  File "/Users/lorenzo/Documents/GitHub/loackyPKM/99 - Meta/Scripts/brain_ingest.py", line 28, in <module>
    import brain_health
  File "/Users/lorenzo/Documents/GitHub/loackyPKM/99 - Meta/Scripts/brain_health.py", line 20, in <module>
    import ruamel.yaml
ModuleNotFoundError: No module named 'ruamel'
2026-08-25 16:02:41 - Dashboard review activity detected. Invoking brain_ingest.py...
Traceback (most recent call last):
  File "/Users/lorenzo/Documents/GitHub/loackyPKM/99 - Meta/Scripts/brain_ingest.py", line 28, in <module>
    import brain_health
  File "/Users/lorenzo/Documents/GitHub/loackyPKM/99 - Meta/Scripts/brain_health.py", line 20, in <module>
    import ruamel.yaml
ModuleNotFoundError: No module named 'ruamel'
2026-08-25 16:02:46 - Dashboard review activity detected. Invoking brain_ingest.py...
Traceback (most recent call last):
  File "/Users/lorenzo/Documents/GitHub/loackyPKM/99 - Meta/Scripts/brain_ingest.py", line 28, in <module>
    import brain_health
  File "/Users/lorenzo/Documents/GitHub/loackyPKM/99 - Meta/Scripts/brain_health.py", line 20, in <module>
    import ruamel.yaml
ModuleNotFoundError: No module named 'ruamel'
2026-08-25 16:02:51 - Dashboard review activity detected. Invoking brain_ingest.py...
Traceback (most recent call last):
  File "/Users/lorenzo/Documents/GitHub/loackyPKM/99 - Meta/Scripts/brain_ingest.py", line 28, in <module>
    import brain_health
  File "/Users/lorenzo/Documents/GitHub/loackyPKM/99 - Meta/Scripts/brain_health.py", line 20, in <module>
    import ruamel.yaml
ModuleNotFoundError: No module named 'ruamel'
2026-08-25 16:02:56 - Dashboard review activity detected. Invoking brain_ingest.py...
Traceback (most recent call last):
  File "/Users/lorenzo/Documents/GitHub/loackyPKM/99 - Meta/Scripts/brain_ingest.py", line 28, in <module>
    import brain_health
  File "/Users/lorenzo/Documents/GitHub/loackyPKM/99 - Meta/Scripts/brain_health.py", line 20, in <module>
    import ruamel.yaml
ModuleNotFoundError: No module named 'ruamel'
2026-08-25 16:03:02 - Dashboard review activity detected. Invoking brain_ingest.py...
Traceback (most recent call last):
  File "/Users/lorenzo/Documents/GitHub/loackyPKM/99 - Meta/Scripts/brain_ingest.py", line 28, in <module>
    import brain_health
  File "/Users/lorenzo/Documents/GitHub/loackyPKM/99 - Meta/Scripts/brain_health.py", line 20, in <module>
    import ruamel.yaml
ModuleNotFoundError: No module named 'ruamel'
2026-08-25 16:03:07 - Dashboard review activity detected. Invoking brain_ingest.py...
Traceback (most recent call last):
  File "/Users/lorenzo/Documents/GitHub/loackyPKM/99 - Meta/Scripts/brain_ingest.py", line 28, in <module>
    import brain_health
  File "/Users/lorenzo/Documents/GitHub/loackyPKM/99 - Meta/Scripts/brain_health.py", line 20, in <module>
    import ruamel.yaml
ModuleNotFoundError: No module named 'ruamel'
2026-08-25 16:03:12 - Dashboard review activity detected. Invoking brain_ingest.py...
Traceback (most recent call last):
  File "/Users/lorenzo/Documents/GitHub/loackyPKM/99 - Meta/Scripts/brain_ingest.py", line 28, in <module>
    import brain_health
  File "/Users/lorenzo/Documents/GitHub/loackyPKM/99 - Meta/Scripts/brain_health.py", line 20, in <module>
    import ruamel.yaml
ModuleNotFoundError: No module named 'ruamel'
2026-08-25 16:03:17 - Dashboard review activity detected. Invoking brain_ingest.py...
Traceback (most recent call last):
  File "/Users/lorenzo/Documents/GitHub/loackyPKM/99 - Meta/Scripts/brain_ingest.py", line 28, in <module>
    import brain_health
  File "/Users/lorenzo/Documents/GitHub/loackyPKM/99 - Meta/Scripts/brain_health.py", line 20, in <module>
    import ruamel.yaml
ModuleNotFoundError: No module named 'ruamel'
2026-08-25 16:03:22 - Dashboard review activity detected. Invoking brain_ingest.py...
Traceback (most recent call last):
  File "/Users/lorenzo/Documents/GitHub/loackyPKM/99 - Meta/Scripts/brain_ingest.py", line 28, in <module>
    import brain_health
  File "/Users/lorenzo/Documents/GitHub/loackyPKM/99 - Meta/Scripts/brain_health.py", line 20, in <module>
    import ruamel.yaml
ModuleNotFoundError: No module named 'ruamel'
2026-08-25 16:03:28 - Dashboard review activity detected. Invoking brain_ingest.py...
Traceback (most recent call last):
  File "/Users/lorenzo/Documents/GitHub/loackyPKM/99 - Meta/Scripts/brain_ingest.py", line 28, in <module>
    import brain_health
  File "/Users/lorenzo/Documents/GitHub/loackyPKM/99 - Meta/Scripts/brain_health.py", line 20, in <module>
    import ruamel.yaml
ModuleNotFoundError: No module named 'ruamel'
2026-08-25 16:03:33 - Dashboard review activity detected. Invoking brain_ingest.py...
Traceback (most recent call last):
  File "/Users/lorenzo/Documents/GitHub/loackyPKM/99 - Meta/Scripts/brain_ingest.py", line 28, in <module>
    import brain_health
  File "/Users/lorenzo/Documents/GitHub/loackyPKM/99 - Meta/Scripts/brain_health.py", line 20, in <module>
    import ruamel.yaml
ModuleNotFoundError: No module named 'ruamel'
2026-08-25 16:03:38 - Dashboard review activity detected. Invoking brain_ingest.py...
Traceback (most recent call last):
  File "/Users/lorenzo/Documents/GitHub/loackyPKM/99 - Meta/Scripts/brain_ingest.py", line 28, in <module>
    import brain_health
  File "/Users/lorenzo/Documents/GitHub/loackyPKM/99 - Meta/Scripts/brain_health.py", line 20, in <module>
    import ruamel.yaml
ModuleNotFoundError: No module named 'ruamel'
2026-08-25 16:03:43 - Dashboard review activity detected. Invoking brain_ingest.py...
Traceback (most recent call last):
  File "/Users/lorenzo/Documents/GitHub/loackyPKM/99 - Meta/Scripts/brain_ingest.py", line 28, in <module>
    import brain_health
  File "/Users/lorenzo/Documents/GitHub/loackyPKM/99 - Meta/Scripts/brain_health.py", line 20, in <module>
    import ruamel.yaml
ModuleNotFoundError: No module named 'ruamel'
2026-08-25 16:03:48 - Dashboard review activity detected. Invoking brain_ingest.py...
Traceback (most recent call last):
  File "/Users/lorenzo/Documents/GitHub/loackyPKM/99 - Meta/Scripts/brain_ingest.py", line 28, in <module>
    import brain_health
  File "/Users/lorenzo/Documents/GitHub/loackyPKM/99 - Meta/Scripts/brain_health.py", line 20, in <module>
    import ruamel.yaml
ModuleNotFoundError: No module named 'ruamel'
2026-08-25 16:03:53 - Dashboard review activity detected. Invoking brain_ingest.py...
Traceback (most recent call last):
  File "/Users/lorenzo/Documents/GitHub/loackyPKM/99 - Meta/Scripts/brain_ingest.py", line 28, in <module>
    import brain_health
  File "/Users/lorenzo/Documents/GitHub/loackyPKM/99 - Meta/Scripts/brain_health.py", line 20, in <module>
    import ruamel.yaml
ModuleNotFoundError: No module named 'ruamel'
2026-08-25 16:03:59 - Dashboard review activity detected. Invoking brain_ingest.py...
Traceback (most recent call last):
  File "/Users/lorenzo/Documents/GitHub/loackyPKM/99 - Meta/Scripts/brain_ingest.py", line 28, in <module>
    import brain_health
  File "/Users/lorenzo/Documents/GitHub/loackyPKM/99 - Meta/Scripts/brain_health.py", line 20, in <module>
    import ruamel.yaml
ModuleNotFoundError: No module named 'ruamel'
2026-08-25 16:04:01 - Starting Second Brain Watcher daemon on /Users/lorenzo/Documents/GitHub/loackyPKM (PID 95145)
2026-08-25 16:04:02 - Dashboard review activity detected. Invoking brain_ingest.py...
Traceback (most recent call last):
  File "/Users/lorenzo/Documents/GitHub/loackyPKM/99 - Meta/Scripts/brain_ingest.py", line 28, in <module>
    import brain_health
  File "/Users/lorenzo/Documents/GitHub/loackyPKM/99 - Meta/Scripts/brain_health.py", line 20, in <module>
    import ruamel.yaml
ModuleNotFoundError: No module named 'ruamel'
2026-08-25 16:04:04 - Dashboard review activity detected. Invoking brain_ingest.py...
Traceback (most recent call last):
  File "/Users/lorenzo/Documents/GitHub/loackyPKM/99 - Meta/Scripts/brain_ingest.py", line 28, in <module>
    import brain_health
  File "/Users/lorenzo/Documents/GitHub/loackyPKM/99 - Meta/Scripts/brain_health.py", line 20, in <module>
    import ruamel.yaml
ModuleNotFoundError: No module named 'ruamel'
2026-08-25 16:04:08 - Dashboard review activity detected. Invoking brain_ingest.py...
Traceback (most recent call last):
  File "/Users/lorenzo/Documents/GitHub/loackyPKM/99 - Meta/Scripts/brain_ingest.py", line 28, in <module>
    import brain_health
  File "/Users/lorenzo/Documents/GitHub/loackyPKM/99 - Meta/Scripts/brain_health.py", line 20, in <module>
    import ruamel.yaml
ModuleNotFoundError: No module named 'ruamel'
2026-08-25 16:04:09 - Dashboard review activity detected. Invoking brain_ingest.py...
Traceback (most recent call last):
  File "/Users/lorenzo/Documents/GitHub/loackyPKM/99 - Meta/Scripts/brain_ingest.py", line 28, in <module>
    import brain_health
  File "/Users/lorenzo/Documents/GitHub/loackyPKM/99 - Meta/Scripts/brain_health.py", line 20, in <module>
    import ruamel.yaml
ModuleNotFoundError: No module named 'ruamel'
2026-08-25 16:04:13 - Dashboard review activity detected. Invoking brain_ingest.py...
Traceback (most recent call last):
  File "/Users/lorenzo/Documents/GitHub/loackyPKM/99 - Meta/Scripts/brain_ingest.py", line 28, in <module>
    import brain_health
  File "/Users/lorenzo/Documents/GitHub/loackyPKM/99 - Meta/Scripts/brain_health.py", line 20, in <module>
    import ruamel.yaml
ModuleNotFoundError: No module named 'ruamel'
2026-08-25 16:04:14 - Dashboard review activity detected. Invoking brain_ingest.py...
Traceback (most recent call last):
  File "/Users/lorenzo/Documents/GitHub/loackyPKM/99 - Meta/Scripts/brain_ingest.py", line 28, in <module>
    import brain_health
  File "/Users/lorenzo/Documents/GitHub/loackyPKM/99 - Meta/Scripts/brain_health.py", line 20, in <module>
    import ruamel.yaml
ModuleNotFoundError: No module named 'ruamel'
2026-08-25 16:04:18 - Dashboard review activity detected. Invoking brain_ingest.py...
Traceback (most recent call last):
  File "/Users/lorenzo/Documents/GitHub/loackyPKM/99 - Meta/Scripts/brain_ingest.py", line 28, in <module>
    import brain_health
  File "/Users/lorenzo/Documents/GitHub/loackyPKM/99 - Meta/Scripts/brain_health.py", line 20, in <module>
    import ruamel.yaml
ModuleNotFoundError: No module named 'ruamel'
2026-08-25 16:04:19 - Dashboard review activity detected. Invoking brain_ingest.py...
Traceback (most recent call last):
  File "/Users/lorenzo/Documents/GitHub/loackyPKM/99 - Meta/Scripts/brain_ingest.py", line 28, in <module>
    import brain_health
  File "/Users/lorenzo/Documents/GitHub/loackyPKM/99 - Meta/Scripts/brain_health.py", line 20, in <module>
    import ruamel.yaml
ModuleNotFoundError: No module named 'ruamel'
2026-08-25 16:04:23 - Dashboard review activity detected. Invoking brain_ingest.py...
Traceback (most recent call last):
  File "/Users/lorenzo/Documents/GitHub/loackyPKM/99 - Meta/Scripts/brain_ingest.py", line 28, in <module>
    import brain_health
  File "/Users/lorenzo/Documents/GitHub/loackyPKM/99 - Meta/Scripts/brain_health.py", line 20, in <module>
    import ruamel.yaml
ModuleNotFoundError: No module named 'ruamel'
2026-08-25 16:04:24 - Dashboard review activity detected. Invoking brain_ingest.py...
Traceback (most recent call last):
  File "/Users/lorenzo/Documents/GitHub/loackyPKM/99 - Meta/Scripts/brain_ingest.py", line 28, in <module>
    import brain_health
  File "/Users/lorenzo/Documents/GitHub/loackyPKM/99 - Meta/Scripts/brain_health.py", line 20, in <module>
    import ruamel.yaml
ModuleNotFoundError: No module named 'ruamel'
2026-08-25 16:04:29 - Dashboard review activity detected. Invoking brain_ingest.py...
Traceback (most recent call last):
  File "/Users/lorenzo/Documents/GitHub/loackyPKM/99 - Meta/Scripts/brain_ingest.py", line 28, in <module>
    import brain_health
  File "/Users/lorenzo/Documents/GitHub/loackyPKM/99 - Meta/Scripts/brain_health.py", line 20, in <module>
    import ruamel.yaml
ModuleNotFoundError: No module named 'ruamel'
2026-08-25 16:04:29 - Dashboard review activity detected. Invoking brain_ingest.py...
Traceback (most recent call last):
  File "/Users/lorenzo/Documents/GitHub/loackyPKM/99 - Meta/Scripts/brain_ingest.py", line 28, in <module>
    import brain_health
  File "/Users/lorenzo/Documents/GitHub/loackyPKM/99 - Meta/Scripts/brain_health.py", line 20, in <module>
    import ruamel.yaml
ModuleNotFoundError: No module named 'ruamel'
2026-08-25 16:04:34 - Dashboard review activity detected. Invoking brain_ingest.py...
Traceback (most recent call last):
  File "/Users/lorenzo/Documents/GitHub/loackyPKM/99 - Meta/Scripts/brain_ingest.py", line 28, in <module>
    import brain_health
  File "/Users/lorenzo/Documents/GitHub/loackyPKM/99 - Meta/Scripts/brain_health.py", line 20, in <module>
    import ruamel.yaml
ModuleNotFoundError: No module named 'ruamel'
2026-08-25 16:04:35 - Dashboard review activity detected. Invoking brain_ingest.py...
Traceback (most recent call last):
  File "/Users/lorenzo/Documents/GitHub/loackyPKM/99 - Meta/Scripts/brain_ingest.py", line 28, in <module>
    import brain_health
  File "/Users/lorenzo/Documents/GitHub/loackyPKM/99 - Meta/Scripts/brain_health.py", line 20, in <module>
    import ruamel.yaml
ModuleNotFoundError: No module named 'ruamel'
2026-08-25 16:04:39 - Dashboard review activity detected. Invoking brain_ingest.py...
Traceback (most recent call last):
  File "/Users/lorenzo/Documents/GitHub/loackyPKM/99 - Meta/Scripts/brain_ingest.py", line 28, in <module>
    import brain_health
  File "/Users/lorenzo/Documents/GitHub/loackyPKM/99 - Meta/Scripts/brain_health.py", line 20, in <module>
    import ruamel.yaml
ModuleNotFoundError: No module named 'ruamel'
2026-08-25 16:04:40 - Dashboard review activity detected. Invoking brain_ingest.py...
Traceback (most recent call last):
  File "/Users/lorenzo/Documents/GitHub/loackyPKM/99 - Meta/Scripts/brain_ingest.py", line 28, in <module>
    import brain_health
  File "/Users/lorenzo/Documents/GitHub/loackyPKM/99 - Meta/Scripts/brain_health.py", line 20, in <module>
    import ruamel.yaml
ModuleNotFoundError: No module named 'ruamel'
2026-08-25 16:04:44 - Dashboard review activity detected. Invoking brain_ingest.py...
Traceback (most recent call last):
  File "/Users/lorenzo/Documents/GitHub/loackyPKM/99 - Meta/Scripts/brain_ingest.py", line 28, in <module>
    import brain_health
  File "/Users/lorenzo/Documents/GitHub/loackyPKM/99 - Meta/Scripts/brain_health.py", line 20, in <module>
    import ruamel.yaml
ModuleNotFoundError: No module named 'ruamel'
2026-08-25 16:04:45 - Dashboard review activity detected. Invoking brain_ingest.py...
Traceback (most recent call last):
  File "/Users/lorenzo/Documents/GitHub/loackyPKM/99 - Meta/Scripts/brain_ingest.py", line 28, in <module>
    import brain_health
  File "/Users/lorenzo/Documents/GitHub/loackyPKM/99 - Meta/Scripts/brain_health.py", line 20, in <module>
    import ruamel.yaml
ModuleNotFoundError: No module named 'ruamel'
2026-08-25 16:04:50 - Dashboard review activity detected. Invoking brain_ingest.py...
Traceback (most recent call last):
  File "/Users/lorenzo/Documents/GitHub/loackyPKM/99 - Meta/Scripts/brain_ingest.py", line 28, in <module>
    import brain_health
  File "/Users/lorenzo/Documents/GitHub/loackyPKM/99 - Meta/Scripts/brain_health.py", line 20, in <module>
    import ruamel.yaml
ModuleNotFoundError: No module named 'ruamel'
2026-08-25 16:04:50 - Dashboard review activity detected. Invoking brain_ingest.py...
Traceback (most recent call last):
  File "/Users/lorenzo/Documents/GitHub/loackyPKM/99 - Meta/Scripts/brain_ingest.py", line 28, in <module>
    import brain_health
  File "/Users/lorenzo/Documents/GitHub/loackyPKM/99 - Meta/Scripts/brain_health.py", line 20, in <module>
    import ruamel.yaml
ModuleNotFoundError: No module named 'ruamel'
2026-08-25 16:04:55 - Dashboard review activity detected. Invoking brain_ingest.py...
Traceback (most recent call last):
  File "/Users/lorenzo/Documents/GitHub/loackyPKM/99 - Meta/Scripts/brain_ingest.py", line 28, in <module>
    import brain_health
  File "/Users/lorenzo/Documents/GitHub/loackyPKM/99 - Meta/Scripts/brain_health.py", line 20, in <module>
    import ruamel.yaml
ModuleNotFoundError: No module named 'ruamel'
2026-08-25 16:04:55 - Dashboard review activity detected. Invoking brain_ingest.py...
Traceback (most recent call last):
  File "/Users/lorenzo/Documents/GitHub/loackyPKM/99 - Meta/Scripts/brain_ingest.py", line 28, in <module>
    import brain_health
  File "/Users/lorenzo/Documents/GitHub/loackyPKM/99 - Meta/Scripts/brain_health.py", line 20, in <module>
    import ruamel.yaml
ModuleNotFoundError: No module named 'ruamel'
2026-08-25 16:05:01 - Obsidian running with pending reviews. Opening Review Dashboard...
2026-08-25 16:05:26 - Dashboard review activity detected. Invoking brain_ingest.py...
Traceback (most recent call last):
  File "/Users/lorenzo/Documents/GitHub/loackyPKM/99 - Meta/Scripts/brain_ingest.py", line 28, in <module>
    import brain_health
  File "/Users/lorenzo/Documents/GitHub/loackyPKM/99 - Meta/Scripts/brain_health.py", line 20, in <module>
    import ruamel.yaml
ModuleNotFoundError: No module named 'ruamel'
2026-08-25 16:05:26 - Dashboard review activity detected. Invoking brain_ingest.py...
Traceback (most recent call last):
  File "/Users/lorenzo/Documents/GitHub/loackyPKM/99 - Meta/Scripts/brain_ingest.py", line 28, in <module>
    import brain_health
  File "/Users/lorenzo/Documents/GitHub/loackyPKM/99 - Meta/Scripts/brain_health.py", line 20, in <module>
    import ruamel.yaml
ModuleNotFoundError: No module named 'ruamel'
2026-08-25 16:05:31 - Dashboard review activity detected. Invoking brain_ingest.py...
Traceback (most recent call last):
  File "/Users/lorenzo/Documents/GitHub/loackyPKM/99 - Meta/Scripts/brain_ingest.py", line 28, in <module>
    import brain_health
  File "/Users/lorenzo/Documents/GitHub/loackyPKM/99 - Meta/Scripts/brain_health.py", line 20, in <module>
    import ruamel.yaml
ModuleNotFoundError: No module named 'ruamel'
2026-08-25 16:05:31 - Dashboard review activity detected. Invoking brain_ingest.py...
Traceback (most recent call last):
  File "/Users/lorenzo/Documents/GitHub/loackyPKM/99 - Meta/Scripts/brain_ingest.py", line 28, in <module>
    import brain_health
  File "/Users/lorenzo/Documents/GitHub/loackyPKM/99 - Meta/Scripts/brain_health.py", line 20, in <module>
    import ruamel.yaml
ModuleNotFoundError: No module named 'ruamel'
2026-08-25 16:05:36 - Dashboard review activity detected. Invoking brain_ingest.py...
Traceback (most recent call last):
  File "/Users/lorenzo/Documents/GitHub/loackyPKM/99 - Meta/Scripts/brain_ingest.py", line 28, in <module>
    import brain_health
  File "/Users/lorenzo/Documents/GitHub/loackyPKM/99 - Meta/Scripts/brain_health.py", line 20, in <module>
    import ruamel.yaml
ModuleNotFoundError: No module named 'ruamel'
2026-08-25 16:05:36 - Dashboard review activity detected. Invoking brain_ingest.py...
Traceback (most recent call last):
  File "/Users/lorenzo/Documents/GitHub/loackyPKM/99 - Meta/Scripts/brain_ingest.py", line 28, in <module>
    import brain_health
  File "/Users/lorenzo/Documents/GitHub/loackyPKM/99 - Meta/Scripts/brain_health.py", line 20, in <module>
    import ruamel.yaml
ModuleNotFoundError: No module named 'ruamel'
2026-08-25 16:05:41 - Dashboard review activity detected. Invoking brain_ingest.py...
Traceback (most recent call last):
  File "/Users/lorenzo/Documents/GitHub/loackyPKM/99 - Meta/Scripts/brain_ingest.py", line 28, in <module>
    import brain_health
  File "/Users/lorenzo/Documents/GitHub/loackyPKM/99 - Meta/Scripts/brain_health.py", line 20, in <module>
    import ruamel.yaml
ModuleNotFoundError: No module named 'ruamel'
2026-08-25 16:05:41 - Dashboard review activity detected. Invoking brain_ingest.py...
Traceback (most recent call last):
  File "/Users/lorenzo/Documents/GitHub/loackyPKM/99 - Meta/Scripts/brain_ingest.py", line 28, in <module>
    import brain_health
  File "/Users/lorenzo/Documents/GitHub/loackyPKM/99 - Meta/Scripts/brain_health.py", line 20, in <module>
    import ruamel.yaml
ModuleNotFoundError: No module named 'ruamel'
2026-08-25 16:05:46 - Dashboard review activity detected. Invoking brain_ingest.py...
Traceback (most recent call last):
  File "/Users/lorenzo/Documents/GitHub/loackyPKM/99 - Meta/Scripts/brain_ingest.py", line 28, in <module>
    import brain_health
  File "/Users/lorenzo/Documents/GitHub/loackyPKM/99 - Meta/Scripts/brain_health.py", line 20, in <module>
    import ruamel.yaml
ModuleNotFoundError: No module named 'ruamel'
2026-08-25 16:05:47 - Dashboard review activity detected. Invoking brain_ingest.py...
Traceback (most recent call last):
  File "/Users/lorenzo/Documents/GitHub/loackyPKM/99 - Meta/Scripts/brain_ingest.py", line 28, in <module>
    import brain_health
  File "/Users/lorenzo/Documents/GitHub/loackyPKM/99 - Meta/Scripts/brain_health.py", line 20, in <module>
    import ruamel.yaml
ModuleNotFoundError: No module named 'ruamel'
2026-08-25 16:05:52 - Dashboard review activity detected. Invoking brain_ingest.py...
Traceback (most recent call last):
  File "/Users/lorenzo/Documents/GitHub/loackyPKM/99 - Meta/Scripts/brain_ingest.py", line 28, in <module>
    import brain_health
  File "/Users/lorenzo/Documents/GitHub/loackyPKM/99 - Meta/Scripts/brain_health.py", line 20, in <module>
    import ruamel.yaml
ModuleNotFoundError: No module named 'ruamel'
2026-08-25 16:05:52 - Dashboard review activity detected. Invoking brain_ingest.py...
Traceback (most recent call last):
  File "/Users/lorenzo/Documents/GitHub/loackyPKM/99 - Meta/Scripts/brain_ingest.py", line 28, in <module>
    import brain_health
  File "/Users/lorenzo/Documents/GitHub/loackyPKM/99 - Meta/Scripts/brain_health.py", line 20, in <module>
    import ruamel.yaml
ModuleNotFoundError: No module named 'ruamel'
2026-08-25 16:05:57 - Dashboard review activity detected. Invoking brain_ingest.py...
Traceback (most recent call last):
  File "/Users/lorenzo/Documents/GitHub/loackyPKM/99 - Meta/Scripts/brain_ingest.py", line 28, in <module>
    import brain_health
  File "/Users/lorenzo/Documents/GitHub/loackyPKM/99 - Meta/Scripts/brain_health.py", line 20, in <module>
    import ruamel.yaml
ModuleNotFoundError: No module named 'ruamel'
2026-08-25 16:05:57 - Dashboard review activity detected. Invoking brain_ingest.py...
Traceback (most recent call last):
  File "/Users/lorenzo/Documents/GitHub/loackyPKM/99 - Meta/Scripts/brain_ingest.py", line 28, in <module>
    import brain_health
  File "/Users/lorenzo/Documents/GitHub/loackyPKM/99 - Meta/Scripts/brain_health.py", line 20, in <module>
    import ruamel.yaml
ModuleNotFoundError: No module named 'ruamel'
2026-08-25 16:06:01 - Raw inbox note ready for processing detected. Invoking scan-inbox...
Traceback (most recent call last):
  File "/Users/lorenzo/Documents/GitHub/loackyPKM/99 - Meta/Scripts/brain_ingest.py", line 28, in <module>
    import brain_health
  File "/Users/lorenzo/Documents/GitHub/loackyPKM/99 - Meta/Scripts/brain_health.py", line 20, in <module>
    import ruamel.yaml
ModuleNotFoundError: No module named 'ruamel'
2026-08-25 16:06:02 - Dashboard review activity detected. Invoking brain_ingest.py...
Traceback (most recent call last):
  File "/Users/lorenzo/Documents/GitHub/loackyPKM/99 - Meta/Scripts/brain_ingest.py", line 28, in <module>
    import brain_health
  File "/Users/lorenzo/Documents/GitHub/loackyPKM/99 - Meta/Scripts/brain_health.py", line 20, in <module>
    import ruamel.yaml
ModuleNotFoundError: No module named 'ruamel'
2026-08-25 16:06:02 - Dashboard review activity detected. Invoking brain_ingest.py...
Traceback (most recent call last):
  File "/Users/lorenzo/Documents/GitHub/loackyPKM/99 - Meta/Scripts/brain_ingest.py", line 28, in <module>
    import brain_health
  File "/Users/lorenzo/Documents/GitHub/loackyPKM/99 - Meta/Scripts/brain_health.py", line 20, in <module>
    import ruamel.yaml
ModuleNotFoundError: No module named 'ruamel'
2026-08-25 16:06:06 - Raw inbox note ready for processing detected. Invoking scan-inbox...
Traceback (most recent call last):
  File "/Users/lorenzo/Documents/GitHub/loackyPKM/99 - Meta/Scripts/brain_ingest.py", line 28, in <module>
    import brain_health
  File "/Users/lorenzo/Documents/GitHub/loackyPKM/99 - Meta/Scripts/brain_health.py", line 20, in <module>
    import ruamel.yaml
ModuleNotFoundError: No module named 'ruamel'
2026-08-25 16:06:07 - Dashboard review activity detected. Invoking brain_ingest.py...
2026-08-25 16:06:07 - Dashboard review activity detected. Invoking brain_ingest.py...
Traceback (most recent call last):
  File "/Users/lorenzo/Documents/GitHub/loackyPKM/99 - Meta/Scripts/brain_ingest.py", line 28, in <module>
    import brain_health
  File "/Users/lorenzo/Documents/GitHub/loackyPKM/99 - Meta/Scripts/brain_health.py", line 20, in <module>
    import ruamel.yaml
ModuleNotFoundError: No module named 'ruamel'
Traceback (most recent call last):
  File "/Users/lorenzo/Documents/GitHub/loackyPKM/99 - Meta/Scripts/brain_ingest.py", line 28, in <module>
    import brain_health
  File "/Users/lorenzo/Documents/GitHub/loackyPKM/99 - Meta/Scripts/brain_health.py", line 20, in <module>
    import ruamel.yaml
ModuleNotFoundError: No module named 'ruamel'
2026-08-25 16:06:11 - Raw inbox note ready for processing detected. Invoking scan-inbox...
Traceback (most recent call last):
  File "/Users/lorenzo/Documents/GitHub/loackyPKM/99 - Meta/Scripts/brain_ingest.py", line 28, in <module>
    import brain_health
  File "/Users/lorenzo/Documents/GitHub/loackyPKM/99 - Meta/Scripts/brain_health.py", line 20, in <module>
    import ruamel.yaml
ModuleNotFoundError: No module named 'ruamel'
2026-08-25 16:06:12 - Dashboard review activity detected. Invoking brain_ingest.py...
Traceback (most recent call last):
  File "/Users/lorenzo/Documents/GitHub/loackyPKM/99 - Meta/Scripts/brain_ingest.py", line 28, in <module>
    import brain_health
  File "/Users/lorenzo/Documents/GitHub/loackyPKM/99 - Meta/Scripts/brain_health.py", line 20, in <module>
    import ruamel.yaml
ModuleNotFoundError: No module named 'ruamel'
2026-08-25 16:06:12 - Dashboard review activity detected. Invoking brain_ingest.py...
Traceback (most recent call last):
  File "/Users/lorenzo/Documents/GitHub/loackyPKM/99 - Meta/Scripts/brain_ingest.py", line 28, in <module>
    import brain_health
  File "/Users/lorenzo/Documents/GitHub/loackyPKM/99 - Meta/Scripts/brain_health.py", line 20, in <module>
    import ruamel.yaml
ModuleNotFoundError: No module named 'ruamel'
2026-08-25 16:06:17 - Raw inbox note ready for processing detected. Invoking scan-inbox...
Traceback (most recent call last):
  File "/Users/lorenzo/Documents/GitHub/loackyPKM/99 - Meta/Scripts/brain_ingest.py", line 28, in <module>
    import brain_health
  File "/Users/lorenzo/Documents/GitHub/loackyPKM/99 - Meta/Scripts/brain_health.py", line 20, in <module>
    import ruamel.yaml
ModuleNotFoundError: No module named 'ruamel'
2026-08-25 16:06:17 - Dashboard review activity detected. Invoking brain_ingest.py...
Traceback (most recent call last):
  File "/Users/lorenzo/Documents/GitHub/loackyPKM/99 - Meta/Scripts/brain_ingest.py", line 28, in <module>
    import brain_health
  File "/Users/lorenzo/Documents/GitHub/loackyPKM/99 - Meta/Scripts/brain_health.py", line 20, in <module>
    import ruamel.yaml
ModuleNotFoundError: No module named 'ruamel'
2026-08-25 16:06:18 - Dashboard review activity detected. Invoking brain_ingest.py...
Traceback (most recent call last):
  File "/Users/lorenzo/Documents/GitHub/loackyPKM/99 - Meta/Scripts/brain_ingest.py", line 28, in <module>
    import brain_health
  File "/Users/lorenzo/Documents/GitHub/loackyPKM/99 - Meta/Scripts/brain_health.py", line 20, in <module>
    import ruamel.yaml
ModuleNotFoundError: No module named 'ruamel'
2026-08-25 16:06:22 - Raw inbox note ready for processing detected. Invoking scan-inbox...
Traceback (most recent call last):
  File "/Users/lorenzo/Documents/GitHub/loackyPKM/99 - Meta/Scripts/brain_ingest.py", line 28, in <module>
    import brain_health
  File "/Users/lorenzo/Documents/GitHub/loackyPKM/99 - Meta/Scripts/brain_health.py", line 20, in <module>
    import ruamel.yaml
ModuleNotFoundError: No module named 'ruamel'
2026-08-25 16:06:23 - Dashboard review activity detected. Invoking brain_ingest.py...
Traceback (most recent call last):
  File "/Users/lorenzo/Documents/GitHub/loackyPKM/99 - Meta/Scripts/brain_ingest.py", line 28, in <module>
    import brain_health
  File "/Users/lorenzo/Documents/GitHub/loackyPKM/99 - Meta/Scripts/brain_health.py", line 20, in <module>
    import ruamel.yaml
ModuleNotFoundError: No module named 'ruamel'
2026-08-25 16:06:23 - Dashboard review activity detected. Invoking brain_ingest.py...
Traceback (most recent call last):
  File "/Users/lorenzo/Documents/GitHub/loackyPKM/99 - Meta/Scripts/brain_ingest.py", line 28, in <module>
    import brain_health
  File "/Users/lorenzo/Documents/GitHub/loackyPKM/99 - Meta/Scripts/brain_health.py", line 20, in <module>
    import ruamel.yaml
ModuleNotFoundError: No module named 'ruamel'
2026-08-25 16:06:27 - Raw inbox note ready for processing detected. Invoking scan-inbox...
Traceback (most recent call last):
  File "/Users/lorenzo/Documents/GitHub/loackyPKM/99 - Meta/Scripts/brain_ingest.py", line 28, in <module>
    import brain_health
  File "/Users/lorenzo/Documents/GitHub/loackyPKM/99 - Meta/Scripts/brain_health.py", line 20, in <module>
    import ruamel.yaml
ModuleNotFoundError: No module named 'ruamel'
2026-08-25 16:06:28 - Dashboard review activity detected. Invoking brain_ingest.py...
Traceback (most recent call last):
  File "/Users/lorenzo/Documents/GitHub/loackyPKM/99 - Meta/Scripts/brain_ingest.py", line 28, in <module>
    import brain_health
  File "/Users/lorenzo/Documents/GitHub/loackyPKM/99 - Meta/Scripts/brain_health.py", line 20, in <module>
    import ruamel.yaml
ModuleNotFoundError: No module named 'ruamel'
2026-08-25 16:06:28 - Dashboard review activity detected. Invoking brain_ingest.py...
Traceback (most recent call last):
  File "/Users/lorenzo/Documents/GitHub/loackyPKM/99 - Meta/Scripts/brain_ingest.py", line 28, in <module>
    import brain_health
  File "/Users/lorenzo/Documents/GitHub/loackyPKM/99 - Meta/Scripts/brain_health.py", line 20, in <module>
    import ruamel.yaml
ModuleNotFoundError: No module named 'ruamel'
2026-08-25 16:06:32 - Raw inbox note ready for processing detected. Invoking scan-inbox...
Traceback (most recent call last):
  File "/Users/lorenzo/Documents/GitHub/loackyPKM/99 - Meta/Scripts/brain_ingest.py", line 28, in <module>
    import brain_health
  File "/Users/lorenzo/Documents/GitHub/loackyPKM/99 - Meta/Scripts/brain_health.py", line 20, in <module>
    import ruamel.yaml
ModuleNotFoundError: No module named 'ruamel'
2026-08-25 16:06:33 - Dashboard review activity detected. Invoking brain_ingest.py...
Traceback (most recent call last):
  File "/Users/lorenzo/Documents/GitHub/loackyPKM/99 - Meta/Scripts/brain_ingest.py", line 28, in <module>
    import brain_health
  File "/Users/lorenzo/Documents/GitHub/loackyPKM/99 - Meta/Scripts/brain_health.py", line 20, in <module>
    import ruamel.yaml
ModuleNotFoundError: No module named 'ruamel'
2026-08-25 16:06:33 - Dashboard review activity detected. Invoking brain_ingest.py...
Traceback (most recent call last):
  File "/Users/lorenzo/Documents/GitHub/loackyPKM/99 - Meta/Scripts/brain_ingest.py", line 28, in <module>
    import brain_health
  File "/Users/lorenzo/Documents/GitHub/loackyPKM/99 - Meta/Scripts/brain_health.py", line 20, in <module>
    import ruamel.yaml
ModuleNotFoundError: No module named 'ruamel'
2026-08-25 16:06:37 - Raw inbox note ready for processing detected. Invoking scan-inbox...
Traceback (most recent call last):
  File "/Users/lorenzo/Documents/GitHub/loackyPKM/99 - Meta/Scripts/brain_ingest.py", line 28, in <module>
    import brain_health
  File "/Users/lorenzo/Documents/GitHub/loackyPKM/99 - Meta/Scripts/brain_health.py", line 20, in <module>
    import ruamel.yaml
ModuleNotFoundError: No module named 'ruamel'
2026-08-25 16:06:38 - Dashboard review activity detected. Invoking brain_ingest.py...
Traceback (most recent call last):
  File "/Users/lorenzo/Documents/GitHub/loackyPKM/99 - Meta/Scripts/brain_ingest.py", line 28, in <module>
    import brain_health
  File "/Users/lorenzo/Documents/GitHub/loackyPKM/99 - Meta/Scripts/brain_health.py", line 20, in <module>
    import ruamel.yaml
ModuleNotFoundError: No module named 'ruamel'
2026-08-25 16:06:39 - Dashboard review activity detected. Invoking brain_ingest.py...
Traceback (most recent call last):
  File "/Users/lorenzo/Documents/GitHub/loackyPKM/99 - Meta/Scripts/brain_ingest.py", line 28, in <module>
    import brain_health
  File "/Users/lorenzo/Documents/GitHub/loackyPKM/99 - Meta/Scripts/brain_health.py", line 20, in <module>
    import ruamel.yaml
ModuleNotFoundError: No module named 'ruamel'
2026-08-25 16:06:43 - Raw inbox note ready for processing detected. Invoking scan-inbox...
Traceback (most recent call last):
  File "/Users/lorenzo/Documents/GitHub/loackyPKM/99 - Meta/Scripts/brain_ingest.py", line 28, in <module>
    import brain_health
  File "/Users/lorenzo/Documents/GitHub/loackyPKM/99 - Meta/Scripts/brain_health.py", line 20, in <module>
    import ruamel.yaml
ModuleNotFoundError: No module named 'ruamel'
2026-08-25 16:06:43 - Dashboard review activity detected. Invoking brain_ingest.py...
Traceback (most recent call last):
  File "/Users/lorenzo/Documents/GitHub/loackyPKM/99 - Meta/Scripts/brain_ingest.py", line 28, in <module>
    import brain_health
  File "/Users/lorenzo/Documents/GitHub/loackyPKM/99 - Meta/Scripts/brain_health.py", line 20, in <module>
    import ruamel.yaml
ModuleNotFoundError: No module named 'ruamel'
2026-08-25 16:06:44 - Dashboard review activity detected. Invoking brain_ingest.py...
Traceback (most recent call last):
  File "/Users/lorenzo/Documents/GitHub/loackyPKM/99 - Meta/Scripts/brain_ingest.py", line 28, in <module>
    import brain_health
  File "/Users/lorenzo/Documents/GitHub/loackyPKM/99 - Meta/Scripts/brain_health.py", line 20, in <module>
    import ruamel.yaml
ModuleNotFoundError: No module named 'ruamel'
2026-08-25 16:06:48 - Raw inbox note ready for processing detected. Invoking scan-inbox...
Traceback (most recent call last):
  File "/Users/lorenzo/Documents/GitHub/loackyPKM/99 - Meta/Scripts/brain_ingest.py", line 28, in <module>
    import brain_health
  File "/Users/lorenzo/Documents/GitHub/loackyPKM/99 - Meta/Scripts/brain_health.py", line 20, in <module>
    import ruamel.yaml
ModuleNotFoundError: No module named 'ruamel'
2026-08-25 16:06:48 - Dashboard review activity detected. Invoking brain_ingest.py...
Traceback (most recent call last):
  File "/Users/lorenzo/Documents/GitHub/loackyPKM/99 - Meta/Scripts/brain_ingest.py", line 28, in <module>
    import brain_health
  File "/Users/lorenzo/Documents/GitHub/loackyPKM/99 - Meta/Scripts/brain_health.py", line 20, in <module>
    import ruamel.yaml
ModuleNotFoundError: No module named 'ruamel'
2026-08-25 16:06:49 - Dashboard review activity detected. Invoking brain_ingest.py...
Traceback (most recent call last):
  File "/Users/lorenzo/Documents/GitHub/loackyPKM/99 - Meta/Scripts/brain_ingest.py", line 28, in <module>
    import brain_health
  File "/Users/lorenzo/Documents/GitHub/loackyPKM/99 - Meta/Scripts/brain_health.py", line 20, in <module>
    import ruamel.yaml
ModuleNotFoundError: No module named 'ruamel'
2026-08-25 16:06:53 - Raw inbox note ready for processing detected. Invoking scan-inbox...
Traceback (most recent call last):
  File "/Users/lorenzo/Documents/GitHub/loackyPKM/99 - Meta/Scripts/brain_ingest.py", line 28, in <module>
    import brain_health
  File "/Users/lorenzo/Documents/GitHub/loackyPKM/99 - Meta/Scripts/brain_health.py", line 20, in <module>
    import ruamel.yaml
ModuleNotFoundError: No module named 'ruamel'
2026-08-25 16:06:53 - Dashboard review activity detected. Invoking brain_ingest.py...
Traceback (most recent call last):
  File "/Users/lorenzo/Documents/GitHub/loackyPKM/99 - Meta/Scripts/brain_ingest.py", line 28, in <module>
    import brain_health
  File "/Users/lorenzo/Documents/GitHub/loackyPKM/99 - Meta/Scripts/brain_health.py", line 20, in <module>
    import ruamel.yaml
ModuleNotFoundError: No module named 'ruamel'
2026-08-25 16:06:54 - Dashboard review activity detected. Invoking brain_ingest.py...
Traceback (most recent call last):
  File "/Users/lorenzo/Documents/GitHub/loackyPKM/99 - Meta/Scripts/brain_ingest.py", line 28, in <module>
    import brain_health
  File "/Users/lorenzo/Documents/GitHub/loackyPKM/99 - Meta/Scripts/brain_health.py", line 20, in <module>
    import ruamel.yaml
ModuleNotFoundError: No module named 'ruamel'
2026-08-25 16:06:58 - Raw inbox note ready for processing detected. Invoking scan-inbox...
Traceback (most recent call last):
  File "/Users/lorenzo/Documents/GitHub/loackyPKM/99 - Meta/Scripts/brain_ingest.py", line 28, in <module>
    import brain_health
  File "/Users/lorenzo/Documents/GitHub/loackyPKM/99 - Meta/Scripts/brain_health.py", line 20, in <module>
    import ruamel.yaml
ModuleNotFoundError: No module named 'ruamel'
2026-08-25 16:06:59 - Dashboard review activity detected. Invoking brain_ingest.py...
Traceback (most recent call last):
  File "/Users/lorenzo/Documents/GitHub/loackyPKM/99 - Meta/Scripts/brain_ingest.py", line 28, in <module>
    import brain_health
  File "/Users/lorenzo/Documents/GitHub/loackyPKM/99 - Meta/Scripts/brain_health.py", line 20, in <module>
    import ruamel.yaml
ModuleNotFoundError: No module named 'ruamel'
2026-08-25 16:07:00 - Dashboard review activity detected. Invoking brain_ingest.py...
Traceback (most recent call last):
  File "/Users/lorenzo/Documents/GitHub/loackyPKM/99 - Meta/Scripts/brain_ingest.py", line 28, in <module>
    import brain_health
  File "/Users/lorenzo/Documents/GitHub/loackyPKM/99 - Meta/Scripts/brain_health.py", line 20, in <module>
    import ruamel.yaml
ModuleNotFoundError: No module named 'ruamel'
2026-08-25 16:07:04 - Raw inbox note ready for processing detected. Invoking scan-inbox...
Traceback (most recent call last):
  File "/Users/lorenzo/Documents/GitHub/loackyPKM/99 - Meta/Scripts/brain_ingest.py", line 28, in <module>
    import brain_health
  File "/Users/lorenzo/Documents/GitHub/loackyPKM/99 - Meta/Scripts/brain_health.py", line 20, in <module>
    import ruamel.yaml
ModuleNotFoundError: No module named 'ruamel'
2026-08-25 16:07:04 - Dashboard review activity detected. Invoking brain_ingest.py...
Traceback (most recent call last):
  File "/Users/lorenzo/Documents/GitHub/loackyPKM/99 - Meta/Scripts/brain_ingest.py", line 28, in <module>
    import brain_health
  File "/Users/lorenzo/Documents/GitHub/loackyPKM/99 - Meta/Scripts/brain_health.py", line 20, in <module>
    import ruamel.yaml
ModuleNotFoundError: No module named 'ruamel'
2026-08-25 16:07:05 - Dashboard review activity detected. Invoking brain_ingest.py...
Traceback (most recent call last):
  File "/Users/lorenzo/Documents/GitHub/loackyPKM/99 - Meta/Scripts/brain_ingest.py", line 28, in <module>
    import brain_health
  File "/Users/lorenzo/Documents/GitHub/loackyPKM/99 - Meta/Scripts/brain_health.py", line 20, in <module>
    import ruamel.yaml
ModuleNotFoundError: No module named 'ruamel'
2026-08-25 16:07:09 - Dashboard review activity detected. Invoking brain_ingest.py...
2026-08-25 16:07:09 - Raw inbox note ready for processing detected. Invoking scan-inbox...
Traceback (most recent call last):
  File "/Users/lorenzo/Documents/GitHub/loackyPKM/99 - Meta/Scripts/brain_ingest.py", line 28, in <module>
    import brain_health
  File "/Users/lorenzo/Documents/GitHub/loackyPKM/99 - Meta/Scripts/brain_health.py", line 20, in <module>
    import ruamel.yaml
ModuleNotFoundError: No module named 'ruamel'
Traceback (most recent call last):
  File "/Users/lorenzo/Documents/GitHub/loackyPKM/99 - Meta/Scripts/brain_ingest.py", line 28, in <module>
    import brain_health
  File "/Users/lorenzo/Documents/GitHub/loackyPKM/99 - Meta/Scripts/brain_health.py", line 20, in <module>
    import ruamel.yaml
ModuleNotFoundError: No module named 'ruamel'
2026-08-25 16:07:10 - Dashboard review activity detected. Invoking brain_ingest.py...
Traceback (most recent call last):
  File "/Users/lorenzo/Documents/GitHub/loackyPKM/99 - Meta/Scripts/brain_ingest.py", line 28, in <module>
    import brain_health
  File "/Users/lorenzo/Documents/GitHub/loackyPKM/99 - Meta/Scripts/brain_health.py", line 20, in <module>
    import ruamel.yaml
ModuleNotFoundError: No module named 'ruamel'
2026-08-25 16:07:14 - Dashboard review activity detected. Invoking brain_ingest.py...
Traceback (most recent call last):
  File "/Users/lorenzo/Documents/GitHub/loackyPKM/99 - Meta/Scripts/brain_ingest.py", line 28, in <module>
    import brain_health
  File "/Users/lorenzo/Documents/GitHub/loackyPKM/99 - Meta/Scripts/brain_health.py", line 20, in <module>
    import ruamel.yaml
ModuleNotFoundError: No module named 'ruamel'
2026-08-25 16:07:14 - Raw inbox note ready for processing detected. Invoking scan-inbox...
Traceback (most recent call last):
  File "/Users/lorenzo/Documents/GitHub/loackyPKM/99 - Meta/Scripts/brain_ingest.py", line 28, in <module>
    import brain_health
  File "/Users/lorenzo/Documents/GitHub/loackyPKM/99 - Meta/Scripts/brain_health.py", line 20, in <module>
    import ruamel.yaml
ModuleNotFoundError: No module named 'ruamel'
2026-08-25 16:07:15 - Dashboard review activity detected. Invoking brain_ingest.py...
Traceback (most recent call last):
  File "/Users/lorenzo/Documents/GitHub/loackyPKM/99 - Meta/Scripts/brain_ingest.py", line 28, in <module>
    import brain_health
  File "/Users/lorenzo/Documents/GitHub/loackyPKM/99 - Meta/Scripts/brain_health.py", line 20, in <module>
    import ruamel.yaml
ModuleNotFoundError: No module named 'ruamel'
2026-08-25 16:07:19 - Dashboard review activity detected. Invoking brain_ingest.py...
Traceback (most recent call last):
  File "/Users/lorenzo/Documents/GitHub/loackyPKM/99 - Meta/Scripts/brain_ingest.py", line 28, in <module>
    import brain_health
  File "/Users/lorenzo/Documents/GitHub/loackyPKM/99 - Meta/Scripts/brain_health.py", line 20, in <module>
    import ruamel.yaml
ModuleNotFoundError: No module named 'ruamel'
2026-08-25 16:07:19 - Raw inbox note ready for processing detected. Invoking scan-inbox...
Traceback (most recent call last):
  File "/Users/lorenzo/Documents/GitHub/loackyPKM/99 - Meta/Scripts/brain_ingest.py", line 28, in <module>
    import brain_health
  File "/Users/lorenzo/Documents/GitHub/loackyPKM/99 - Meta/Scripts/brain_health.py", line 20, in <module>
    import ruamel.yaml
ModuleNotFoundError: No module named 'ruamel'
2026-08-25 16:07:20 - Dashboard review activity detected. Invoking brain_ingest.py...
Traceback (most recent call last):
  File "/Users/lorenzo/Documents/GitHub/loackyPKM/99 - Meta/Scripts/brain_ingest.py", line 28, in <module>
    import brain_health
  File "/Users/lorenzo/Documents/GitHub/loackyPKM/99 - Meta/Scripts/brain_health.py", line 20, in <module>
    import ruamel.yaml
ModuleNotFoundError: No module named 'ruamel'
2026-08-25 16:07:24 - Dashboard review activity detected. Invoking brain_ingest.py...
Traceback (most recent call last):
  File "/Users/lorenzo/Documents/GitHub/loackyPKM/99 - Meta/Scripts/brain_ingest.py", line 28, in <module>
    import brain_health
  File "/Users/lorenzo/Documents/GitHub/loackyPKM/99 - Meta/Scripts/brain_health.py", line 20, in <module>
    import ruamel.yaml
ModuleNotFoundError: No module named 'ruamel'
2026-08-25 16:07:25 - Raw inbox note ready for processing detected. Invoking scan-inbox...
Traceback (most recent call last):
  File "/Users/lorenzo/Documents/GitHub/loackyPKM/99 - Meta/Scripts/brain_ingest.py", line 28, in <module>
    import brain_health
  File "/Users/lorenzo/Documents/GitHub/loackyPKM/99 - Meta/Scripts/brain_health.py", line 20, in <module>
    import ruamel.yaml
ModuleNotFoundError: No module named 'ruamel'
2026-08-25 16:07:26 - Dashboard review activity detected. Invoking brain_ingest.py...
Traceback (most recent call last):
  File "/Users/lorenzo/Documents/GitHub/loackyPKM/99 - Meta/Scripts/brain_ingest.py", line 28, in <module>
    import brain_health
  File "/Users/lorenzo/Documents/GitHub/loackyPKM/99 - Meta/Scripts/brain_health.py", line 20, in <module>
    import ruamel.yaml
ModuleNotFoundError: No module named 'ruamel'
2026-08-25 16:07:29 - Dashboard review activity detected. Invoking brain_ingest.py...
Traceback (most recent call last):
  File "/Users/lorenzo/Documents/GitHub/loackyPKM/99 - Meta/Scripts/brain_ingest.py", line 28, in <module>
    import brain_health
  File "/Users/lorenzo/Documents/GitHub/loackyPKM/99 - Meta/Scripts/brain_health.py", line 20, in <module>
    import ruamel.yaml
ModuleNotFoundError: No module named 'ruamel'
2026-08-25 16:07:30 - Raw inbox note ready for processing detected. Invoking scan-inbox...
Traceback (most recent call last):
  File "/Users/lorenzo/Documents/GitHub/loackyPKM/99 - Meta/Scripts/brain_ingest.py", line 28, in <module>
    import brain_health
  File "/Users/lorenzo/Documents/GitHub/loackyPKM/99 - Meta/Scripts/brain_health.py", line 20, in <module>
    import ruamel.yaml
ModuleNotFoundError: No module named 'ruamel'
2026-08-25 16:07:31 - Dashboard review activity detected. Invoking brain_ingest.py...
Traceback (most recent call last):
  File "/Users/lorenzo/Documents/GitHub/loackyPKM/99 - Meta/Scripts/brain_ingest.py", line 28, in <module>
    import brain_health
  File "/Users/lorenzo/Documents/GitHub/loackyPKM/99 - Meta/Scripts/brain_health.py", line 20, in <module>
    import ruamel.yaml
ModuleNotFoundError: No module named 'ruamel'
2026-08-25 16:07:35 - Dashboard review activity detected. Invoking brain_ingest.py...
Traceback (most recent call last):
  File "/Users/lorenzo/Documents/GitHub/loackyPKM/99 - Meta/Scripts/brain_ingest.py", line 28, in <module>
    import brain_health
  File "/Users/lorenzo/Documents/GitHub/loackyPKM/99 - Meta/Scripts/brain_health.py", line 20, in <module>
    import ruamel.yaml
ModuleNotFoundError: No module named 'ruamel'
2026-08-25 16:07:35 - Raw inbox note ready for processing detected. Invoking scan-inbox...
Traceback (most recent call last):
  File "/Users/lorenzo/Documents/GitHub/loackyPKM/99 - Meta/Scripts/brain_ingest.py", line 28, in <module>
    import brain_health
  File "/Users/lorenzo/Documents/GitHub/loackyPKM/99 - Meta/Scripts/brain_health.py", line 20, in <module>
    import ruamel.yaml
ModuleNotFoundError: No module named 'ruamel'
2026-08-25 16:07:36 - Dashboard review activity detected. Invoking brain_ingest.py...
Traceback (most recent call last):
  File "/Users/lorenzo/Documents/GitHub/loackyPKM/99 - Meta/Scripts/brain_ingest.py", line 28, in <module>
    import brain_health
  File "/Users/lorenzo/Documents/GitHub/loackyPKM/99 - Meta/Scripts/brain_health.py", line 20, in <module>
    import ruamel.yaml
ModuleNotFoundError: No module named 'ruamel'
2026-08-25 16:07:40 - Dashboard review activity detected. Invoking brain_ingest.py...
Traceback (most recent call last):
  File "/Users/lorenzo/Documents/GitHub/loackyPKM/99 - Meta/Scripts/brain_ingest.py", line 28, in <module>
    import brain_health
  File "/Users/lorenzo/Documents/GitHub/loackyPKM/99 - Meta/Scripts/brain_health.py", line 20, in <module>
    import ruamel.yaml
ModuleNotFoundError: No module named 'ruamel'
2026-08-25 16:07:40 - Raw inbox note ready for processing detected. Invoking scan-inbox...
Traceback (most recent call last):
  File "/Users/lorenzo/Documents/GitHub/loackyPKM/99 - Meta/Scripts/brain_ingest.py", line 28, in <module>
    import brain_health
  File "/Users/lorenzo/Documents/GitHub/loackyPKM/99 - Meta/Scripts/brain_health.py", line 20, in <module>
    import ruamel.yaml
ModuleNotFoundError: No module named 'ruamel'
2026-08-25 16:07:41 - Dashboard review activity detected. Invoking brain_ingest.py...
Traceback (most recent call last):
  File "/Users/lorenzo/Documents/GitHub/loackyPKM/99 - Meta/Scripts/brain_ingest.py", line 28, in <module>
    import brain_health
  File "/Users/lorenzo/Documents/GitHub/loackyPKM/99 - Meta/Scripts/brain_health.py", line 20, in <module>
    import ruamel.yaml
ModuleNotFoundError: No module named 'ruamel'
2026-08-25 16:07:45 - Dashboard review activity detected. Invoking brain_ingest.py...
Traceback (most recent call last):
  File "/Users/lorenzo/Documents/GitHub/loackyPKM/99 - Meta/Scripts/brain_ingest.py", line 28, in <module>
    import brain_health
  File "/Users/lorenzo/Documents/GitHub/loackyPKM/99 - Meta/Scripts/brain_health.py", line 20, in <module>
    import ruamel.yaml
ModuleNotFoundError: No module named 'ruamel'
2026-08-25 16:07:45 - Raw inbox note ready for processing detected. Invoking scan-inbox...
Traceback (most recent call last):
  File "/Users/lorenzo/Documents/GitHub/loackyPKM/99 - Meta/Scripts/brain_ingest.py", line 28, in <module>
    import brain_health
  File "/Users/lorenzo/Documents/GitHub/loackyPKM/99 - Meta/Scripts/brain_health.py", line 20, in <module>
    import ruamel.yaml
ModuleNotFoundError: No module named 'ruamel'
2026-08-25 16:07:47 - Dashboard review activity detected. Invoking brain_ingest.py...
Traceback (most recent call last):
  File "/Users/lorenzo/Documents/GitHub/loackyPKM/99 - Meta/Scripts/brain_ingest.py", line 28, in <module>
    import brain_health
  File "/Users/lorenzo/Documents/GitHub/loackyPKM/99 - Meta/Scripts/brain_health.py", line 20, in <module>
    import ruamel.yaml
ModuleNotFoundError: No module named 'ruamel'
2026-08-25 16:07:50 - Dashboard review activity detected. Invoking brain_ingest.py...
Traceback (most recent call last):
  File "/Users/lorenzo/Documents/GitHub/loackyPKM/99 - Meta/Scripts/brain_ingest.py", line 28, in <module>
    import brain_health
  File "/Users/lorenzo/Documents/GitHub/loackyPKM/99 - Meta/Scripts/brain_health.py", line 20, in <module>
    import ruamel.yaml
ModuleNotFoundError: No module named 'ruamel'
2026-08-25 16:07:51 - Raw inbox note ready for processing detected. Invoking scan-inbox...
Traceback (most recent call last):
  File "/Users/lorenzo/Documents/GitHub/loackyPKM/99 - Meta/Scripts/brain_ingest.py", line 28, in <module>
    import brain_health
  File "/Users/lorenzo/Documents/GitHub/loackyPKM/99 - Meta/Scripts/brain_health.py", line 20, in <module>
    import ruamel.yaml
ModuleNotFoundError: No module named 'ruamel'
2026-08-25 16:07:52 - Dashboard review activity detected. Invoking brain_ingest.py...
Traceback (most recent call last):
  File "/Users/lorenzo/Documents/GitHub/loackyPKM/99 - Meta/Scripts/brain_ingest.py", line 28, in <module>
    import brain_health
  File "/Users/lorenzo/Documents/GitHub/loackyPKM/99 - Meta/Scripts/brain_health.py", line 20, in <module>
    import ruamel.yaml
ModuleNotFoundError: No module named 'ruamel'
2026-08-25 16:07:55 - Dashboard review activity detected. Invoking brain_ingest.py...
Traceback (most recent call last):
  File "/Users/lorenzo/Documents/GitHub/loackyPKM/99 - Meta/Scripts/brain_ingest.py", line 28, in <module>
    import brain_health
  File "/Users/lorenzo/Documents/GitHub/loackyPKM/99 - Meta/Scripts/brain_health.py", line 20, in <module>
    import ruamel.yaml
ModuleNotFoundError: No module named 'ruamel'
2026-08-25 16:07:56 - Raw inbox note ready for processing detected. Invoking scan-inbox...
Traceback (most recent call last):
  File "/Users/lorenzo/Documents/GitHub/loackyPKM/99 - Meta/Scripts/brain_ingest.py", line 28, in <module>
    import brain_health
  File "/Users/lorenzo/Documents/GitHub/loackyPKM/99 - Meta/Scripts/brain_health.py", line 20, in <module>
    import ruamel.yaml
ModuleNotFoundError: No module named 'ruamel'
2026-08-25 16:07:57 - Dashboard review activity detected. Invoking brain_ingest.py...
Traceback (most recent call last):
  File "/Users/lorenzo/Documents/GitHub/loackyPKM/99 - Meta/Scripts/brain_ingest.py", line 28, in <module>
    import brain_health
  File "/Users/lorenzo/Documents/GitHub/loackyPKM/99 - Meta/Scripts/brain_health.py", line 20, in <module>
    import ruamel.yaml
ModuleNotFoundError: No module named 'ruamel'
2026-08-25 16:08:00 - Dashboard review activity detected. Invoking brain_ingest.py...
Traceback (most recent call last):
  File "/Users/lorenzo/Documents/GitHub/loackyPKM/99 - Meta/Scripts/brain_ingest.py", line 28, in <module>
    import brain_health
  File "/Users/lorenzo/Documents/GitHub/loackyPKM/99 - Meta/Scripts/brain_health.py", line 20, in <module>
    import ruamel.yaml
ModuleNotFoundError: No module named 'ruamel'
2026-08-25 16:08:01 - Raw inbox note ready for processing detected. Invoking scan-inbox...
Traceback (most recent call last):
  File "/Users/lorenzo/Documents/GitHub/loackyPKM/99 - Meta/Scripts/brain_ingest.py", line 28, in <module>
    import brain_health
  File "/Users/lorenzo/Documents/GitHub/loackyPKM/99 - Meta/Scripts/brain_health.py", line 20, in <module>
    import ruamel.yaml
ModuleNotFoundError: No module named 'ruamel'
2026-08-25 16:08:03 - Dashboard review activity detected. Invoking brain_ingest.py...
Traceback (most recent call last):
  File "/Users/lorenzo/Documents/GitHub/loackyPKM/99 - Meta/Scripts/brain_ingest.py", line 28, in <module>
    import brain_health
  File "/Users/lorenzo/Documents/GitHub/loackyPKM/99 - Meta/Scripts/brain_health.py", line 20, in <module>
    import ruamel.yaml
ModuleNotFoundError: No module named 'ruamel'
2026-08-25 16:08:06 - Dashboard review activity detected. Invoking brain_ingest.py...
Traceback (most recent call last):
  File "/Users/lorenzo/Documents/GitHub/loackyPKM/99 - Meta/Scripts/brain_ingest.py", line 28, in <module>
    import brain_health
  File "/Users/lorenzo/Documents/GitHub/loackyPKM/99 - Meta/Scripts/brain_health.py", line 20, in <module>
    import ruamel.yaml
ModuleNotFoundError: No module named 'ruamel'
2026-08-25 16:08:07 - Raw inbox note ready for processing detected. Invoking scan-inbox...
Traceback (most recent call last):
  File "/Users/lorenzo/Documents/GitHub/loackyPKM/99 - Meta/Scripts/brain_ingest.py", line 28, in <module>
    import brain_health
  File "/Users/lorenzo/Documents/GitHub/loackyPKM/99 - Meta/Scripts/brain_health.py", line 20, in <module>
    import ruamel.yaml
ModuleNotFoundError: No module named 'ruamel'
2026-08-25 16:08:08 - Watcher daemon stopped.
2026-08-25 16:08:08 - Dashboard review activity detected. Invoking brain_ingest.py...
Traceback (most recent call last):
  File "/Users/lorenzo/Documents/GitHub/loackyPKM/99 - Meta/Scripts/brain_ingest.py", line 28, in <module>
    import brain_health
  File "/Users/lorenzo/Documents/GitHub/loackyPKM/99 - Meta/Scripts/brain_health.py", line 20, in <module>
    import ruamel.yaml
ModuleNotFoundError: No module named 'ruamel'
2026-08-25 16:08:11 - Dashboard review activity detected. Invoking brain_ingest.py...
Traceback (most recent call last):
  File "/Users/lorenzo/Documents/GitHub/loackyPKM/99 - Meta/Scripts/brain_ingest.py", line 28, in <module>
    import brain_health
  File "/Users/lorenzo/Documents/GitHub/loackyPKM/99 - Meta/Scripts/brain_health.py", line 20, in <module>
    import ruamel.yaml
ModuleNotFoundError: No module named 'ruamel'
2026-08-25 16:08:12 - Raw inbox note ready for processing detected. Invoking scan-inbox...
Traceback (most recent call last):
  File "/Users/lorenzo/Documents/GitHub/loackyPKM/99 - Meta/Scripts/brain_ingest.py", line 28, in <module>
    import brain_health
  File "/Users/lorenzo/Documents/GitHub/loackyPKM/99 - Meta/Scripts/brain_health.py", line 20, in <module>
    import ruamel.yaml
ModuleNotFoundError: No module named 'ruamel'
2026-08-25 16:08:14 - Starting Second Brain Watcher daemon on /Users/lorenzo/Documents/GitHub/loackyPKM (PID 97951)
2026-08-25 16:08:14 - Raw inbox note ready for processing detected. Invoking scan-inbox...
Warning: Failed YouTube ingestion for Raw Note 2026-08-25 16-05.md: name 'ingest_youtube_video' is not defined
Processed 0 raw notes in Inbox.
2026-08-25 16:08:15 - Dashboard review activity detected. Invoking brain_ingest.py...
[REJECTED] Discarded staging draft Palantir: Cosa Fa l'Azienda Che Aiuta i Governi e Perche e Preoccupante
Processed 1 review dashboard actions.
2026-08-25 16:08:15 - Obsidian running with pending reviews. Opening Review Dashboard...
2026-08-25 16:08:19 - Raw inbox note ready for processing detected. Invoking scan-inbox...
Warning: Failed YouTube ingestion for Raw Note 2026-08-25 16-05.md: name 'ingest_youtube_video' is not defined
Processed 0 raw notes in Inbox.
2026-08-25 16:08:25 - Raw inbox note ready for processing detected. Invoking scan-inbox...
Warning: Failed YouTube ingestion for Raw Note 2026-08-25 16-05.md: name 'ingest_youtube_video' is not defined
Processed 0 raw notes in Inbox.
2026-08-25 16:08:30 - Raw inbox note ready for processing detected. Invoking scan-inbox...
Warning: Failed YouTube ingestion for Raw Note 2026-08-25 16-05.md: name 'ingest_youtube_video' is not defined
Processed 0 raw notes in Inbox.
2026-08-25 16:08:35 - Raw inbox note ready for processing detected. Invoking scan-inbox...
Frame extraction failed at timestamp 10: Command '['ffmpeg', '-y', '-ss', '0:00:10', '-i', 'https://rr5---sn-hpa7znsz.googlevideo.com/videoplayback?expire=1787688517&ei=5aGNauPuMaiJ6dsP0dC58Ak&ip=187.14.83.140&id=o-AA7UGs9k1jEm0HIZVyHDH6bJpLhkFWSxqihtMBxZLox9&itag=398&source=youtube&requiressl=yes&xpc=EgVo2aDSNQ%3D%3D&cps=409&met=1787666917%2C&mh=W1&mm=31%2C26&mn=sn-hpa7znsz%2Csn-u15hn5-5t&ms=au%2Conr&mv=m&mvi=5&pl=24&rms=au%2Cau&initcwndbps=2081250&bui=AR3QkAnMspvEdB1dqStk-kEZJL7AfN_7-379fkQg2w4JJYnapJ79YpL5ntNvEi39CwSqccoGBhI-YYKA&spc=KBGBcogdg1fqIMnqMGOmHeMcOPn6WKcgl85CkD06Hw&vprv=1&svpuc=1&mime=video%2Fmp4&rqh=1&gir=yes&clen=65851705&dur=1257.880&lmt=1781736320659593&mt=1787666720&fvip=1&keepalive=yes&fexp=51565115%2C52135441&c=ANDROID_VR&txp=4532534&sparams=expire%2Cei%2Cip%2Cid%2Citag%2Csource%2Crequiressl%2Cxpc%2Cbui%2Cspc%2Cvprv%2Csvpuc%2Cmime%2Crqh%2Cgir%2Cclen%2Cdur%2Clmt&sig=AE0s2JYwRgIhAKxgiZ6AcS3bLkriVFnvDAe7Thc1kYdmqlHKGbzWODoqAiEAvVGYzquEZCMbGJIiwsogq6noXb37n6aw7w-O0NuWleY%3D&lsparams=cps%2Cmet%2Cmh%2Cmm%2Cmn%2Cms%2Cmv%2Cmvi%2Cpl%2Crms%2Cinitcwndbps&lsig=APaTxxMwRAIgQ3_zLcjTptw2ghtHrEZra0UR-_BLQIiyBEKsQ31yAA4CIDfkAD8CPdBnRWbUumMK-bhZWWaUnlp_IJhLmKR5v4fo', '-frames:v', '1', '-q:v', '2', '/Users/lorenzo/Documents/GitHub/loackyPKM/99 - Meta/Clipboard/HXFmhEYcnTw_0_intro.jpg']' returned non-zero exit status 8.
Frame extraction failed at timestamp 89: Command '['ffmpeg', '-y', '-ss', '0:01:29', '-i', 'https://rr5---sn-hpa7znsz.googlevideo.com/videoplayback?expire=1787688517&ei=5aGNauPuMaiJ6dsP0dC58Ak&ip=187.14.83.140&id=o-AA7UGs9k1jEm0HIZVyHDH6bJpLhkFWSxqihtMBxZLox9&itag=398&source=youtube&requiressl=yes&xpc=EgVo2aDSNQ%3D%3D&cps=409&met=1787666917%2C&mh=W1&mm=31%2C26&mn=sn-hpa7znsz%2Csn-u15hn5-5t&ms=au%2Conr&mv=m&mvi=5&pl=24&rms=au%2Cau&initcwndbps=2081250&bui=AR3QkAnMspvEdB1dqStk-kEZJL7AfN_7-379fkQg2w4JJYnapJ79YpL5ntNvEi39CwSqccoGBhI-YYKA&spc=KBGBcogdg1fqIMnqMGOmHeMcOPn6WKcgl85CkD06Hw&vprv=1&svpuc=1&mime=video%2Fmp4&rqh=1&gir=yes&clen=65851705&dur=1257.880&lmt=1781736320659593&mt=1787666720&fvip=1&keepalive=yes&fexp=51565115%2C52135441&c=ANDROID_VR&txp=4532534&sparams=expire%2Cei%2Cip%2Cid%2Citag%2Csource%2Crequiressl%2Cxpc%2Cbui%2Cspc%2Cvprv%2Csvpuc%2Cmime%2Crqh%2Cgir%2Cclen%2Cdur%2Clmt&sig=AE0s2JYwRgIhAKxgiZ6AcS3bLkriVFnvDAe7Thc1kYdmqlHKGbzWODoqAiEAvVGYzquEZCMbGJIiwsogq6noXb37n6aw7w-O0NuWleY%3D&lsparams=cps%2Cmet%2Cmh%2Cmm%2Cmn%2Cms%2Cmv%2Cmvi%2Cpl%2Crms%2Cinitcwndbps&lsig=APaTxxMwRAIgQ3_zLcjTptw2ghtHrEZra0UR-_BLQIiyBEKsQ31yAA4CIDfkAD8CPdBnRWbUumMK-bhZWWaUnlp_IJhLmKR5v4fo', '-frames:v', '1', '-q:v', '2', '/Users/lorenzo/Documents/GitHub/loackyPKM/99 - Meta/Clipboard/HXFmhEYcnTw_1_what_is_palanti.jpg']' returned non-zero exit status 8.
Frame extraction failed at timestamp 158: Command '['ffmpeg', '-y', '-ss', '0:02:38', '-i', 'https://rr5---sn-hpa7znsz.googlevideo.com/videoplayback?expire=1787688517&ei=5aGNauPuMaiJ6dsP0dC58Ak&ip=187.14.83.140&id=o-AA7UGs9k1jEm0HIZVyHDH6bJpLhkFWSxqihtMBxZLox9&itag=398&source=youtube&requiressl=yes&xpc=EgVo2aDSNQ%3D%3D&cps=409&met=1787666917%2C&mh=W1&mm=31%2C26&mn=sn-hpa7znsz%2Csn-u15hn5-5t&ms=au%2Conr&mv=m&mvi=5&pl=24&rms=au%2Cau&initcwndbps=2081250&bui=AR3QkAnMspvEdB1dqStk-kEZJL7AfN_7-379fkQg2w4JJYnapJ79YpL5ntNvEi39CwSqccoGBhI-YYKA&spc=KBGBcogdg1fqIMnqMGOmHeMcOPn6WKcgl85CkD06Hw&vprv=1&svpuc=1&mime=video%2Fmp4&rqh=1&gir=yes&clen=65851705&dur=1257.880&lmt=1781736320659593&mt=1787666720&fvip=1&keepalive=yes&fexp=51565115%2C52135441&c=ANDROID_VR&txp=4532534&sparams=expire%2Cei%2Cip%2Cid%2Citag%2Csource%2Crequiressl%2Cxpc%2Cbui%2Cspc%2Cvprv%2Csvpuc%2Cmime%2Crqh%2Cgir%2Cclen%2Cdur%2Clmt&sig=AE0s2JYwRgIhAKxgiZ6AcS3bLkriVFnvDAe7Thc1kYdmqlHKGbzWODoqAiEAvVGYzquEZCMbGJIiwsogq6noXb37n6aw7w-O0NuWleY%3D&lsparams=cps%2Cmet%2Cmh%2Cmm%2Cmn%2Cms%2Cmv%2Cmvi%2Cpl%2Crms%2Cinitcwndbps&lsig=APaTxxMwRAIgQ3_zLcjTptw2ghtHrEZra0UR-_BLQIiyBEKsQ31yAA4CIDfkAD8CPdBnRWbUumMK-bhZWWaUnlp_IJhLmKR5v4fo', '-frames:v', '1', '-q:v', '2', '/Users/lorenzo/Documents/GitHub/loackyPKM/99 - Meta/Clipboard/HXFmhEYcnTw_2_the_products__g.jpg']' returned non-zero exit status 8.
Frame extraction failed at timestamp 228: Command '['ffmpeg', '-y', '-ss', '0:03:48', '-i', 'https://rr5---sn-hpa7znsz.googlevideo.com/videoplayback?expire=1787688517&ei=5aGNauPuMaiJ6dsP0dC58Ak&ip=187.14.83.140&id=o-AA7UGs9k1jEm0HIZVyHDH6bJpLhkFWSxqihtMBxZLox9&itag=398&source=youtube&requiressl=yes&xpc=EgVo2aDSNQ%3D%3D&cps=409&met=1787666917%2C&mh=W1&mm=31%2C26&mn=sn-hpa7znsz%2Csn-u15hn5-5t&ms=au%2Conr&mv=m&mvi=5&pl=24&rms=au%2Cau&initcwndbps=2081250&bui=AR3QkAnMspvEdB1dqStk-kEZJL7AfN_7-379fkQg2w4JJYnapJ79YpL5ntNvEi39CwSqccoGBhI-YYKA&spc=KBGBcogdg1fqIMnqMGOmHeMcOPn6WKcgl85CkD06Hw&vprv=1&svpuc=1&mime=video%2Fmp4&rqh=1&gir=yes&clen=65851705&dur=1257.880&lmt=1781736320659593&mt=1787666720&fvip=1&keepalive=yes&fexp=51565115%2C52135441&c=ANDROID_VR&txp=4532534&sparams=expire%2Cei%2Cip%2Cid%2Citag%2Csource%2Crequiressl%2Cxpc%2Cbui%2Cspc%2Cvprv%2Csvpuc%2Cmime%2Crqh%2Cgir%2Cclen%2Cdur%2Clmt&sig=AE0s2JYwRgIhAKxgiZ6AcS3bLkriVFnvDAe7Thc1kYdmqlHKGbzWODoqAiEAvVGYzquEZCMbGJIiwsogq6noXb37n6aw7w-O0NuWleY%3D&lsparams=cps%2Cmet%2Cmh%2Cmm%2Cmn%2Cms%2Cmv%2Cmvi%2Cpl%2Crms%2Cinitcwndbps&lsig=APaTxxMwRAIgQ3_zLcjTptw2ghtHrEZra0UR-_BLQIiyBEKsQ31yAA4CIDfkAD8CPdBnRWbUumMK-bhZWWaUnlp_IJhLmKR5v4fo', '-frames:v', '1', '-q:v', '2', '/Users/lorenzo/Documents/GitHub/loackyPKM/99 - Meta/Clipboard/HXFmhEYcnTw_3_foundry__the_so.jpg']' returned non-zero exit status 8.
Frame extraction failed at timestamp 254: Command '['ffmpeg', '-y', '-ss', '0:04:14', '-i', 'https://rr5---sn-hpa7znsz.googlevideo.com/videoplayback?expire=1787688517&ei=5aGNauPuMaiJ6dsP0dC58Ak&ip=187.14.83.140&id=o-AA7UGs9k1jEm0HIZVyHDH6bJpLhkFWSxqihtMBxZLox9&itag=398&source=youtube&requiressl=yes&xpc=EgVo2aDSNQ%3D%3D&cps=409&met=1787666917%2C&mh=W1&mm=31%2C26&mn=sn-hpa7znsz%2Csn-u15hn5-5t&ms=au%2Conr&mv=m&mvi=5&pl=24&rms=au%2Cau&initcwndbps=2081250&bui=AR3QkAnMspvEdB1dqStk-kEZJL7AfN_7-379fkQg2w4JJYnapJ79YpL5ntNvEi39CwSqccoGBhI-YYKA&spc=KBGBcogdg1fqIMnqMGOmHeMcOPn6WKcgl85CkD06Hw&vprv=1&svpuc=1&mime=video%2Fmp4&rqh=1&gir=yes&clen=65851705&dur=1257.880&lmt=1781736320659593&mt=1787666720&fvip=1&keepalive=yes&fexp=51565115%2C52135441&c=ANDROID_VR&txp=4532534&sparams=expire%2Cei%2Cip%2Cid%2Citag%2Csource%2Crequiressl%2Cxpc%2Cbui%2Cspc%2Cvprv%2Csvpuc%2Cmime%2Crqh%2Cgir%2Cclen%2Cdur%2Clmt&sig=AE0s2JYwRgIhAKxgiZ6AcS3bLkriVFnvDAe7Thc1kYdmqlHKGbzWODoqAiEAvVGYzquEZCMbGJIiwsogq6noXb37n6aw7w-O0NuWleY%3D&lsparams=cps%2Cmet%2Cmh%2Cmm%2Cmn%2Cms%2Cmv%2Cmvi%2Cpl%2Crms%2Cinitcwndbps&lsig=APaTxxMwRAIgQ3_zLcjTptw2ghtHrEZra0UR-_BLQIiyBEKsQ31yAA4CIDfkAD8CPdBnRWbUumMK-bhZWWaUnlp_IJhLmKR5v4fo', '-frames:v', '1', '-q:v', '2', '/Users/lorenzo/Documents/GitHub/loackyPKM/99 - Meta/Clipboard/HXFmhEYcnTw_4_apollo_and_the_.jpg']' returned non-zero exit status 8.
Frame extraction failed at timestamp 313: Command '['ffmpeg', '-y', '-ss', '0:05:13', '-i', 'https://rr5---sn-hpa7znsz.googlevideo.com/videoplayback?expire=1787688517&ei=5aGNauPuMaiJ6dsP0dC58Ak&ip=187.14.83.140&id=o-AA7UGs9k1jEm0HIZVyHDH6bJpLhkFWSxqihtMBxZLox9&itag=398&source=youtube&requiressl=yes&xpc=EgVo2aDSNQ%3D%3D&cps=409&met=1787666917%2C&mh=W1&mm=31%2C26&mn=sn-hpa7znsz%2Csn-u15hn5-5t&ms=au%2Conr&mv=m&mvi=5&pl=24&rms=au%2Cau&initcwndbps=2081250&bui=AR3QkAnMspvEdB1dqStk-kEZJL7AfN_7-379fkQg2w4JJYnapJ79YpL5ntNvEi39CwSqccoGBhI-YYKA&spc=KBGBcogdg1fqIMnqMGOmHeMcOPn6WKcgl85CkD06Hw&vprv=1&svpuc=1&mime=video%2Fmp4&rqh=1&gir=yes&clen=65851705&dur=1257.880&lmt=1781736320659593&mt=1787666720&fvip=1&keepalive=yes&fexp=51565115%2C52135441&c=ANDROID_VR&txp=4532534&sparams=expire%2Cei%2Cip%2Cid%2Citag%2Csource%2Crequiressl%2Cxpc%2Cbui%2Cspc%2Cvprv%2Csvpuc%2Cmime%2Crqh%2Cgir%2Cclen%2Cdur%2Clmt&sig=AE0s2JYwRgIhAKxgiZ6AcS3bLkriVFnvDAe7Thc1kYdmqlHKGbzWODoqAiEAvVGYzquEZCMbGJIiwsogq6noXb37n6aw7w-O0NuWleY%3D&lsparams=cps%2Cmet%2Cmh%2Cmm%2Cmn%2Cms%2Cmv%2Cmvi%2Cpl%2Crms%2Cinitcwndbps&lsig=APaTxxMwRAIgQ3_zLcjTptw2ghtHrEZra0UR-_BLQIiyBEKsQ31yAA4CIDfkAD8CPdBnRWbUumMK-bhZWWaUnlp_IJhLmKR5v4fo', '-frames:v', '1', '-q:v', '2', '/Users/lorenzo/Documents/GitHub/loackyPKM/99 - Meta/Clipboard/HXFmhEYcnTw_5_the_company_s_o.jpg']' returned non-zero exit status 8.
Frame extraction failed at timestamp 438: Command '['ffmpeg', '-y', '-ss', '0:07:18', '-i', 'https://rr5---sn-hpa7znsz.googlevideo.com/videoplayback?expire=1787688517&ei=5aGNauPuMaiJ6dsP0dC58Ak&ip=187.14.83.140&id=o-AA7UGs9k1jEm0HIZVyHDH6bJpLhkFWSxqihtMBxZLox9&itag=398&source=youtube&requiressl=yes&xpc=EgVo2aDSNQ%3D%3D&cps=409&met=1787666917%2C&mh=W1&mm=31%2C26&mn=sn-hpa7znsz%2Csn-u15hn5-5t&ms=au%2Conr&mv=m&mvi=5&pl=24&rms=au%2Cau&initcwndbps=2081250&bui=AR3QkAnMspvEdB1dqStk-kEZJL7AfN_7-379fkQg2w4JJYnapJ79YpL5ntNvEi39CwSqccoGBhI-YYKA&spc=KBGBcogdg1fqIMnqMGOmHeMcOPn6WKcgl85CkD06Hw&vprv=1&svpuc=1&mime=video%2Fmp4&rqh=1&gir=yes&clen=65851705&dur=1257.880&lmt=1781736320659593&mt=1787666720&fvip=1&keepalive=yes&fexp=51565115%2C52135441&c=ANDROID_VR&txp=4532534&sparams=expire%2Cei%2Cip%2Cid%2Citag%2Csource%2Crequiressl%2Cxpc%2Cbui%2Cspc%2Cvprv%2Csvpuc%2Cmime%2Crqh%2Cgir%2Cclen%2Cdur%2Clmt&sig=AE0s2JYwRgIhAKxgiZ6AcS3bLkriVFnvDAe7Thc1kYdmqlHKGbzWODoqAiEAvVGYzquEZCMbGJIiwsogq6noXb37n6aw7w-O0NuWleY%3D&lsparams=cps%2Cmet%2Cmh%2Cmm%2Cmn%2Cms%2Cmv%2Cmvi%2Cpl%2Crms%2Cinitcwndbps&lsig=APaTxxMwRAIgQ3_zLcjTptw2ghtHrEZra0UR-_BLQIiyBEKsQ31yAA4CIDfkAD8CPdBnRWbUumMK-bhZWWaUnlp_IJhLmKR5v4fo', '-frames:v', '1', '-q:v', '2', '/Users/lorenzo/Documents/GitHub/loackyPKM/99 - Meta/Clipboard/HXFmhEYcnTw_6_revenue.jpg']' returned non-zero exit status 8.
Frame extraction failed at timestamp 470: Command '['ffmpeg', '-y', '-ss', '0:07:50', '-i', 'https://rr5---sn-hpa7znsz.googlevideo.com/videoplayback?expire=1787688517&ei=5aGNauPuMaiJ6dsP0dC58Ak&ip=187.14.83.140&id=o-AA7UGs9k1jEm0HIZVyHDH6bJpLhkFWSxqihtMBxZLox9&itag=398&source=youtube&requiressl=yes&xpc=EgVo2aDSNQ%3D%3D&cps=409&met=1787666917%2C&mh=W1&mm=31%2C26&mn=sn-hpa7znsz%2Csn-u15hn5-5t&ms=au%2Conr&mv=m&mvi=5&pl=24&rms=au%2Cau&initcwndbps=2081250&bui=AR3QkAnMspvEdB1dqStk-kEZJL7AfN_7-379fkQg2w4JJYnapJ79YpL5ntNvEi39CwSqccoGBhI-YYKA&spc=KBGBcogdg1fqIMnqMGOmHeMcOPn6WKcgl85CkD06Hw&vprv=1&svpuc=1&mime=video%2Fmp4&rqh=1&gir=yes&clen=65851705&dur=1257.880&lmt=1781736320659593&mt=1787666720&fvip=1&keepalive=yes&fexp=51565115%2C52135441&c=ANDROID_VR&txp=4532534&sparams=expire%2Cei%2Cip%2Cid%2Citag%2Csource%2Crequiressl%2Cxpc%2Cbui%2Cspc%2Cvprv%2Csvpuc%2Cmime%2Crqh%2Cgir%2Cclen%2Cdur%2Clmt&sig=AE0s2JYwRgIhAKxgiZ6AcS3bLkriVFnvDAe7Thc1kYdmqlHKGbzWODoqAiEAvVGYzquEZCMbGJIiwsogq6noXb37n6aw7w-O0NuWleY%3D&lsparams=cps%2Cmet%2Cmh%2Cmm%2Cmn%2Cms%2Cmv%2Cmvi%2Cpl%2Crms%2Cinitcwndbps&lsig=APaTxxMwRAIgQ3_zLcjTptw2ghtHrEZra0UR-_BLQIiyBEKsQ31yAA4CIDfkAD8CPdBnRWbUumMK-bhZWWaUnlp_IJhLmKR5v4fo', '-frames:v', '1', '-q:v', '2', '/Users/lorenzo/Documents/GitHub/loackyPKM/99 - Meta/Clipboard/HXFmhEYcnTw_7_who_are_palanti.jpg']' returned non-zero exit status 8.
Frame extraction failed at timestamp 534: Command '['ffmpeg', '-y', '-ss', '0:08:54', '-i', 'https://rr5---sn-hpa7znsz.googlevideo.com/videoplayback?expire=1787688517&ei=5aGNauPuMaiJ6dsP0dC58Ak&ip=187.14.83.140&id=o-AA7UGs9k1jEm0HIZVyHDH6bJpLhkFWSxqihtMBxZLox9&itag=398&source=youtube&requiressl=yes&xpc=EgVo2aDSNQ%3D%3D&cps=409&met=1787666917%2C&mh=W1&mm=31%2C26&mn=sn-hpa7znsz%2Csn-u15hn5-5t&ms=au%2Conr&mv=m&mvi=5&pl=24&rms=au%2Cau&initcwndbps=2081250&bui=AR3QkAnMspvEdB1dqStk-kEZJL7AfN_7-379fkQg2w4JJYnapJ79YpL5ntNvEi39CwSqccoGBhI-YYKA&spc=KBGBcogdg1fqIMnqMGOmHeMcOPn6WKcgl85CkD06Hw&vprv=1&svpuc=1&mime=video%2Fmp4&rqh=1&gir=yes&clen=65851705&dur=1257.880&lmt=1781736320659593&mt=1787666720&fvip=1&keepalive=yes&fexp=51565115%2C52135441&c=ANDROID_VR&txp=4532534&sparams=expire%2Cei%2Cip%2Cid%2Citag%2Csource%2Crequiressl%2Cxpc%2Cbui%2Cspc%2Cvprv%2Csvpuc%2Cmime%2Crqh%2Cgir%2Cclen%2Cdur%2Clmt&sig=AE0s2JYwRgIhAKxgiZ6AcS3bLkriVFnvDAe7Thc1kYdmqlHKGbzWODoqAiEAvVGYzquEZCMbGJIiwsogq6noXb37n6aw7w-O0NuWleY%3D&lsparams=cps%2Cmet%2Cmh%2Cmm%2Cmn%2Cms%2Cmv%2Cmvi%2Cpl%2Crms%2Cinitcwndbps&lsig=APaTxxMwRAIgQ3_zLcjTptw2ghtHrEZra0UR-_BLQIiyBEKsQ31yAA4CIDfkAD8CPdBnRWbUumMK-bhZWWaUnlp_IJhLmKR5v4fo', '-frames:v', '1', '-q:v', '2', '/Users/lorenzo/Documents/GitHub/loackyPKM/99 - Meta/Clipboard/HXFmhEYcnTw_8_the_affected_co.jpg']' returned non-zero exit status 8.
Frame extraction failed at timestamp 602: Command '['ffmpeg', '-y', '-ss', '0:10:02', '-i', 'https://rr5---sn-hpa7znsz.googlevideo.com/videoplayback?expire=1787688517&ei=5aGNauPuMaiJ6dsP0dC58Ak&ip=187.14.83.140&id=o-AA7UGs9k1jEm0HIZVyHDH6bJpLhkFWSxqihtMBxZLox9&itag=398&source=youtube&requiressl=yes&xpc=EgVo2aDSNQ%3D%3D&cps=409&met=1787666917%2C&mh=W1&mm=31%2C26&mn=sn-hpa7znsz%2Csn-u15hn5-5t&ms=au%2Conr&mv=m&mvi=5&pl=24&rms=au%2Cau&initcwndbps=2081250&bui=AR3QkAnMspvEdB1dqStk-kEZJL7AfN_7-379fkQg2w4JJYnapJ79YpL5ntNvEi39CwSqccoGBhI-YYKA&spc=KBGBcogdg1fqIMnqMGOmHeMcOPn6WKcgl85CkD06Hw&vprv=1&svpuc=1&mime=video%2Fmp4&rqh=1&gir=yes&clen=65851705&dur=1257.880&lmt=1781736320659593&mt=1787666720&fvip=1&keepalive=yes&fexp=51565115%2C52135441&c=ANDROID_VR&txp=4532534&sparams=expire%2Cei%2Cip%2Cid%2Citag%2Csource%2Crequiressl%2Cxpc%2Cbui%2Cspc%2Cvprv%2Csvpuc%2Cmime%2Crqh%2Cgir%2Cclen%2Cdur%2Clmt&sig=AE0s2JYwRgIhAKxgiZ6AcS3bLkriVFnvDAe7Thc1kYdmqlHKGbzWODoqAiEAvVGYzquEZCMbGJIiwsogq6noXb37n6aw7w-O0NuWleY%3D&lsparams=cps%2Cmet%2Cmh%2Cmm%2Cmn%2Cms%2Cmv%2Cmvi%2Cpl%2Crms%2Cinitcwndbps&lsig=APaTxxMwRAIgQ3_zLcjTptw2ghtHrEZra0UR-_BLQIiyBEKsQ31yAA4CIDfkAD8CPdBnRWbUumMK-bhZWWaUnlp_IJhLmKR5v4fo', '-frames:v', '1', '-q:v', '2', '/Users/lorenzo/Documents/GitHub/loackyPKM/99 - Meta/Clipboard/HXFmhEYcnTw_9_the_criticisms.jpg']' returned non-zero exit status 8.
Frame extraction failed at timestamp 726: Command '['ffmpeg', '-y', '-ss', '0:12:06', '-i', 'https://rr5---sn-hpa7znsz.googlevideo.com/videoplayback?expire=1787688517&ei=5aGNauPuMaiJ6dsP0dC58Ak&ip=187.14.83.140&id=o-AA7UGs9k1jEm0HIZVyHDH6bJpLhkFWSxqihtMBxZLox9&itag=398&source=youtube&requiressl=yes&xpc=EgVo2aDSNQ%3D%3D&cps=409&met=1787666917%2C&mh=W1&mm=31%2C26&mn=sn-hpa7znsz%2Csn-u15hn5-5t&ms=au%2Conr&mv=m&mvi=5&pl=24&rms=au%2Cau&initcwndbps=2081250&bui=AR3QkAnMspvEdB1dqStk-kEZJL7AfN_7-379fkQg2w4JJYnapJ79YpL5ntNvEi39CwSqccoGBhI-YYKA&spc=KBGBcogdg1fqIMnqMGOmHeMcOPn6WKcgl85CkD06Hw&vprv=1&svpuc=1&mime=video%2Fmp4&rqh=1&gir=yes&clen=65851705&dur=1257.880&lmt=1781736320659593&mt=1787666720&fvip=1&keepalive=yes&fexp=51565115%2C52135441&c=ANDROID_VR&txp=4532534&sparams=expire%2Cei%2Cip%2Cid%2Citag%2Csource%2Crequiressl%2Cxpc%2Cbui%2Cspc%2Cvprv%2Csvpuc%2Cmime%2Crqh%2Cgir%2Cclen%2Cdur%2Clmt&sig=AE0s2JYwRgIhAKxgiZ6AcS3bLkriVFnvDAe7Thc1kYdmqlHKGbzWODoqAiEAvVGYzquEZCMbGJIiwsogq6noXb37n6aw7w-O0NuWleY%3D&lsparams=cps%2Cmet%2Cmh%2Cmm%2Cmn%2Cms%2Cmv%2Cmvi%2Cpl%2Crms%2Cinitcwndbps&lsig=APaTxxMwRAIgQ3_zLcjTptw2ghtHrEZra0UR-_BLQIiyBEKsQ31yAA4CIDfkAD8CPdBnRWbUumMK-bhZWWaUnlp_IJhLmKR5v4fo', '-frames:v', '1', '-q:v', '2', '/Users/lorenzo/Documents/GitHub/loackyPKM/99 - Meta/Clipboard/HXFmhEYcnTw_10_when_data_analy.jpg']' returned non-zero exit status 8.
Frame extraction failed at timestamp 819: Command '['ffmpeg', '-y', '-ss', '0:13:39', '-i', 'https://rr5---sn-hpa7znsz.googlevideo.com/videoplayback?expire=1787688517&ei=5aGNauPuMaiJ6dsP0dC58Ak&ip=187.14.83.140&id=o-AA7UGs9k1jEm0HIZVyHDH6bJpLhkFWSxqihtMBxZLox9&itag=398&source=youtube&requiressl=yes&xpc=EgVo2aDSNQ%3D%3D&cps=409&met=1787666917%2C&mh=W1&mm=31%2C26&mn=sn-hpa7znsz%2Csn-u15hn5-5t&ms=au%2Conr&mv=m&mvi=5&pl=24&rms=au%2Cau&initcwndbps=2081250&bui=AR3QkAnMspvEdB1dqStk-kEZJL7AfN_7-379fkQg2w4JJYnapJ79YpL5ntNvEi39CwSqccoGBhI-YYKA&spc=KBGBcogdg1fqIMnqMGOmHeMcOPn6WKcgl85CkD06Hw&vprv=1&svpuc=1&mime=video%2Fmp4&rqh=1&gir=yes&clen=65851705&dur=1257.880&lmt=1781736320659593&mt=1787666720&fvip=1&keepalive=yes&fexp=51565115%2C52135441&c=ANDROID_VR&txp=4532534&sparams=expire%2Cei%2Cip%2Cid%2Citag%2Csource%2Crequiressl%2Cxpc%2Cbui%2Cspc%2Cvprv%2Csvpuc%2Cmime%2Crqh%2Cgir%2Cclen%2Cdur%2Clmt&sig=AE0s2JYwRgIhAKxgiZ6AcS3bLkriVFnvDAe7Thc1kYdmqlHKGbzWODoqAiEAvVGYzquEZCMbGJIiwsogq6noXb37n6aw7w-O0NuWleY%3D&lsparams=cps%2Cmet%2Cmh%2Cmm%2Cmn%2Cms%2Cmv%2Cmvi%2Cpl%2Crms%2Cinitcwndbps&lsig=APaTxxMwRAIgQ3_zLcjTptw2ghtHrEZra0UR-_BLQIiyBEKsQ31yAA4CIDfkAD8CPdBnRWbUumMK-bhZWWaUnlp_IJhLmKR5v4fo', '-frames:v', '1', '-q:v', '2', '/Users/lorenzo/Documents/GitHub/loackyPKM/99 - Meta/Clipboard/HXFmhEYcnTw_11_the_risks__algo.jpg']' returned non-zero exit status 8.
Frame extraction failed at timestamp 964: Command '['ffmpeg', '-y', '-ss', '0:16:04', '-i', 'https://rr5---sn-hpa7znsz.googlevideo.com/videoplayback?expire=1787688517&ei=5aGNauPuMaiJ6dsP0dC58Ak&ip=187.14.83.140&id=o-AA7UGs9k1jEm0HIZVyHDH6bJpLhkFWSxqihtMBxZLox9&itag=398&source=youtube&requiressl=yes&xpc=EgVo2aDSNQ%3D%3D&cps=409&met=1787666917%2C&mh=W1&mm=31%2C26&mn=sn-hpa7znsz%2Csn-u15hn5-5t&ms=au%2Conr&mv=m&mvi=5&pl=24&rms=au%2Cau&initcwndbps=2081250&bui=AR3QkAnMspvEdB1dqStk-kEZJL7AfN_7-379fkQg2w4JJYnapJ79YpL5ntNvEi39CwSqccoGBhI-YYKA&spc=KBGBcogdg1fqIMnqMGOmHeMcOPn6WKcgl85CkD06Hw&vprv=1&svpuc=1&mime=video%2Fmp4&rqh=1&gir=yes&clen=65851705&dur=1257.880&lmt=1781736320659593&mt=1787666720&fvip=1&keepalive=yes&fexp=51565115%2C52135441&c=ANDROID_VR&txp=4532534&sparams=expire%2Cei%2Cip%2Cid%2Citag%2Csource%2Crequiressl%2Cxpc%2Cbui%2Cspc%2Cvprv%2Csvpuc%2Cmime%2Crqh%2Cgir%2Cclen%2Cdur%2Clmt&sig=AE0s2JYwRgIhAKxgiZ6AcS3bLkriVFnvDAe7Thc1kYdmqlHKGbzWODoqAiEAvVGYzquEZCMbGJIiwsogq6noXb37n6aw7w-O0NuWleY%3D&lsparams=cps%2Cmet%2Cmh%2Cmm%2Cmn%2Cms%2Cmv%2Cmvi%2Cpl%2Crms%2Cinitcwndbps&lsig=APaTxxMwRAIgQ3_zLcjTptw2ghtHrEZra0UR-_BLQIiyBEKsQ31yAA4CIDfkAD8CPdBnRWbUumMK-bhZWWaUnlp_IJhLmKR5v4fo', '-frames:v', '1', '-q:v', '2', '/Users/lorenzo/Documents/GitHub/loackyPKM/99 - Meta/Clipboard/HXFmhEYcnTw_12_palantir_s_ideo.jpg']' returned non-zero exit status 8.
Frame extraction failed at timestamp 1121: Command '['ffmpeg', '-y', '-ss', '0:18:41', '-i', 'https://rr5---sn-hpa7znsz.googlevideo.com/videoplayback?expire=1787688517&ei=5aGNauPuMaiJ6dsP0dC58Ak&ip=187.14.83.140&id=o-AA7UGs9k1jEm0HIZVyHDH6bJpLhkFWSxqihtMBxZLox9&itag=398&source=youtube&requiressl=yes&xpc=EgVo2aDSNQ%3D%3D&cps=409&met=1787666917%2C&mh=W1&mm=31%2C26&mn=sn-hpa7znsz%2Csn-u15hn5-5t&ms=au%2Conr&mv=m&mvi=5&pl=24&rms=au%2Cau&initcwndbps=2081250&bui=AR3QkAnMspvEdB1dqStk-kEZJL7AfN_7-379fkQg2w4JJYnapJ79YpL5ntNvEi39CwSqccoGBhI-YYKA&spc=KBGBcogdg1fqIMnqMGOmHeMcOPn6WKcgl85CkD06Hw&vprv=1&svpuc=1&mime=video%2Fmp4&rqh=1&gir=yes&clen=65851705&dur=1257.880&lmt=1781736320659593&mt=1787666720&fvip=1&keepalive=yes&fexp=51565115%2C52135441&c=ANDROID_VR&txp=4532534&sparams=expire%2Cei%2Cip%2Cid%2Citag%2Csource%2Crequiressl%2Cxpc%2Cbui%2Cspc%2Cvprv%2Csvpuc%2Cmime%2Crqh%2Cgir%2Cclen%2Cdur%2Clmt&sig=AE0s2JYwRgIhAKxgiZ6AcS3bLkriVFnvDAe7Thc1kYdmqlHKGbzWODoqAiEAvVGYzquEZCMbGJIiwsogq6noXb37n6aw7w-O0NuWleY%3D&lsparams=cps%2Cmet%2Cmh%2Cmm%2Cmn%2Cms%2Cmv%2Cmvi%2Cpl%2Crms%2Cinitcwndbps&lsig=APaTxxMwRAIgQ3_zLcjTptw2ghtHrEZra0UR-_BLQIiyBEKsQ31yAA4CIDfkAD8CPdBnRWbUumMK-bhZWWaUnlp_IJhLmKR5v4fo', '-frames:v', '1', '-q:v', '2', '/Users/lorenzo/Documents/GitHub/loackyPKM/99 - Meta/Clipboard/HXFmhEYcnTw_13_the_mission_to_.jpg']' returned non-zero exit status 8.
[RAW INTAKE] Processed YouTube raw note Raw Note 2026-08-25 16-05.md -> draft
Processed 1 raw notes in Inbox.
2026-08-25 16:08:50 - Dashboard review activity detected. Invoking brain_ingest.py...
[REJECTED] Discarded staging draft Palantir: Cosa Fa l'Azienda Che Aiuta i Governi e Perché È Preoccupante
Processed 1 review dashboard actions.
2026-08-25 16:09:05 - Raw inbox note ready for processing detected. Invoking scan-inbox...
Frame extraction failed at timestamp 10: Command '['ffmpeg', '-y', '-ss', '0:00:10', '-i', 'https://rr2---sn-hpa7knld.googlevideo.com/videoplayback?expire=1787688547&ei=A6KNarbvF7Kep-oPjf6X4A4&ip=187.14.83.140&id=o-ADT7MssoA1fs-SMzqvWccTsDKj7GD-dTbzwxS5NO2n-m&itag=398&source=youtube&requiressl=yes&xpc=EgVo2aDSNQ%3D%3D&cps=359&met=1787666947%2C&mh=W1&mm=18%2C26&mn=sn-hpa7knld%2Csn-oj5hn5-5t&ms=aub%2Conr&mv=m&mvi=2&pl=24&rms=aub%2Caub&initcwndbps=1975000&bui=AR3QkAmabtIPhYIi1LO2v6oe5c3lDbv9AOi55xFS1NPK2ikm2OozQAxU717IdbEHeWzt_yk30tvQo6am&spc=KBGBctMmCHXiXSBMlGJqDjYN4qQWCI4GqqI-xEbPJg&vprv=1&svpuc=1&mime=video%2Fmp4&rqh=1&gir=yes&clen=65851705&dur=1257.880&lmt=1781736320659593&mt=1787666460&fvip=4&keepalive=yes&fexp=51565116%2C52135440&c=ANDROID_VR&txp=4532534&sparams=expire%2Cei%2Cip%2Cid%2Citag%2Csource%2Crequiressl%2Cxpc%2Cbui%2Cspc%2Cvprv%2Csvpuc%2Cmime%2Crqh%2Cgir%2Cclen%2Cdur%2Clmt&sig=AE0s2JYwRQIhAK-aeDPUn4WAIK_zHpQ3E91REooiXLRkvhvGcnCgIPAMAiBiRCDeFIUhbwXPrE8GQZk-QHk4sh1nHVtQUt93C3pWxg%3D%3D&lsparams=cps%2Cmet%2Cmh%2Cmm%2Cmn%2Cms%2Cmv%2Cmvi%2Cpl%2Crms%2Cinitcwndbps&lsig=APaTxxMwRgIhAPXs6FC6nDeMZxr3yjFzHigEBgj6FgUU1f8KY3MOyWnXAiEA1FXweSnT3U-s9q6ODyWGEghYl-zsKHFomSYUqWlGpGo%3D', '-frames:v', '1', '-q:v', '2', '/Users/lorenzo/Documents/GitHub/loackyPKM/99 - Meta/Clipboard/HXFmhEYcnTw_0_intro.jpg']' returned non-zero exit status 8.
Frame extraction failed at timestamp 89: Command '['ffmpeg', '-y', '-ss', '0:01:29', '-i', 'https://rr2---sn-hpa7knld.googlevideo.com/videoplayback?expire=1787688547&ei=A6KNarbvF7Kep-oPjf6X4A4&ip=187.14.83.140&id=o-ADT7MssoA1fs-SMzqvWccTsDKj7GD-dTbzwxS5NO2n-m&itag=398&source=youtube&requiressl=yes&xpc=EgVo2aDSNQ%3D%3D&cps=359&met=1787666947%2C&mh=W1&mm=18%2C26&mn=sn-hpa7knld%2Csn-oj5hn5-5t&ms=aub%2Conr&mv=m&mvi=2&pl=24&rms=aub%2Caub&initcwndbps=1975000&bui=AR3QkAmabtIPhYIi1LO2v6oe5c3lDbv9AOi55xFS1NPK2ikm2OozQAxU717IdbEHeWzt_yk30tvQo6am&spc=KBGBctMmCHXiXSBMlGJqDjYN4qQWCI4GqqI-xEbPJg&vprv=1&svpuc=1&mime=video%2Fmp4&rqh=1&gir=yes&clen=65851705&dur=1257.880&lmt=1781736320659593&mt=1787666460&fvip=4&keepalive=yes&fexp=51565116%2C52135440&c=ANDROID_VR&txp=4532534&sparams=expire%2Cei%2Cip%2Cid%2Citag%2Csource%2Crequiressl%2Cxpc%2Cbui%2Cspc%2Cvprv%2Csvpuc%2Cmime%2Crqh%2Cgir%2Cclen%2Cdur%2Clmt&sig=AE0s2JYwRQIhAK-aeDPUn4WAIK_zHpQ3E91REooiXLRkvhvGcnCgIPAMAiBiRCDeFIUhbwXPrE8GQZk-QHk4sh1nHVtQUt93C3pWxg%3D%3D&lsparams=cps%2Cmet%2Cmh%2Cmm%2Cmn%2Cms%2Cmv%2Cmvi%2Cpl%2Crms%2Cinitcwndbps&lsig=APaTxxMwRgIhAPXs6FC6nDeMZxr3yjFzHigEBgj6FgUU1f8KY3MOyWnXAiEA1FXweSnT3U-s9q6ODyWGEghYl-zsKHFomSYUqWlGpGo%3D', '-frames:v', '1', '-q:v', '2', '/Users/lorenzo/Documents/GitHub/loackyPKM/99 - Meta/Clipboard/HXFmhEYcnTw_1_what_is_palanti.jpg']' returned non-zero exit status 8.
Frame extraction failed at timestamp 158: Command '['ffmpeg', '-y', '-ss', '0:02:38', '-i', 'https://rr2---sn-hpa7knld.googlevideo.com/videoplayback?expire=1787688547&ei=A6KNarbvF7Kep-oPjf6X4A4&ip=187.14.83.140&id=o-ADT7MssoA1fs-SMzqvWccTsDKj7GD-dTbzwxS5NO2n-m&itag=398&source=youtube&requiressl=yes&xpc=EgVo2aDSNQ%3D%3D&cps=359&met=1787666947%2C&mh=W1&mm=18%2C26&mn=sn-hpa7knld%2Csn-oj5hn5-5t&ms=aub%2Conr&mv=m&mvi=2&pl=24&rms=aub%2Caub&initcwndbps=1975000&bui=AR3QkAmabtIPhYIi1LO2v6oe5c3lDbv9AOi55xFS1NPK2ikm2OozQAxU717IdbEHeWzt_yk30tvQo6am&spc=KBGBctMmCHXiXSBMlGJqDjYN4qQWCI4GqqI-xEbPJg&vprv=1&svpuc=1&mime=video%2Fmp4&rqh=1&gir=yes&clen=65851705&dur=1257.880&lmt=1781736320659593&mt=1787666460&fvip=4&keepalive=yes&fexp=51565116%2C52135440&c=ANDROID_VR&txp=4532534&sparams=expire%2Cei%2Cip%2Cid%2Citag%2Csource%2Crequiressl%2Cxpc%2Cbui%2Cspc%2Cvprv%2Csvpuc%2Cmime%2Crqh%2Cgir%2Cclen%2Cdur%2Clmt&sig=AE0s2JYwRQIhAK-aeDPUn4WAIK_zHpQ3E91REooiXLRkvhvGcnCgIPAMAiBiRCDeFIUhbwXPrE8GQZk-QHk4sh1nHVtQUt93C3pWxg%3D%3D&lsparams=cps%2Cmet%2Cmh%2Cmm%2Cmn%2Cms%2Cmv%2Cmvi%2Cpl%2Crms%2Cinitcwndbps&lsig=APaTxxMwRgIhAPXs6FC6nDeMZxr3yjFzHigEBgj6FgUU1f8KY3MOyWnXAiEA1FXweSnT3U-s9q6ODyWGEghYl-zsKHFomSYUqWlGpGo%3D', '-frames:v', '1', '-q:v', '2', '/Users/lorenzo/Documents/GitHub/loackyPKM/99 - Meta/Clipboard/HXFmhEYcnTw_2_the_products__g.jpg']' returned non-zero exit status 8.
Frame extraction failed at timestamp 228: Command '['ffmpeg', '-y', '-ss', '0:03:48', '-i', 'https://rr2---sn-hpa7knld.googlevideo.com/videoplayback?expire=1787688547&ei=A6KNarbvF7Kep-oPjf6X4A4&ip=187.14.83.140&id=o-ADT7MssoA1fs-SMzqvWccTsDKj7GD-dTbzwxS5NO2n-m&itag=398&source=youtube&requiressl=yes&xpc=EgVo2aDSNQ%3D%3D&cps=359&met=1787666947%2C&mh=W1&mm=18%2C26&mn=sn-hpa7knld%2Csn-oj5hn5-5t&ms=aub%2Conr&mv=m&mvi=2&pl=24&rms=aub%2Caub&initcwndbps=1975000&bui=AR3QkAmabtIPhYIi1LO2v6oe5c3lDbv9AOi55xFS1NPK2ikm2OozQAxU717IdbEHeWzt_yk30tvQo6am&spc=KBGBctMmCHXiXSBMlGJqDjYN4qQWCI4GqqI-xEbPJg&vprv=1&svpuc=1&mime=video%2Fmp4&rqh=1&gir=yes&clen=65851705&dur=1257.880&lmt=1781736320659593&mt=1787666460&fvip=4&keepalive=yes&fexp=51565116%2C52135440&c=ANDROID_VR&txp=4532534&sparams=expire%2Cei%2Cip%2Cid%2Citag%2Csource%2Crequiressl%2Cxpc%2Cbui%2Cspc%2Cvprv%2Csvpuc%2Cmime%2Crqh%2Cgir%2Cclen%2Cdur%2Clmt&sig=AE0s2JYwRQIhAK-aeDPUn4WAIK_zHpQ3E91REooiXLRkvhvGcnCgIPAMAiBiRCDeFIUhbwXPrE8GQZk-QHk4sh1nHVtQUt93C3pWxg%3D%3D&lsparams=cps%2Cmet%2Cmh%2Cmm%2Cmn%2Cms%2Cmv%2Cmvi%2Cpl%2Crms%2Cinitcwndbps&lsig=APaTxxMwRgIhAPXs6FC6nDeMZxr3yjFzHigEBgj6FgUU1f8KY3MOyWnXAiEA1FXweSnT3U-s9q6ODyWGEghYl-zsKHFomSYUqWlGpGo%3D', '-frames:v', '1', '-q:v', '2', '/Users/lorenzo/Documents/GitHub/loackyPKM/99 - Meta/Clipboard/HXFmhEYcnTw_3_foundry__the_so.jpg']' returned non-zero exit status 8.
Frame extraction failed at timestamp 254: Command '['ffmpeg', '-y', '-ss', '0:04:14', '-i', 'https://rr2---sn-hpa7knld.googlevideo.com/videoplayback?expire=1787688547&ei=A6KNarbvF7Kep-oPjf6X4A4&ip=187.14.83.140&id=o-ADT7MssoA1fs-SMzqvWccTsDKj7GD-dTbzwxS5NO2n-m&itag=398&source=youtube&requiressl=yes&xpc=EgVo2aDSNQ%3D%3D&cps=359&met=1787666947%2C&mh=W1&mm=18%2C26&mn=sn-hpa7knld%2Csn-oj5hn5-5t&ms=aub%2Conr&mv=m&mvi=2&pl=24&rms=aub%2Caub&initcwndbps=1975000&bui=AR3QkAmabtIPhYIi1LO2v6oe5c3lDbv9AOi55xFS1NPK2ikm2OozQAxU717IdbEHeWzt_yk30tvQo6am&spc=KBGBctMmCHXiXSBMlGJqDjYN4qQWCI4GqqI-xEbPJg&vprv=1&svpuc=1&mime=video%2Fmp4&rqh=1&gir=yes&clen=65851705&dur=1257.880&lmt=1781736320659593&mt=1787666460&fvip=4&keepalive=yes&fexp=51565116%2C52135440&c=ANDROID_VR&txp=4532534&sparams=expire%2Cei%2Cip%2Cid%2Citag%2Csource%2Crequiressl%2Cxpc%2Cbui%2Cspc%2Cvprv%2Csvpuc%2Cmime%2Crqh%2Cgir%2Cclen%2Cdur%2Clmt&sig=AE0s2JYwRQIhAK-aeDPUn4WAIK_zHpQ3E91REooiXLRkvhvGcnCgIPAMAiBiRCDeFIUhbwXPrE8GQZk-QHk4sh1nHVtQUt93C3pWxg%3D%3D&lsparams=cps%2Cmet%2Cmh%2Cmm%2Cmn%2Cms%2Cmv%2Cmvi%2Cpl%2Crms%2Cinitcwndbps&lsig=APaTxxMwRgIhAPXs6FC6nDeMZxr3yjFzHigEBgj6FgUU1f8KY3MOyWnXAiEA1FXweSnT3U-s9q6ODyWGEghYl-zsKHFomSYUqWlGpGo%3D', '-frames:v', '1', '-q:v', '2', '/Users/lorenzo/Documents/GitHub/loackyPKM/99 - Meta/Clipboard/HXFmhEYcnTw_4_apollo_and_the_.jpg']' returned non-zero exit status 8.
Frame extraction failed at timestamp 313: Command '['ffmpeg', '-y', '-ss', '0:05:13', '-i', 'https://rr2---sn-hpa7knld.googlevideo.com/videoplayback?expire=1787688547&ei=A6KNarbvF7Kep-oPjf6X4A4&ip=187.14.83.140&id=o-ADT7MssoA1fs-SMzqvWccTsDKj7GD-dTbzwxS5NO2n-m&itag=398&source=youtube&requiressl=yes&xpc=EgVo2aDSNQ%3D%3D&cps=359&met=1787666947%2C&mh=W1&mm=18%2C26&mn=sn-hpa7knld%2Csn-oj5hn5-5t&ms=aub%2Conr&mv=m&mvi=2&pl=24&rms=aub%2Caub&initcwndbps=1975000&bui=AR3QkAmabtIPhYIi1LO2v6oe5c3lDbv9AOi55xFS1NPK2ikm2OozQAxU717IdbEHeWzt_yk30tvQo6am&spc=KBGBctMmCHXiXSBMlGJqDjYN4qQWCI4GqqI-xEbPJg&vprv=1&svpuc=1&mime=video%2Fmp4&rqh=1&gir=yes&clen=65851705&dur=1257.880&lmt=1781736320659593&mt=1787666460&fvip=4&keepalive=yes&fexp=51565116%2C52135440&c=ANDROID_VR&txp=4532534&sparams=expire%2Cei%2Cip%2Cid%2Citag%2Csource%2Crequiressl%2Cxpc%2Cbui%2Cspc%2Cvprv%2Csvpuc%2Cmime%2Crqh%2Cgir%2Cclen%2Cdur%2Clmt&sig=AE0s2JYwRQIhAK-aeDPUn4WAIK_zHpQ3E91REooiXLRkvhvGcnCgIPAMAiBiRCDeFIUhbwXPrE8GQZk-QHk4sh1nHVtQUt93C3pWxg%3D%3D&lsparams=cps%2Cmet%2Cmh%2Cmm%2Cmn%2Cms%2Cmv%2Cmvi%2Cpl%2Crms%2Cinitcwndbps&lsig=APaTxxMwRgIhAPXs6FC6nDeMZxr3yjFzHigEBgj6FgUU1f8KY3MOyWnXAiEA1FXweSnT3U-s9q6ODyWGEghYl-zsKHFomSYUqWlGpGo%3D', '-frames:v', '1', '-q:v', '2', '/Users/lorenzo/Documents/GitHub/loackyPKM/99 - Meta/Clipboard/HXFmhEYcnTw_5_the_company_s_o.jpg']' returned non-zero exit status 8.
Frame extraction failed at timestamp 438: Command '['ffmpeg', '-y', '-ss', '0:07:18', '-i', 'https://rr2---sn-hpa7knld.googlevideo.com/videoplayback?expire=1787688547&ei=A6KNarbvF7Kep-oPjf6X4A4&ip=187.14.83.140&id=o-ADT7MssoA1fs-SMzqvWccTsDKj7GD-dTbzwxS5NO2n-m&itag=398&source=youtube&requiressl=yes&xpc=EgVo2aDSNQ%3D%3D&cps=359&met=1787666947%2C&mh=W1&mm=18%2C26&mn=sn-hpa7knld%2Csn-oj5hn5-5t&ms=aub%2Conr&mv=m&mvi=2&pl=24&rms=aub%2Caub&initcwndbps=1975000&bui=AR3QkAmabtIPhYIi1LO2v6oe5c3lDbv9AOi55xFS1NPK2ikm2OozQAxU717IdbEHeWzt_yk30tvQo6am&spc=KBGBctMmCHXiXSBMlGJqDjYN4qQWCI4GqqI-xEbPJg&vprv=1&svpuc=1&mime=video%2Fmp4&rqh=1&gir=yes&clen=65851705&dur=1257.880&lmt=1781736320659593&mt=1787666460&fvip=4&keepalive=yes&fexp=51565116%2C52135440&c=ANDROID_VR&txp=4532534&sparams=expire%2Cei%2Cip%2Cid%2Citag%2Csource%2Crequiressl%2Cxpc%2Cbui%2Cspc%2Cvprv%2Csvpuc%2Cmime%2Crqh%2Cgir%2Cclen%2Cdur%2Clmt&sig=AE0s2JYwRQIhAK-aeDPUn4WAIK_zHpQ3E91REooiXLRkvhvGcnCgIPAMAiBiRCDeFIUhbwXPrE8GQZk-QHk4sh1nHVtQUt93C3pWxg%3D%3D&lsparams=cps%2Cmet%2Cmh%2Cmm%2Cmn%2Cms%2Cmv%2Cmvi%2Cpl%2Crms%2Cinitcwndbps&lsig=APaTxxMwRgIhAPXs6FC6nDeMZxr3yjFzHigEBgj6FgUU1f8KY3MOyWnXAiEA1FXweSnT3U-s9q6ODyWGEghYl-zsKHFomSYUqWlGpGo%3D', '-frames:v', '1', '-q:v', '2', '/Users/lorenzo/Documents/GitHub/loackyPKM/99 - Meta/Clipboard/HXFmhEYcnTw_6_revenue.jpg']' returned non-zero exit status 8.
Frame extraction failed at timestamp 470: Command '['ffmpeg', '-y', '-ss', '0:07:50', '-i', 'https://rr2---sn-hpa7knld.googlevideo.com/videoplayback?expire=1787688547&ei=A6KNarbvF7Kep-oPjf6X4A4&ip=187.14.83.140&id=o-ADT7MssoA1fs-SMzqvWccTsDKj7GD-dTbzwxS5NO2n-m&itag=398&source=youtube&requiressl=yes&xpc=EgVo2aDSNQ%3D%3D&cps=359&met=1787666947%2C&mh=W1&mm=18%2C26&mn=sn-hpa7knld%2Csn-oj5hn5-5t&ms=aub%2Conr&mv=m&mvi=2&pl=24&rms=aub%2Caub&initcwndbps=1975000&bui=AR3QkAmabtIPhYIi1LO2v6oe5c3lDbv9AOi55xFS1NPK2ikm2OozQAxU717IdbEHeWzt_yk30tvQo6am&spc=KBGBctMmCHXiXSBMlGJqDjYN4qQWCI4GqqI-xEbPJg&vprv=1&svpuc=1&mime=video%2Fmp4&rqh=1&gir=yes&clen=65851705&dur=1257.880&lmt=1781736320659593&mt=1787666460&fvip=4&keepalive=yes&fexp=51565116%2C52135440&c=ANDROID_VR&txp=4532534&sparams=expire%2Cei%2Cip%2Cid%2Citag%2Csource%2Crequiressl%2Cxpc%2Cbui%2Cspc%2Cvprv%2Csvpuc%2Cmime%2Crqh%2Cgir%2Cclen%2Cdur%2Clmt&sig=AE0s2JYwRQIhAK-aeDPUn4WAIK_zHpQ3E91REooiXLRkvhvGcnCgIPAMAiBiRCDeFIUhbwXPrE8GQZk-QHk4sh1nHVtQUt93C3pWxg%3D%3D&lsparams=cps%2Cmet%2Cmh%2Cmm%2Cmn%2Cms%2Cmv%2Cmvi%2Cpl%2Crms%2Cinitcwndbps&lsig=APaTxxMwRgIhAPXs6FC6nDeMZxr3yjFzHigEBgj6FgUU1f8KY3MOyWnXAiEA1FXweSnT3U-s9q6ODyWGEghYl-zsKHFomSYUqWlGpGo%3D', '-frames:v', '1', '-q:v', '2', '/Users/lorenzo/Documents/GitHub/loackyPKM/99 - Meta/Clipboard/HXFmhEYcnTw_7_who_are_palanti.jpg']' returned non-zero exit status 8.
Frame extraction failed at timestamp 534: Command '['ffmpeg', '-y', '-ss', '0:08:54', '-i', 'https://rr2---sn-hpa7knld.googlevideo.com/videoplayback?expire=1787688547&ei=A6KNarbvF7Kep-oPjf6X4A4&ip=187.14.83.140&id=o-ADT7MssoA1fs-SMzqvWccTsDKj7GD-dTbzwxS5NO2n-m&itag=398&source=youtube&requiressl=yes&xpc=EgVo2aDSNQ%3D%3D&cps=359&met=1787666947%2C&mh=W1&mm=18%2C26&mn=sn-hpa7knld%2Csn-oj5hn5-5t&ms=aub%2Conr&mv=m&mvi=2&pl=24&rms=aub%2Caub&initcwndbps=1975000&bui=AR3QkAmabtIPhYIi1LO2v6oe5c3lDbv9AOi55xFS1NPK2ikm2OozQAxU717IdbEHeWzt_yk30tvQo6am&spc=KBGBctMmCHXiXSBMlGJqDjYN4qQWCI4GqqI-xEbPJg&vprv=1&svpuc=1&mime=video%2Fmp4&rqh=1&gir=yes&clen=65851705&dur=1257.880&lmt=1781736320659593&mt=1787666460&fvip=4&keepalive=yes&fexp=51565116%2C52135440&c=ANDROID_VR&txp=4532534&sparams=expire%2Cei%2Cip%2Cid%2Citag%2Csource%2Crequiressl%2Cxpc%2Cbui%2Cspc%2Cvprv%2Csvpuc%2Cmime%2Crqh%2Cgir%2Cclen%2Cdur%2Clmt&sig=AE0s2JYwRQIhAK-aeDPUn4WAIK_zHpQ3E91REooiXLRkvhvGcnCgIPAMAiBiRCDeFIUhbwXPrE8GQZk-QHk4sh1nHVtQUt93C3pWxg%3D%3D&lsparams=cps%2Cmet%2Cmh%2Cmm%2Cmn%2Cms%2Cmv%2Cmvi%2Cpl%2Crms%2Cinitcwndbps&lsig=APaTxxMwRgIhAPXs6FC6nDeMZxr3yjFzHigEBgj6FgUU1f8KY3MOyWnXAiEA1FXweSnT3U-s9q6ODyWGEghYl-zsKHFomSYUqWlGpGo%3D', '-frames:v', '1', '-q:v', '2', '/Users/lorenzo/Documents/GitHub/loackyPKM/99 - Meta/Clipboard/HXFmhEYcnTw_8_the_affected_co.jpg']' returned non-zero exit status 8.
Frame extraction failed at timestamp 602: Command '['ffmpeg', '-y', '-ss', '0:10:02', '-i', 'https://rr2---sn-hpa7knld.googlevideo.com/videoplayback?expire=1787688547&ei=A6KNarbvF7Kep-oPjf6X4A4&ip=187.14.83.140&id=o-ADT7MssoA1fs-SMzqvWccTsDKj7GD-dTbzwxS5NO2n-m&itag=398&source=youtube&requiressl=yes&xpc=EgVo2aDSNQ%3D%3D&cps=359&met=1787666947%2C&mh=W1&mm=18%2C26&mn=sn-hpa7knld%2Csn-oj5hn5-5t&ms=aub%2Conr&mv=m&mvi=2&pl=24&rms=aub%2Caub&initcwndbps=1975000&bui=AR3QkAmabtIPhYIi1LO2v6oe5c3lDbv9AOi55xFS1NPK2ikm2OozQAxU717IdbEHeWzt_yk30tvQo6am&spc=KBGBctMmCHXiXSBMlGJqDjYN4qQWCI4GqqI-xEbPJg&vprv=1&svpuc=1&mime=video%2Fmp4&rqh=1&gir=yes&clen=65851705&dur=1257.880&lmt=1781736320659593&mt=1787666460&fvip=4&keepalive=yes&fexp=51565116%2C52135440&c=ANDROID_VR&txp=4532534&sparams=expire%2Cei%2Cip%2Cid%2Citag%2Csource%2Crequiressl%2Cxpc%2Cbui%2Cspc%2Cvprv%2Csvpuc%2Cmime%2Crqh%2Cgir%2Cclen%2Cdur%2Clmt&sig=AE0s2JYwRQIhAK-aeDPUn4WAIK_zHpQ3E91REooiXLRkvhvGcnCgIPAMAiBiRCDeFIUhbwXPrE8GQZk-QHk4sh1nHVtQUt93C3pWxg%3D%3D&lsparams=cps%2Cmet%2Cmh%2Cmm%2Cmn%2Cms%2Cmv%2Cmvi%2Cpl%2Crms%2Cinitcwndbps&lsig=APaTxxMwRgIhAPXs6FC6nDeMZxr3yjFzHigEBgj6FgUU1f8KY3MOyWnXAiEA1FXweSnT3U-s9q6ODyWGEghYl-zsKHFomSYUqWlGpGo%3D', '-frames:v', '1', '-q:v', '2', '/Users/lorenzo/Documents/GitHub/loackyPKM/99 - Meta/Clipboard/HXFmhEYcnTw_9_the_criticisms.jpg']' returned non-zero exit status 8.
Frame extraction failed at timestamp 726: Command '['ffmpeg', '-y', '-ss', '0:12:06', '-i', 'https://rr2---sn-hpa7knld.googlevideo.com/videoplayback?expire=1787688547&ei=A6KNarbvF7Kep-oPjf6X4A4&ip=187.14.83.140&id=o-ADT7MssoA1fs-SMzqvWccTsDKj7GD-dTbzwxS5NO2n-m&itag=398&source=youtube&requiressl=yes&xpc=EgVo2aDSNQ%3D%3D&cps=359&met=1787666947%2C&mh=W1&mm=18%2C26&mn=sn-hpa7knld%2Csn-oj5hn5-5t&ms=aub%2Conr&mv=m&mvi=2&pl=24&rms=aub%2Caub&initcwndbps=1975000&bui=AR3QkAmabtIPhYIi1LO2v6oe5c3lDbv9AOi55xFS1NPK2ikm2OozQAxU717IdbEHeWzt_yk30tvQo6am&spc=KBGBctMmCHXiXSBMlGJqDjYN4qQWCI4GqqI-xEbPJg&vprv=1&svpuc=1&mime=video%2Fmp4&rqh=1&gir=yes&clen=65851705&dur=1257.880&lmt=1781736320659593&mt=1787666460&fvip=4&keepalive=yes&fexp=51565116%2C52135440&c=ANDROID_VR&txp=4532534&sparams=expire%2Cei%2Cip%2Cid%2Citag%2Csource%2Crequiressl%2Cxpc%2Cbui%2Cspc%2Cvprv%2Csvpuc%2Cmime%2Crqh%2Cgir%2Cclen%2Cdur%2Clmt&sig=AE0s2JYwRQIhAK-aeDPUn4WAIK_zHpQ3E91REooiXLRkvhvGcnCgIPAMAiBiRCDeFIUhbwXPrE8GQZk-QHk4sh1nHVtQUt93C3pWxg%3D%3D&lsparams=cps%2Cmet%2Cmh%2Cmm%2Cmn%2Cms%2Cmv%2Cmvi%2Cpl%2Crms%2Cinitcwndbps&lsig=APaTxxMwRgIhAPXs6FC6nDeMZxr3yjFzHigEBgj6FgUU1f8KY3MOyWnXAiEA1FXweSnT3U-s9q6ODyWGEghYl-zsKHFomSYUqWlGpGo%3D', '-frames:v', '1', '-q:v', '2', '/Users/lorenzo/Documents/GitHub/loackyPKM/99 - Meta/Clipboard/HXFmhEYcnTw_10_when_data_analy.jpg']' returned non-zero exit status 8.
Frame extraction failed at timestamp 819: Command '['ffmpeg', '-y', '-ss', '0:13:39', '-i', 'https://rr2---sn-hpa7knld.googlevideo.com/videoplayback?expire=1787688547&ei=A6KNarbvF7Kep-oPjf6X4A4&ip=187.14.83.140&id=o-ADT7MssoA1fs-SMzqvWccTsDKj7GD-dTbzwxS5NO2n-m&itag=398&source=youtube&requiressl=yes&xpc=EgVo2aDSNQ%3D%3D&cps=359&met=1787666947%2C&mh=W1&mm=18%2C26&mn=sn-hpa7knld%2Csn-oj5hn5-5t&ms=aub%2Conr&mv=m&mvi=2&pl=24&rms=aub%2Caub&initcwndbps=1975000&bui=AR3QkAmabtIPhYIi1LO2v6oe5c3lDbv9AOi55xFS1NPK2ikm2OozQAxU717IdbEHeWzt_yk30tvQo6am&spc=KBGBctMmCHXiXSBMlGJqDjYN4qQWCI4GqqI-xEbPJg&vprv=1&svpuc=1&mime=video%2Fmp4&rqh=1&gir=yes&clen=65851705&dur=1257.880&lmt=1781736320659593&mt=1787666460&fvip=4&keepalive=yes&fexp=51565116%2C52135440&c=ANDROID_VR&txp=4532534&sparams=expire%2Cei%2Cip%2Cid%2Citag%2Csource%2Crequiressl%2Cxpc%2Cbui%2Cspc%2Cvprv%2Csvpuc%2Cmime%2Crqh%2Cgir%2Cclen%2Cdur%2Clmt&sig=AE0s2JYwRQIhAK-aeDPUn4WAIK_zHpQ3E91REooiXLRkvhvGcnCgIPAMAiBiRCDeFIUhbwXPrE8GQZk-QHk4sh1nHVtQUt93C3pWxg%3D%3D&lsparams=cps%2Cmet%2Cmh%2Cmm%2Cmn%2Cms%2Cmv%2Cmvi%2Cpl%2Crms%2Cinitcwndbps&lsig=APaTxxMwRgIhAPXs6FC6nDeMZxr3yjFzHigEBgj6FgUU1f8KY3MOyWnXAiEA1FXweSnT3U-s9q6ODyWGEghYl-zsKHFomSYUqWlGpGo%3D', '-frames:v', '1', '-q:v', '2', '/Users/lorenzo/Documents/GitHub/loackyPKM/99 - Meta/Clipboard/HXFmhEYcnTw_11_the_risks__algo.jpg']' returned non-zero exit status 8.
Frame extraction failed at timestamp 964: Command '['ffmpeg', '-y', '-ss', '0:16:04', '-i', 'https://rr2---sn-hpa7knld.googlevideo.com/videoplayback?expire=1787688547&ei=A6KNarbvF7Kep-oPjf6X4A4&ip=187.14.83.140&id=o-ADT7MssoA1fs-SMzqvWccTsDKj7GD-dTbzwxS5NO2n-m&itag=398&source=youtube&requiressl=yes&xpc=EgVo2aDSNQ%3D%3D&cps=359&met=1787666947%2C&mh=W1&mm=18%2C26&mn=sn-hpa7knld%2Csn-oj5hn5-5t&ms=aub%2Conr&mv=m&mvi=2&pl=24&rms=aub%2Caub&initcwndbps=1975000&bui=AR3QkAmabtIPhYIi1LO2v6oe5c3lDbv9AOi55xFS1NPK2ikm2OozQAxU717IdbEHeWzt_yk30tvQo6am&spc=KBGBctMmCHXiXSBMlGJqDjYN4qQWCI4GqqI-xEbPJg&vprv=1&svpuc=1&mime=video%2Fmp4&rqh=1&gir=yes&clen=65851705&dur=1257.880&lmt=1781736320659593&mt=1787666460&fvip=4&keepalive=yes&fexp=51565116%2C52135440&c=ANDROID_VR&txp=4532534&sparams=expire%2Cei%2Cip%2Cid%2Citag%2Csource%2Crequiressl%2Cxpc%2Cbui%2Cspc%2Cvprv%2Csvpuc%2Cmime%2Crqh%2Cgir%2Cclen%2Cdur%2Clmt&sig=AE0s2JYwRQIhAK-aeDPUn4WAIK_zHpQ3E91REooiXLRkvhvGcnCgIPAMAiBiRCDeFIUhbwXPrE8GQZk-QHk4sh1nHVtQUt93C3pWxg%3D%3D&lsparams=cps%2Cmet%2Cmh%2Cmm%2Cmn%2Cms%2Cmv%2Cmvi%2Cpl%2Crms%2Cinitcwndbps&lsig=APaTxxMwRgIhAPXs6FC6nDeMZxr3yjFzHigEBgj6FgUU1f8KY3MOyWnXAiEA1FXweSnT3U-s9q6ODyWGEghYl-zsKHFomSYUqWlGpGo%3D', '-frames:v', '1', '-q:v', '2', '/Users/lorenzo/Documents/GitHub/loackyPKM/99 - Meta/Clipboard/HXFmhEYcnTw_12_palantir_s_ideo.jpg']' returned non-zero exit status 8.
Frame extraction failed at timestamp 1121: Command '['ffmpeg', '-y', '-ss', '0:18:41', '-i', 'https://rr2---sn-hpa7knld.googlevideo.com/videoplayback?expire=1787688547&ei=A6KNarbvF7Kep-oPjf6X4A4&ip=187.14.83.140&id=o-ADT7MssoA1fs-SMzqvWccTsDKj7GD-dTbzwxS5NO2n-m&itag=398&source=youtube&requiressl=yes&xpc=EgVo2aDSNQ%3D%3D&cps=359&met=1787666947%2C&mh=W1&mm=18%2C26&mn=sn-hpa7knld%2Csn-oj5hn5-5t&ms=aub%2Conr&mv=m&mvi=2&pl=24&rms=aub%2Caub&initcwndbps=1975000&bui=AR3QkAmabtIPhYIi1LO2v6oe5c3lDbv9AOi55xFS1NPK2ikm2OozQAxU717IdbEHeWzt_yk30tvQo6am&spc=KBGBctMmCHXiXSBMlGJqDjYN4qQWCI4GqqI-xEbPJg&vprv=1&svpuc=1&mime=video%2Fmp4&rqh=1&gir=yes&clen=65851705&dur=1257.880&lmt=1781736320659593&mt=1787666460&fvip=4&keepalive=yes&fexp=51565116%2C52135440&c=ANDROID_VR&txp=4532534&sparams=expire%2Cei%2Cip%2Cid%2Citag%2Csource%2Crequiressl%2Cxpc%2Cbui%2Cspc%2Cvprv%2Csvpuc%2Cmime%2Crqh%2Cgir%2Cclen%2Cdur%2Clmt&sig=AE0s2JYwRQIhAK-aeDPUn4WAIK_zHpQ3E91REooiXLRkvhvGcnCgIPAMAiBiRCDeFIUhbwXPrE8GQZk-QHk4sh1nHVtQUt93C3pWxg%3D%3D&lsparams=cps%2Cmet%2Cmh%2Cmm%2Cmn%2Cms%2Cmv%2Cmvi%2Cpl%2Crms%2Cinitcwndbps&lsig=APaTxxMwRgIhAPXs6FC6nDeMZxr3yjFzHigEBgj6FgUU1f8KY3MOyWnXAiEA1FXweSnT3U-s9q6ODyWGEghYl-zsKHFomSYUqWlGpGo%3D', '-frames:v', '1', '-q:v', '2', '/Users/lorenzo/Documents/GitHub/loackyPKM/99 - Meta/Clipboard/HXFmhEYcnTw_13_the_mission_to_.jpg']' returned non-zero exit status 8.
[RAW INTAKE] Processed YouTube raw note Raw Note 2026-08-25 16-09.md -> draft
Processed 1 raw notes in Inbox.
2026-08-25 16:12:58 - Watcher daemon stopped.
2026-08-25 16:12:59 - Obsidian running with pending reviews. Opening Review Dashboard...
2026-08-25 16:12:59 - Obsidian running with pending reviews. Opening Review Dashboard...
2026-08-25 16:13:00 - Starting Second Brain Watcher daemon on /Users/lorenzo/Documents/GitHub/loackyPKM (PID 872)
2026-08-25 16:13:30 - Dashboard review activity detected. Invoking brain_ingest.py...
Traceback (most recent call last):
  File "/Users/lorenzo/Documents/GitHub/loackyPKM/99 - Meta/Scripts/brain_ingest.py", line 28, in <module>
    import brain_health
  File "/Users/lorenzo/Documents/GitHub/loackyPKM/99 - Meta/Scripts/brain_health.py", line 20, in <module>
    import ruamel.yaml
ModuleNotFoundError: No module named 'ruamel'
2026-08-25 16:13:32 - Dashboard review activity detected. Invoking brain_ingest.py...
[REJECTED] Discarded staging draft Palantir: Cosa Fa l'Azienda Che Aiuta i Governi e Perché È Preoccupante
Processed 1 review dashboard actions.
2026-08-25 16:13:46 - Raw inbox note ready for processing detected. Invoking scan-inbox...
Frame extraction failed at timestamp 10: Command '['ffmpeg', '-y', '-ss', '0:00:10', '-i', 'https://rr5---sn-hpa7znsz.googlevideo.com/videoplayback?expire=1787688829&ei=HaONauJzqPHp2w-oqOD4CQ&ip=187.14.83.140&id=o-AI503vKorIhMYZeaqIoqODTOdWMTETjWaIwEMbgPovh1&itag=398&source=youtube&requiressl=yes&xpc=EgVo2aDSNQ%3D%3D&cps=463&met=1787667229%2C&mh=W1&mm=31%2C26&mn=sn-hpa7znsz%2Csn-oj5hn5-5t&ms=au%2Conr&mv=m&mvi=5&pl=24&rms=au%2Cau&initcwndbps=2081250&bui=AR3QkAnLAALDdSq24YlgUR-WYNpiboKNds8CPJQ_0YEG9fQEkJTYb8ZH-hrGiUWxafDS5NY3uiYynprW&spc=KBGBckcALVyHKiV8wKBJ_tXKtfAeGMYFcX5WIdlNLA&vprv=1&svpuc=1&mime=video%2Fmp4&rqh=1&gir=yes&clen=65851705&dur=1257.880&lmt=1781736320659593&mt=1787666720&fvip=4&keepalive=yes&fexp=51565115%2C52135440&c=ANDROID_VR&txp=4532534&sparams=expire%2Cei%2Cip%2Cid%2Citag%2Csource%2Crequiressl%2Cxpc%2Cbui%2Cspc%2Cvprv%2Csvpuc%2Cmime%2Crqh%2Cgir%2Cclen%2Cdur%2Clmt&sig=AE0s2JYwRgIhAO5b_NnpiD3xAJ_guTLyhK8LSQUye8qNCqA9nxl3aMXKAiEA68aNBm12mnb_3GT7UKZcLCJTcb3jkUpfziDR5pvMQMg%3D&lsparams=cps%2Cmet%2Cmh%2Cmm%2Cmn%2Cms%2Cmv%2Cmvi%2Cpl%2Crms%2Cinitcwndbps&lsig=APaTxxMwRQIgEwBYbyT8_LonofSg-v0oQHEChpJBuAJ4T_CPLBsXbs0CIQDBQUThebi6eeN-KMBBne9QKi_N__NBlmwg0eZSsizA8w%3D%3D', '-frames:v', '1', '-q:v', '2', '/Users/lorenzo/Documents/GitHub/loackyPKM/99 - Meta/Clipboard/HXFmhEYcnTw_0_intro.jpg']' returned non-zero exit status 8.
Frame extraction failed at timestamp 89: Command '['ffmpeg', '-y', '-ss', '0:01:29', '-i', 'https://rr5---sn-hpa7znsz.googlevideo.com/videoplayback?expire=1787688829&ei=HaONauJzqPHp2w-oqOD4CQ&ip=187.14.83.140&id=o-AI503vKorIhMYZeaqIoqODTOdWMTETjWaIwEMbgPovh1&itag=398&source=youtube&requiressl=yes&xpc=EgVo2aDSNQ%3D%3D&cps=463&met=1787667229%2C&mh=W1&mm=31%2C26&mn=sn-hpa7znsz%2Csn-oj5hn5-5t&ms=au%2Conr&mv=m&mvi=5&pl=24&rms=au%2Cau&initcwndbps=2081250&bui=AR3QkAnLAALDdSq24YlgUR-WYNpiboKNds8CPJQ_0YEG9fQEkJTYb8ZH-hrGiUWxafDS5NY3uiYynprW&spc=KBGBckcALVyHKiV8wKBJ_tXKtfAeGMYFcX5WIdlNLA&vprv=1&svpuc=1&mime=video%2Fmp4&rqh=1&gir=yes&clen=65851705&dur=1257.880&lmt=1781736320659593&mt=1787666720&fvip=4&keepalive=yes&fexp=51565115%2C52135440&c=ANDROID_VR&txp=4532534&sparams=expire%2Cei%2Cip%2Cid%2Citag%2Csource%2Crequiressl%2Cxpc%2Cbui%2Cspc%2Cvprv%2Csvpuc%2Cmime%2Crqh%2Cgir%2Cclen%2Cdur%2Clmt&sig=AE0s2JYwRgIhAO5b_NnpiD3xAJ_guTLyhK8LSQUye8qNCqA9nxl3aMXKAiEA68aNBm12mnb_3GT7UKZcLCJTcb3jkUpfziDR5pvMQMg%3D&lsparams=cps%2Cmet%2Cmh%2Cmm%2Cmn%2Cms%2Cmv%2Cmvi%2Cpl%2Crms%2Cinitcwndbps&lsig=APaTxxMwRQIgEwBYbyT8_LonofSg-v0oQHEChpJBuAJ4T_CPLBsXbs0CIQDBQUThebi6eeN-KMBBne9QKi_N__NBlmwg0eZSsizA8w%3D%3D', '-frames:v', '1', '-q:v', '2', '/Users/lorenzo/Documents/GitHub/loackyPKM/99 - Meta/Clipboard/HXFmhEYcnTw_1_what_is_palanti.jpg']' returned non-zero exit status 8.
Frame extraction failed at timestamp 158: Command '['ffmpeg', '-y', '-ss', '0:02:38', '-i', 'https://rr5---sn-hpa7znsz.googlevideo.com/videoplayback?expire=1787688829&ei=HaONauJzqPHp2w-oqOD4CQ&ip=187.14.83.140&id=o-AI503vKorIhMYZeaqIoqODTOdWMTETjWaIwEMbgPovh1&itag=398&source=youtube&requiressl=yes&xpc=EgVo2aDSNQ%3D%3D&cps=463&met=1787667229%2C&mh=W1&mm=31%2C26&mn=sn-hpa7znsz%2Csn-oj5hn5-5t&ms=au%2Conr&mv=m&mvi=5&pl=24&rms=au%2Cau&initcwndbps=2081250&bui=AR3QkAnLAALDdSq24YlgUR-WYNpiboKNds8CPJQ_0YEG9fQEkJTYb8ZH-hrGiUWxafDS5NY3uiYynprW&spc=KBGBckcALVyHKiV8wKBJ_tXKtfAeGMYFcX5WIdlNLA&vprv=1&svpuc=1&mime=video%2Fmp4&rqh=1&gir=yes&clen=65851705&dur=1257.880&lmt=1781736320659593&mt=1787666720&fvip=4&keepalive=yes&fexp=51565115%2C52135440&c=ANDROID_VR&txp=4532534&sparams=expire%2Cei%2Cip%2Cid%2Citag%2Csource%2Crequiressl%2Cxpc%2Cbui%2Cspc%2Cvprv%2Csvpuc%2Cmime%2Crqh%2Cgir%2Cclen%2Cdur%2Clmt&sig=AE0s2JYwRgIhAO5b_NnpiD3xAJ_guTLyhK8LSQUye8qNCqA9nxl3aMXKAiEA68aNBm12mnb_3GT7UKZcLCJTcb3jkUpfziDR5pvMQMg%3D&lsparams=cps%2Cmet%2Cmh%2Cmm%2Cmn%2Cms%2Cmv%2Cmvi%2Cpl%2Crms%2Cinitcwndbps&lsig=APaTxxMwRQIgEwBYbyT8_LonofSg-v0oQHEChpJBuAJ4T_CPLBsXbs0CIQDBQUThebi6eeN-KMBBne9QKi_N__NBlmwg0eZSsizA8w%3D%3D', '-frames:v', '1', '-q:v', '2', '/Users/lorenzo/Documents/GitHub/loackyPKM/99 - Meta/Clipboard/HXFmhEYcnTw_2_the_products__g.jpg']' returned non-zero exit status 8.
Frame extraction failed at timestamp 228: Command '['ffmpeg', '-y', '-ss', '0:03:48', '-i', 'https://rr5---sn-hpa7znsz.googlevideo.com/videoplayback?expire=1787688829&ei=HaONauJzqPHp2w-oqOD4CQ&ip=187.14.83.140&id=o-AI503vKorIhMYZeaqIoqODTOdWMTETjWaIwEMbgPovh1&itag=398&source=youtube&requiressl=yes&xpc=EgVo2aDSNQ%3D%3D&cps=463&met=1787667229%2C&mh=W1&mm=31%2C26&mn=sn-hpa7znsz%2Csn-oj5hn5-5t&ms=au%2Conr&mv=m&mvi=5&pl=24&rms=au%2Cau&initcwndbps=2081250&bui=AR3QkAnLAALDdSq24YlgUR-WYNpiboKNds8CPJQ_0YEG9fQEkJTYb8ZH-hrGiUWxafDS5NY3uiYynprW&spc=KBGBckcALVyHKiV8wKBJ_tXKtfAeGMYFcX5WIdlNLA&vprv=1&svpuc=1&mime=video%2Fmp4&rqh=1&gir=yes&clen=65851705&dur=1257.880&lmt=1781736320659593&mt=1787666720&fvip=4&keepalive=yes&fexp=51565115%2C52135440&c=ANDROID_VR&txp=4532534&sparams=expire%2Cei%2Cip%2Cid%2Citag%2Csource%2Crequiressl%2Cxpc%2Cbui%2Cspc%2Cvprv%2Csvpuc%2Cmime%2Crqh%2Cgir%2Cclen%2Cdur%2Clmt&sig=AE0s2JYwRgIhAO5b_NnpiD3xAJ_guTLyhK8LSQUye8qNCqA9nxl3aMXKAiEA68aNBm12mnb_3GT7UKZcLCJTcb3jkUpfziDR5pvMQMg%3D&lsparams=cps%2Cmet%2Cmh%2Cmm%2Cmn%2Cms%2Cmv%2Cmvi%2Cpl%2Crms%2Cinitcwndbps&lsig=APaTxxMwRQIgEwBYbyT8_LonofSg-v0oQHEChpJBuAJ4T_CPLBsXbs0CIQDBQUThebi6eeN-KMBBne9QKi_N__NBlmwg0eZSsizA8w%3D%3D', '-frames:v', '1', '-q:v', '2', '/Users/lorenzo/Documents/GitHub/loackyPKM/99 - Meta/Clipboard/HXFmhEYcnTw_3_foundry__the_so.jpg']' returned non-zero exit status 8.
Frame extraction failed at timestamp 254: Command '['ffmpeg', '-y', '-ss', '0:04:14', '-i', 'https://rr5---sn-hpa7znsz.googlevideo.com/videoplayback?expire=1787688829&ei=HaONauJzqPHp2w-oqOD4CQ&ip=187.14.83.140&id=o-AI503vKorIhMYZeaqIoqODTOdWMTETjWaIwEMbgPovh1&itag=398&source=youtube&requiressl=yes&xpc=EgVo2aDSNQ%3D%3D&cps=463&met=1787667229%2C&mh=W1&mm=31%2C26&mn=sn-hpa7znsz%2Csn-oj5hn5-5t&ms=au%2Conr&mv=m&mvi=5&pl=24&rms=au%2Cau&initcwndbps=2081250&bui=AR3QkAnLAALDdSq24YlgUR-WYNpiboKNds8CPJQ_0YEG9fQEkJTYb8ZH-hrGiUWxafDS5NY3uiYynprW&spc=KBGBckcALVyHKiV8wKBJ_tXKtfAeGMYFcX5WIdlNLA&vprv=1&svpuc=1&mime=video%2Fmp4&rqh=1&gir=yes&clen=65851705&dur=1257.880&lmt=1781736320659593&mt=1787666720&fvip=4&keepalive=yes&fexp=51565115%2C52135440&c=ANDROID_VR&txp=4532534&sparams=expire%2Cei%2Cip%2Cid%2Citag%2Csource%2Crequiressl%2Cxpc%2Cbui%2Cspc%2Cvprv%2Csvpuc%2Cmime%2Crqh%2Cgir%2Cclen%2Cdur%2Clmt&sig=AE0s2JYwRgIhAO5b_NnpiD3xAJ_guTLyhK8LSQUye8qNCqA9nxl3aMXKAiEA68aNBm12mnb_3GT7UKZcLCJTcb3jkUpfziDR5pvMQMg%3D&lsparams=cps%2Cmet%2Cmh%2Cmm%2Cmn%2Cms%2Cmv%2Cmvi%2Cpl%2Crms%2Cinitcwndbps&lsig=APaTxxMwRQIgEwBYbyT8_LonofSg-v0oQHEChpJBuAJ4T_CPLBsXbs0CIQDBQUThebi6eeN-KMBBne9QKi_N__NBlmwg0eZSsizA8w%3D%3D', '-frames:v', '1', '-q:v', '2', '/Users/lorenzo/Documents/GitHub/loackyPKM/99 - Meta/Clipboard/HXFmhEYcnTw_4_apollo_and_the_.jpg']' returned non-zero exit status 8.
Frame extraction failed at timestamp 313: Command '['ffmpeg', '-y', '-ss', '0:05:13', '-i', 'https://rr5---sn-hpa7znsz.googlevideo.com/videoplayback?expire=1787688829&ei=HaONauJzqPHp2w-oqOD4CQ&ip=187.14.83.140&id=o-AI503vKorIhMYZeaqIoqODTOdWMTETjWaIwEMbgPovh1&itag=398&source=youtube&requiressl=yes&xpc=EgVo2aDSNQ%3D%3D&cps=463&met=1787667229%2C&mh=W1&mm=31%2C26&mn=sn-hpa7znsz%2Csn-oj5hn5-5t&ms=au%2Conr&mv=m&mvi=5&pl=24&rms=au%2Cau&initcwndbps=2081250&bui=AR3QkAnLAALDdSq24YlgUR-WYNpiboKNds8CPJQ_0YEG9fQEkJTYb8ZH-hrGiUWxafDS5NY3uiYynprW&spc=KBGBckcALVyHKiV8wKBJ_tXKtfAeGMYFcX5WIdlNLA&vprv=1&svpuc=1&mime=video%2Fmp4&rqh=1&gir=yes&clen=65851705&dur=1257.880&lmt=1781736320659593&mt=1787666720&fvip=4&keepalive=yes&fexp=51565115%2C52135440&c=ANDROID_VR&txp=4532534&sparams=expire%2Cei%2Cip%2Cid%2Citag%2Csource%2Crequiressl%2Cxpc%2Cbui%2Cspc%2Cvprv%2Csvpuc%2Cmime%2Crqh%2Cgir%2Cclen%2Cdur%2Clmt&sig=AE0s2JYwRgIhAO5b_NnpiD3xAJ_guTLyhK8LSQUye8qNCqA9nxl3aMXKAiEA68aNBm12mnb_3GT7UKZcLCJTcb3jkUpfziDR5pvMQMg%3D&lsparams=cps%2Cmet%2Cmh%2Cmm%2Cmn%2Cms%2Cmv%2Cmvi%2Cpl%2Crms%2Cinitcwndbps&lsig=APaTxxMwRQIgEwBYbyT8_LonofSg-v0oQHEChpJBuAJ4T_CPLBsXbs0CIQDBQUThebi6eeN-KMBBne9QKi_N__NBlmwg0eZSsizA8w%3D%3D', '-frames:v', '1', '-q:v', '2', '/Users/lorenzo/Documents/GitHub/loackyPKM/99 - Meta/Clipboard/HXFmhEYcnTw_5_the_company_s_o.jpg']' returned non-zero exit status 8.
Frame extraction failed at timestamp 438: Command '['ffmpeg', '-y', '-ss', '0:07:18', '-i', 'https://rr5---sn-hpa7znsz.googlevideo.com/videoplayback?expire=1787688829&ei=HaONauJzqPHp2w-oqOD4CQ&ip=187.14.83.140&id=o-AI503vKorIhMYZeaqIoqODTOdWMTETjWaIwEMbgPovh1&itag=398&source=youtube&requiressl=yes&xpc=EgVo2aDSNQ%3D%3D&cps=463&met=1787667229%2C&mh=W1&mm=31%2C26&mn=sn-hpa7znsz%2Csn-oj5hn5-5t&ms=au%2Conr&mv=m&mvi=5&pl=24&rms=au%2Cau&initcwndbps=2081250&bui=AR3QkAnLAALDdSq24YlgUR-WYNpiboKNds8CPJQ_0YEG9fQEkJTYb8ZH-hrGiUWxafDS5NY3uiYynprW&spc=KBGBckcALVyHKiV8wKBJ_tXKtfAeGMYFcX5WIdlNLA&vprv=1&svpuc=1&mime=video%2Fmp4&rqh=1&gir=yes&clen=65851705&dur=1257.880&lmt=1781736320659593&mt=1787666720&fvip=4&keepalive=yes&fexp=51565115%2C52135440&c=ANDROID_VR&txp=4532534&sparams=expire%2Cei%2Cip%2Cid%2Citag%2Csource%2Crequiressl%2Cxpc%2Cbui%2Cspc%2Cvprv%2Csvpuc%2Cmime%2Crqh%2Cgir%2Cclen%2Cdur%2Clmt&sig=AE0s2JYwRgIhAO5b_NnpiD3xAJ_guTLyhK8LSQUye8qNCqA9nxl3aMXKAiEA68aNBm12mnb_3GT7UKZcLCJTcb3jkUpfziDR5pvMQMg%3D&lsparams=cps%2Cmet%2Cmh%2Cmm%2Cmn%2Cms%2Cmv%2Cmvi%2Cpl%2Crms%2Cinitcwndbps&lsig=APaTxxMwRQIgEwBYbyT8_LonofSg-v0oQHEChpJBuAJ4T_CPLBsXbs0CIQDBQUThebi6eeN-KMBBne9QKi_N__NBlmwg0eZSsizA8w%3D%3D', '-frames:v', '1', '-q:v', '2', '/Users/lorenzo/Documents/GitHub/loackyPKM/99 - Meta/Clipboard/HXFmhEYcnTw_6_revenue.jpg']' returned non-zero exit status 8.
Frame extraction failed at timestamp 470: Command '['ffmpeg', '-y', '-ss', '0:07:50', '-i', 'https://rr5---sn-hpa7znsz.googlevideo.com/videoplayback?expire=1787688829&ei=HaONauJzqPHp2w-oqOD4CQ&ip=187.14.83.140&id=o-AI503vKorIhMYZeaqIoqODTOdWMTETjWaIwEMbgPovh1&itag=398&source=youtube&requiressl=yes&xpc=EgVo2aDSNQ%3D%3D&cps=463&met=1787667229%2C&mh=W1&mm=31%2C26&mn=sn-hpa7znsz%2Csn-oj5hn5-5t&ms=au%2Conr&mv=m&mvi=5&pl=24&rms=au%2Cau&initcwndbps=2081250&bui=AR3QkAnLAALDdSq24YlgUR-WYNpiboKNds8CPJQ_0YEG9fQEkJTYb8ZH-hrGiUWxafDS5NY3uiYynprW&spc=KBGBckcALVyHKiV8wKBJ_tXKtfAeGMYFcX5WIdlNLA&vprv=1&svpuc=1&mime=video%2Fmp4&rqh=1&gir=yes&clen=65851705&dur=1257.880&lmt=1781736320659593&mt=1787666720&fvip=4&keepalive=yes&fexp=51565115%2C52135440&c=ANDROID_VR&txp=4532534&sparams=expire%2Cei%2Cip%2Cid%2Citag%2Csource%2Crequiressl%2Cxpc%2Cbui%2Cspc%2Cvprv%2Csvpuc%2Cmime%2Crqh%2Cgir%2Cclen%2Cdur%2Clmt&sig=AE0s2JYwRgIhAO5b_NnpiD3xAJ_guTLyhK8LSQUye8qNCqA9nxl3aMXKAiEA68aNBm12mnb_3GT7UKZcLCJTcb3jkUpfziDR5pvMQMg%3D&lsparams=cps%2Cmet%2Cmh%2Cmm%2Cmn%2Cms%2Cmv%2Cmvi%2Cpl%2Crms%2Cinitcwndbps&lsig=APaTxxMwRQIgEwBYbyT8_LonofSg-v0oQHEChpJBuAJ4T_CPLBsXbs0CIQDBQUThebi6eeN-KMBBne9QKi_N__NBlmwg0eZSsizA8w%3D%3D', '-frames:v', '1', '-q:v', '2', '/Users/lorenzo/Documents/GitHub/loackyPKM/99 - Meta/Clipboard/HXFmhEYcnTw_7_who_are_palanti.jpg']' returned non-zero exit status 8.
Frame extraction failed at timestamp 534: Command '['ffmpeg', '-y', '-ss', '0:08:54', '-i', 'https://rr5---sn-hpa7znsz.googlevideo.com/videoplayback?expire=1787688829&ei=HaONauJzqPHp2w-oqOD4CQ&ip=187.14.83.140&id=o-AI503vKorIhMYZeaqIoqODTOdWMTETjWaIwEMbgPovh1&itag=398&source=youtube&requiressl=yes&xpc=EgVo2aDSNQ%3D%3D&cps=463&met=1787667229%2C&mh=W1&mm=31%2C26&mn=sn-hpa7znsz%2Csn-oj5hn5-5t&ms=au%2Conr&mv=m&mvi=5&pl=24&rms=au%2Cau&initcwndbps=2081250&bui=AR3QkAnLAALDdSq24YlgUR-WYNpiboKNds8CPJQ_0YEG9fQEkJTYb8ZH-hrGiUWxafDS5NY3uiYynprW&spc=KBGBckcALVyHKiV8wKBJ_tXKtfAeGMYFcX5WIdlNLA&vprv=1&svpuc=1&mime=video%2Fmp4&rqh=1&gir=yes&clen=65851705&dur=1257.880&lmt=1781736320659593&mt=1787666720&fvip=4&keepalive=yes&fexp=51565115%2C52135440&c=ANDROID_VR&txp=4532534&sparams=expire%2Cei%2Cip%2Cid%2Citag%2Csource%2Crequiressl%2Cxpc%2Cbui%2Cspc%2Cvprv%2Csvpuc%2Cmime%2Crqh%2Cgir%2Cclen%2Cdur%2Clmt&sig=AE0s2JYwRgIhAO5b_NnpiD3xAJ_guTLyhK8LSQUye8qNCqA9nxl3aMXKAiEA68aNBm12mnb_3GT7UKZcLCJTcb3jkUpfziDR5pvMQMg%3D&lsparams=cps%2Cmet%2Cmh%2Cmm%2Cmn%2Cms%2Cmv%2Cmvi%2Cpl%2Crms%2Cinitcwndbps&lsig=APaTxxMwRQIgEwBYbyT8_LonofSg-v0oQHEChpJBuAJ4T_CPLBsXbs0CIQDBQUThebi6eeN-KMBBne9QKi_N__NBlmwg0eZSsizA8w%3D%3D', '-frames:v', '1', '-q:v', '2', '/Users/lorenzo/Documents/GitHub/loackyPKM/99 - Meta/Clipboard/HXFmhEYcnTw_8_the_affected_co.jpg']' returned non-zero exit status 8.
Frame extraction failed at timestamp 602: Command '['ffmpeg', '-y', '-ss', '0:10:02', '-i', 'https://rr5---sn-hpa7znsz.googlevideo.com/videoplayback?expire=1787688829&ei=HaONauJzqPHp2w-oqOD4CQ&ip=187.14.83.140&id=o-AI503vKorIhMYZeaqIoqODTOdWMTETjWaIwEMbgPovh1&itag=398&source=youtube&requiressl=yes&xpc=EgVo2aDSNQ%3D%3D&cps=463&met=1787667229%2C&mh=W1&mm=31%2C26&mn=sn-hpa7znsz%2Csn-oj5hn5-5t&ms=au%2Conr&mv=m&mvi=5&pl=24&rms=au%2Cau&initcwndbps=2081250&bui=AR3QkAnLAALDdSq24YlgUR-WYNpiboKNds8CPJQ_0YEG9fQEkJTYb8ZH-hrGiUWxafDS5NY3uiYynprW&spc=KBGBckcALVyHKiV8wKBJ_tXKtfAeGMYFcX5WIdlNLA&vprv=1&svpuc=1&mime=video%2Fmp4&rqh=1&gir=yes&clen=65851705&dur=1257.880&lmt=1781736320659593&mt=1787666720&fvip=4&keepalive=yes&fexp=51565115%2C52135440&c=ANDROID_VR&txp=4532534&sparams=expire%2Cei%2Cip%2Cid%2Citag%2Csource%2Crequiressl%2Cxpc%2Cbui%2Cspc%2Cvprv%2Csvpuc%2Cmime%2Crqh%2Cgir%2Cclen%2Cdur%2Clmt&sig=AE0s2JYwRgIhAO5b_NnpiD3xAJ_guTLyhK8LSQUye8qNCqA9nxl3aMXKAiEA68aNBm12mnb_3GT7UKZcLCJTcb3jkUpfziDR5pvMQMg%3D&lsparams=cps%2Cmet%2Cmh%2Cmm%2Cmn%2Cms%2Cmv%2Cmvi%2Cpl%2Crms%2Cinitcwndbps&lsig=APaTxxMwRQIgEwBYbyT8_LonofSg-v0oQHEChpJBuAJ4T_CPLBsXbs0CIQDBQUThebi6eeN-KMBBne9QKi_N__NBlmwg0eZSsizA8w%3D%3D', '-frames:v', '1', '-q:v', '2', '/Users/lorenzo/Documents/GitHub/loackyPKM/99 - Meta/Clipboard/HXFmhEYcnTw_9_the_criticisms.jpg']' returned non-zero exit status 8.
Frame extraction failed at timestamp 726: Command '['ffmpeg', '-y', '-ss', '0:12:06', '-i', 'https://rr5---sn-hpa7znsz.googlevideo.com/videoplayback?expire=1787688829&ei=HaONauJzqPHp2w-oqOD4CQ&ip=187.14.83.140&id=o-AI503vKorIhMYZeaqIoqODTOdWMTETjWaIwEMbgPovh1&itag=398&source=youtube&requiressl=yes&xpc=EgVo2aDSNQ%3D%3D&cps=463&met=1787667229%2C&mh=W1&mm=31%2C26&mn=sn-hpa7znsz%2Csn-oj5hn5-5t&ms=au%2Conr&mv=m&mvi=5&pl=24&rms=au%2Cau&initcwndbps=2081250&bui=AR3QkAnLAALDdSq24YlgUR-WYNpiboKNds8CPJQ_0YEG9fQEkJTYb8ZH-hrGiUWxafDS5NY3uiYynprW&spc=KBGBckcALVyHKiV8wKBJ_tXKtfAeGMYFcX5WIdlNLA&vprv=1&svpuc=1&mime=video%2Fmp4&rqh=1&gir=yes&clen=65851705&dur=1257.880&lmt=1781736320659593&mt=1787666720&fvip=4&keepalive=yes&fexp=51565115%2C52135440&c=ANDROID_VR&txp=4532534&sparams=expire%2Cei%2Cip%2Cid%2Citag%2Csource%2Crequiressl%2Cxpc%2Cbui%2Cspc%2Cvprv%2Csvpuc%2Cmime%2Crqh%2Cgir%2Cclen%2Cdur%2Clmt&sig=AE0s2JYwRgIhAO5b_NnpiD3xAJ_guTLyhK8LSQUye8qNCqA9nxl3aMXKAiEA68aNBm12mnb_3GT7UKZcLCJTcb3jkUpfziDR5pvMQMg%3D&lsparams=cps%2Cmet%2Cmh%2Cmm%2Cmn%2Cms%2Cmv%2Cmvi%2Cpl%2Crms%2Cinitcwndbps&lsig=APaTxxMwRQIgEwBYbyT8_LonofSg-v0oQHEChpJBuAJ4T_CPLBsXbs0CIQDBQUThebi6eeN-KMBBne9QKi_N__NBlmwg0eZSsizA8w%3D%3D', '-frames:v', '1', '-q:v', '2', '/Users/lorenzo/Documents/GitHub/loackyPKM/99 - Meta/Clipboard/HXFmhEYcnTw_10_when_data_analy.jpg']' returned non-zero exit status 8.
Frame extraction failed at timestamp 819: Command '['ffmpeg', '-y', '-ss', '0:13:39', '-i', 'https://rr5---sn-hpa7znsz.googlevideo.com/videoplayback?expire=1787688829&ei=HaONauJzqPHp2w-oqOD4CQ&ip=187.14.83.140&id=o-AI503vKorIhMYZeaqIoqODTOdWMTETjWaIwEMbgPovh1&itag=398&source=youtube&requiressl=yes&xpc=EgVo2aDSNQ%3D%3D&cps=463&met=1787667229%2C&mh=W1&mm=31%2C26&mn=sn-hpa7znsz%2Csn-oj5hn5-5t&ms=au%2Conr&mv=m&mvi=5&pl=24&rms=au%2Cau&initcwndbps=2081250&bui=AR3QkAnLAALDdSq24YlgUR-WYNpiboKNds8CPJQ_0YEG9fQEkJTYb8ZH-hrGiUWxafDS5NY3uiYynprW&spc=KBGBckcALVyHKiV8wKBJ_tXKtfAeGMYFcX5WIdlNLA&vprv=1&svpuc=1&mime=video%2Fmp4&rqh=1&gir=yes&clen=65851705&dur=1257.880&lmt=1781736320659593&mt=1787666720&fvip=4&keepalive=yes&fexp=51565115%2C52135440&c=ANDROID_VR&txp=4532534&sparams=expire%2Cei%2Cip%2Cid%2Citag%2Csource%2Crequiressl%2Cxpc%2Cbui%2Cspc%2Cvprv%2Csvpuc%2Cmime%2Crqh%2Cgir%2Cclen%2Cdur%2Clmt&sig=AE0s2JYwRgIhAO5b_NnpiD3xAJ_guTLyhK8LSQUye8qNCqA9nxl3aMXKAiEA68aNBm12mnb_3GT7UKZcLCJTcb3jkUpfziDR5pvMQMg%3D&lsparams=cps%2Cmet%2Cmh%2Cmm%2Cmn%2Cms%2Cmv%2Cmvi%2Cpl%2Crms%2Cinitcwndbps&lsig=APaTxxMwRQIgEwBYbyT8_LonofSg-v0oQHEChpJBuAJ4T_CPLBsXbs0CIQDBQUThebi6eeN-KMBBne9QKi_N__NBlmwg0eZSsizA8w%3D%3D', '-frames:v', '1', '-q:v', '2', '/Users/lorenzo/Documents/GitHub/loackyPKM/99 - Meta/Clipboard/HXFmhEYcnTw_11_the_risks__algo.jpg']' returned non-zero exit status 8.
Frame extraction failed at timestamp 964: Command '['ffmpeg', '-y', '-ss', '0:16:04', '-i', 'https://rr5---sn-hpa7znsz.googlevideo.com/videoplayback?expire=1787688829&ei=HaONauJzqPHp2w-oqOD4CQ&ip=187.14.83.140&id=o-AI503vKorIhMYZeaqIoqODTOdWMTETjWaIwEMbgPovh1&itag=398&source=youtube&requiressl=yes&xpc=EgVo2aDSNQ%3D%3D&cps=463&met=1787667229%2C&mh=W1&mm=31%2C26&mn=sn-hpa7znsz%2Csn-oj5hn5-5t&ms=au%2Conr&mv=m&mvi=5&pl=24&rms=au%2Cau&initcwndbps=2081250&bui=AR3QkAnLAALDdSq24YlgUR-WYNpiboKNds8CPJQ_0YEG9fQEkJTYb8ZH-hrGiUWxafDS5NY3uiYynprW&spc=KBGBckcALVyHKiV8wKBJ_tXKtfAeGMYFcX5WIdlNLA&vprv=1&svpuc=1&mime=video%2Fmp4&rqh=1&gir=yes&clen=65851705&dur=1257.880&lmt=1781736320659593&mt=1787666720&fvip=4&keepalive=yes&fexp=51565115%2C52135440&c=ANDROID_VR&txp=4532534&sparams=expire%2Cei%2Cip%2Cid%2Citag%2Csource%2Crequiressl%2Cxpc%2Cbui%2Cspc%2Cvprv%2Csvpuc%2Cmime%2Crqh%2Cgir%2Cclen%2Cdur%2Clmt&sig=AE0s2JYwRgIhAO5b_NnpiD3xAJ_guTLyhK8LSQUye8qNCqA9nxl3aMXKAiEA68aNBm12mnb_3GT7UKZcLCJTcb3jkUpfziDR5pvMQMg%3D&lsparams=cps%2Cmet%2Cmh%2Cmm%2Cmn%2Cms%2Cmv%2Cmvi%2Cpl%2Crms%2Cinitcwndbps&lsig=APaTxxMwRQIgEwBYbyT8_LonofSg-v0oQHEChpJBuAJ4T_CPLBsXbs0CIQDBQUThebi6eeN-KMBBne9QKi_N__NBlmwg0eZSsizA8w%3D%3D', '-frames:v', '1', '-q:v', '2', '/Users/lorenzo/Documents/GitHub/loackyPKM/99 - Meta/Clipboard/HXFmhEYcnTw_12_palantir_s_ideo.jpg']' returned non-zero exit status 8.
Frame extraction failed at timestamp 1121: Command '['ffmpeg', '-y', '-ss', '0:18:41', '-i', 'https://rr5---sn-hpa7znsz.googlevideo.com/videoplayback?expire=1787688829&ei=HaONauJzqPHp2w-oqOD4CQ&ip=187.14.83.140&id=o-AI503vKorIhMYZeaqIoqODTOdWMTETjWaIwEMbgPovh1&itag=398&source=youtube&requiressl=yes&xpc=EgVo2aDSNQ%3D%3D&cps=463&met=1787667229%2C&mh=W1&mm=31%2C26&mn=sn-hpa7znsz%2Csn-oj5hn5-5t&ms=au%2Conr&mv=m&mvi=5&pl=24&rms=au%2Cau&initcwndbps=2081250&bui=AR3QkAnLAALDdSq24YlgUR-WYNpiboKNds8CPJQ_0YEG9fQEkJTYb8ZH-hrGiUWxafDS5NY3uiYynprW&spc=KBGBckcALVyHKiV8wKBJ_tXKtfAeGMYFcX5WIdlNLA&vprv=1&svpuc=1&mime=video%2Fmp4&rqh=1&gir=yes&clen=65851705&dur=1257.880&lmt=1781736320659593&mt=1787666720&fvip=4&keepalive=yes&fexp=51565115%2C52135440&c=ANDROID_VR&txp=4532534&sparams=expire%2Cei%2Cip%2Cid%2Citag%2Csource%2Crequiressl%2Cxpc%2Cbui%2Cspc%2Cvprv%2Csvpuc%2Cmime%2Crqh%2Cgir%2Cclen%2Cdur%2Clmt&sig=AE0s2JYwRgIhAO5b_NnpiD3xAJ_guTLyhK8LSQUye8qNCqA9nxl3aMXKAiEA68aNBm12mnb_3GT7UKZcLCJTcb3jkUpfziDR5pvMQMg%3D&lsparams=cps%2Cmet%2Cmh%2Cmm%2Cmn%2Cms%2Cmv%2Cmvi%2Cpl%2Crms%2Cinitcwndbps&lsig=APaTxxMwRQIgEwBYbyT8_LonofSg-v0oQHEChpJBuAJ4T_CPLBsXbs0CIQDBQUThebi6eeN-KMBBne9QKi_N__NBlmwg0eZSsizA8w%3D%3D', '-frames:v', '1', '-q:v', '2', '/Users/lorenzo/Documents/GitHub/loackyPKM/99 - Meta/Clipboard/HXFmhEYcnTw_13_the_mission_to_.jpg']' returned non-zero exit status 8.
[RAW INTAKE] Processed YouTube raw note Raw Note 2026-08-25 16-13.md -> draft
Processed 1 raw notes in Inbox.
2026-08-25 16:28:25 - Watcher daemon stopped.
2026-08-25 16:28:26 - Obsidian running with pending reviews. Opening Review Dashboard...
2026-08-25 16:28:26 - Obsidian running with pending reviews. Opening Review Dashboard...
2026-08-25 16:28:30 - Starting Second Brain Watcher daemon on /Users/lorenzo/Documents/GitHub/loackyPKM (PID 8646)
2026-08-25 16:28:31 - Obsidian running with pending reviews. Opening Review Dashboard...
2026-08-25 16:30:13 - Dashboard review activity detected. Invoking brain_ingest.py...
2026-08-25 16:30:13 - Dashboard review activity detected. Invoking brain_ingest.py...
Traceback (most recent call last):
  File "/Users/lorenzo/Documents/GitHub/loackyPKM/99 - Meta/Scripts/brain_ingest.py", line 29, in <module>
    import brain_health
  File "/Users/lorenzo/Documents/GitHub/loackyPKM/99 - Meta/Scripts/brain_health.py", line 20, in <module>
    import ruamel.yaml
ModuleNotFoundError: No module named 'ruamel'
[REJECTED] Discarded staging draft Palantir: Cosa Fa l'Azienda Che Aiuta i Governi e Perché È Preoccupante
Processed 1 review dashboard actions.
2026-08-25 16:31:03 - Raw inbox note ready for processing detected. Invoking scan-inbox...
Frame extraction failed at timestamp 10.0: Command '['ffmpeg', '-y', '-ss', '0:00:10', '-i', 'https://rr3---sn-2ohpa5-5h.googlevideo.com/videoplayback?expire=1787689865&ei=KKeNarngPIOKvdIP0feoiQQ&ip=187.14.83.140&id=o-ABgVdfBTRDonP9UBIfGcDklX7NsFRtuSrasqVC6oLGGR&itag=398&source=youtube&requiressl=yes&xpc=EgVo2aDSNQ%3D%3D&cps=268&met=1787668265%2C&mh=qy&mm=31%2C26&mn=sn-2ohpa5-5h%2Csn-5hnednss&ms=au%2Conr&mv=m&mvi=3&pl=24&rms=au%2Cau&initcwndbps=2100000&bui=AR3QkAlCdxYGTaBCeypIdADO3zg8GcpzeHAN5j1wpIvdSwkdEHeXO1us_NIqb1IrO0Lwt0M_lGUBWRHK&spc=KBGBcj5c-gifcSGLSjrRFReqZul1FOpkCRHGRCQdIQ&vprv=1&svpuc=1&mime=video%2Fmp4&rqh=1&gir=yes&clen=28817466&dur=794.133&lmt=1785200479585725&mt=1787667921&fvip=3&keepalive=yes&fexp=51565115%2C52135441&c=ANDROID_VR&txp=5532534&sparams=expire%2Cei%2Cip%2Cid%2Citag%2Csource%2Crequiressl%2Cxpc%2Cbui%2Cspc%2Cvprv%2Csvpuc%2Cmime%2Crqh%2Cgir%2Cclen%2Cdur%2Clmt&sig=AE0s2JYwRQIhAPtAjhepbfSmevNdOYllv6uPzaT1ClxJQE1GfOp4MEB-AiBtvcT-VLl6p_iP6Jd0323Jobd8uWy4OknPj9XoXSFZqA%3D%3D&lsparams=cps%2Cmet%2Cmh%2Cmm%2Cmn%2Cms%2Cmv%2Cmvi%2Cpl%2Crms%2Cinitcwndbps&lsig=APaTxxMwRAIgTK2rpy9UUr2GcYeF026pMFyoRvW06Iq8umwxEZ9LnhoCIF-l6r6c0IhcYjcGLXZdB0Jjt81MKwhcKHSpMXtvaGfp', '-frames:v', '1', '-q:v', '2', '/Users/lorenzo/Documents/GitHub/loackyPKM/99 - Meta/Clipboard/vi0BYzyWnFg_0_parte_1.jpg']' returned non-zero exit status 8.
Frame extraction failed at timestamp 208.5: Command '['ffmpeg', '-y', '-ss', '0:03:28', '-i', 'https://rr3---sn-2ohpa5-5h.googlevideo.com/videoplayback?expire=1787689865&ei=KKeNarngPIOKvdIP0feoiQQ&ip=187.14.83.140&id=o-ABgVdfBTRDonP9UBIfGcDklX7NsFRtuSrasqVC6oLGGR&itag=398&source=youtube&requiressl=yes&xpc=EgVo2aDSNQ%3D%3D&cps=268&met=1787668265%2C&mh=qy&mm=31%2C26&mn=sn-2ohpa5-5h%2Csn-5hnednss&ms=au%2Conr&mv=m&mvi=3&pl=24&rms=au%2Cau&initcwndbps=2100000&bui=AR3QkAlCdxYGTaBCeypIdADO3zg8GcpzeHAN5j1wpIvdSwkdEHeXO1us_NIqb1IrO0Lwt0M_lGUBWRHK&spc=KBGBcj5c-gifcSGLSjrRFReqZul1FOpkCRHGRCQdIQ&vprv=1&svpuc=1&mime=video%2Fmp4&rqh=1&gir=yes&clen=28817466&dur=794.133&lmt=1785200479585725&mt=1787667921&fvip=3&keepalive=yes&fexp=51565115%2C52135441&c=ANDROID_VR&txp=5532534&sparams=expire%2Cei%2Cip%2Cid%2Citag%2Csource%2Crequiressl%2Cxpc%2Cbui%2Cspc%2Cvprv%2Csvpuc%2Cmime%2Crqh%2Cgir%2Cclen%2Cdur%2Clmt&sig=AE0s2JYwRQIhAPtAjhepbfSmevNdOYllv6uPzaT1ClxJQE1GfOp4MEB-AiBtvcT-VLl6p_iP6Jd0323Jobd8uWy4OknPj9XoXSFZqA%3D%3D&lsparams=cps%2Cmet%2Cmh%2Cmm%2Cmn%2Cms%2Cmv%2Cmvi%2Cpl%2Crms%2Cinitcwndbps&lsig=APaTxxMwRAIgTK2rpy9UUr2GcYeF026pMFyoRvW06Iq8umwxEZ9LnhoCIF-l6r6c0IhcYjcGLXZdB0Jjt81MKwhcKHSpMXtvaGfp', '-frames:v', '1', '-q:v', '2', '/Users/lorenzo/Documents/GitHub/loackyPKM/99 - Meta/Clipboard/vi0BYzyWnFg_1_parte_2.jpg']' returned non-zero exit status 8.
Frame extraction failed at timestamp 407.0: Command '['ffmpeg', '-y', '-ss', '0:06:47', '-i', 'https://rr3---sn-2ohpa5-5h.googlevideo.com/videoplayback?expire=1787689865&ei=KKeNarngPIOKvdIP0feoiQQ&ip=187.14.83.140&id=o-ABgVdfBTRDonP9UBIfGcDklX7NsFRtuSrasqVC6oLGGR&itag=398&source=youtube&requiressl=yes&xpc=EgVo2aDSNQ%3D%3D&cps=268&met=1787668265%2C&mh=qy&mm=31%2C26&mn=sn-2ohpa5-5h%2Csn-5hnednss&ms=au%2Conr&mv=m&mvi=3&pl=24&rms=au%2Cau&initcwndbps=2100000&bui=AR3QkAlCdxYGTaBCeypIdADO3zg8GcpzeHAN5j1wpIvdSwkdEHeXO1us_NIqb1IrO0Lwt0M_lGUBWRHK&spc=KBGBcj5c-gifcSGLSjrRFReqZul1FOpkCRHGRCQdIQ&vprv=1&svpuc=1&mime=video%2Fmp4&rqh=1&gir=yes&clen=28817466&dur=794.133&lmt=1785200479585725&mt=1787667921&fvip=3&keepalive=yes&fexp=51565115%2C52135441&c=ANDROID_VR&txp=5532534&sparams=expire%2Cei%2Cip%2Cid%2Citag%2Csource%2Crequiressl%2Cxpc%2Cbui%2Cspc%2Cvprv%2Csvpuc%2Cmime%2Crqh%2Cgir%2Cclen%2Cdur%2Clmt&sig=AE0s2JYwRQIhAPtAjhepbfSmevNdOYllv6uPzaT1ClxJQE1GfOp4MEB-AiBtvcT-VLl6p_iP6Jd0323Jobd8uWy4OknPj9XoXSFZqA%3D%3D&lsparams=cps%2Cmet%2Cmh%2Cmm%2Cmn%2Cms%2Cmv%2Cmvi%2Cpl%2Crms%2Cinitcwndbps&lsig=APaTxxMwRAIgTK2rpy9UUr2GcYeF026pMFyoRvW06Iq8umwxEZ9LnhoCIF-l6r6c0IhcYjcGLXZdB0Jjt81MKwhcKHSpMXtvaGfp', '-frames:v', '1', '-q:v', '2', '/Users/lorenzo/Documents/GitHub/loackyPKM/99 - Meta/Clipboard/vi0BYzyWnFg_2_parte_3.jpg']' returned non-zero exit status 8.
Frame extraction failed at timestamp 605.5: Command '['ffmpeg', '-y', '-ss', '0:10:05', '-i', 'https://rr3---sn-2ohpa5-5h.googlevideo.com/videoplayback?expire=1787689865&ei=KKeNarngPIOKvdIP0feoiQQ&ip=187.14.83.140&id=o-ABgVdfBTRDonP9UBIfGcDklX7NsFRtuSrasqVC6oLGGR&itag=398&source=youtube&requiressl=yes&xpc=EgVo2aDSNQ%3D%3D&cps=268&met=1787668265%2C&mh=qy&mm=31%2C26&mn=sn-2ohpa5-5h%2Csn-5hnednss&ms=au%2Conr&mv=m&mvi=3&pl=24&rms=au%2Cau&initcwndbps=2100000&bui=AR3QkAlCdxYGTaBCeypIdADO3zg8GcpzeHAN5j1wpIvdSwkdEHeXO1us_NIqb1IrO0Lwt0M_lGUBWRHK&spc=KBGBcj5c-gifcSGLSjrRFReqZul1FOpkCRHGRCQdIQ&vprv=1&svpuc=1&mime=video%2Fmp4&rqh=1&gir=yes&clen=28817466&dur=794.133&lmt=1785200479585725&mt=1787667921&fvip=3&keepalive=yes&fexp=51565115%2C52135441&c=ANDROID_VR&txp=5532534&sparams=expire%2Cei%2Cip%2Cid%2Citag%2Csource%2Crequiressl%2Cxpc%2Cbui%2Cspc%2Cvprv%2Csvpuc%2Cmime%2Crqh%2Cgir%2Cclen%2Cdur%2Clmt&sig=AE0s2JYwRQIhAPtAjhepbfSmevNdOYllv6uPzaT1ClxJQE1GfOp4MEB-AiBtvcT-VLl6p_iP6Jd0323Jobd8uWy4OknPj9XoXSFZqA%3D%3D&lsparams=cps%2Cmet%2Cmh%2Cmm%2Cmn%2Cms%2Cmv%2Cmvi%2Cpl%2Crms%2Cinitcwndbps&lsig=APaTxxMwRAIgTK2rpy9UUr2GcYeF026pMFyoRvW06Iq8umwxEZ9LnhoCIF-l6r6c0IhcYjcGLXZdB0Jjt81MKwhcKHSpMXtvaGfp', '-frames:v', '1', '-q:v', '2', '/Users/lorenzo/Documents/GitHub/loackyPKM/99 - Meta/Clipboard/vi0BYzyWnFg_3_parte_4.jpg']' returned non-zero exit status 8.
[RAW INTAKE] Processed raw note Raw Note 2026-08-25 16-30.md -> proposed-Raw Note 2026-08-25 16-30.md (raw-Raw Note 2026-08-25 16-30.md)
Processed 1 raw notes in Inbox.
2026-08-25 16:32:25 - Obsidian running with pending reviews. Opening Review Dashboard...
2026-08-25 16:32:30 - Raw inbox note ready for processing detected. Invoking scan-inbox...
Processed 0 raw notes in Inbox.
2026-08-25 16:32:35 - Raw inbox note ready for processing detected. Invoking scan-inbox...
Processed 0 raw notes in Inbox.
2026-08-25 16:32:41 - Raw inbox note ready for processing detected. Invoking scan-inbox...
Processed 0 raw notes in Inbox.
2026-08-25 16:32:46 - Raw inbox note ready for processing detected. Invoking scan-inbox...
Processed 0 raw notes in Inbox.
2026-08-25 16:32:51 - Raw inbox note ready for processing detected. Invoking scan-inbox...
Processed 0 raw notes in Inbox.
2026-08-25 16:32:57 - Raw inbox note ready for processing detected. Invoking scan-inbox...
Processed 0 raw notes in Inbox.
2026-08-25 16:33:02 - Raw inbox note ready for processing detected. Invoking scan-inbox...
Processed 0 raw notes in Inbox.
2026-08-25 16:33:07 - Raw inbox note ready for processing detected. Invoking scan-inbox...
Processed 0 raw notes in Inbox.
2026-08-25 16:33:13 - Raw inbox note ready for processing detected. Invoking scan-inbox...
Processed 0 raw notes in Inbox.
2026-08-25 16:33:18 - Raw inbox note ready for processing detected. Invoking scan-inbox...
Processed 0 raw notes in Inbox.
2026-08-25 16:33:23 - Raw inbox note ready for processing detected. Invoking scan-inbox...
Processed 0 raw notes in Inbox.
2026-08-25 16:33:28 - Raw inbox note ready for processing detected. Invoking scan-inbox...
Processed 0 raw notes in Inbox.
2026-08-25 16:33:34 - Raw inbox note ready for processing detected. Invoking scan-inbox...
Processed 0 raw notes in Inbox.
2026-08-25 16:33:39 - Raw inbox note ready for processing detected. Invoking scan-inbox...
Processed 0 raw notes in Inbox.
2026-08-25 16:33:44 - Raw inbox note ready for processing detected. Invoking scan-inbox...
Processed 0 raw notes in Inbox.
2026-08-25 16:33:50 - Raw inbox note ready for processing detected. Invoking scan-inbox...
Processed 0 raw notes in Inbox.
2026-08-25 16:33:55 - Raw inbox note ready for processing detected. Invoking scan-inbox...
Processed 0 raw notes in Inbox.
2026-08-25 16:34:00 - Raw inbox note ready for processing detected. Invoking scan-inbox...
Processed 0 raw notes in Inbox.
2026-08-25 16:34:06 - Raw inbox note ready for processing detected. Invoking scan-inbox...
Processed 0 raw notes in Inbox.
2026-08-25 16:34:11 - Raw inbox note ready for processing detected. Invoking scan-inbox...
Processed 0 raw notes in Inbox.
2026-08-25 16:34:16 - Raw inbox note ready for processing detected. Invoking scan-inbox...
Processed 0 raw notes in Inbox.
2026-08-25 16:34:22 - Raw inbox note ready for processing detected. Invoking scan-inbox...
Processed 0 raw notes in Inbox.
2026-08-25 16:34:27 - Raw inbox note ready for processing detected. Invoking scan-inbox...
Processed 0 raw notes in Inbox.
2026-08-25 16:34:32 - Raw inbox note ready for processing detected. Invoking scan-inbox...
Processed 0 raw notes in Inbox.
2026-08-25 16:34:37 - Raw inbox note ready for processing detected. Invoking scan-inbox...
Processed 0 raw notes in Inbox.
2026-08-25 16:34:43 - Raw inbox note ready for processing detected. Invoking scan-inbox...
Processed 0 raw notes in Inbox.
2026-08-25 16:34:48 - Raw inbox note ready for processing detected. Invoking scan-inbox...
Processed 0 raw notes in Inbox.
2026-08-25 16:34:53 - Raw inbox note ready for processing detected. Invoking scan-inbox...
Processed 0 raw notes in Inbox.
2026-08-25 16:34:59 - Raw inbox note ready for processing detected. Invoking scan-inbox...
Processed 0 raw notes in Inbox.
2026-08-25 16:35:04 - Raw inbox note ready for processing detected. Invoking scan-inbox...
Processed 0 raw notes in Inbox.
2026-08-25 16:35:09 - Raw inbox note ready for processing detected. Invoking scan-inbox...
Processed 0 raw notes in Inbox.
2026-08-25 16:35:15 - Raw inbox note ready for processing detected. Invoking scan-inbox...
Processed 0 raw notes in Inbox.
2026-08-25 16:35:20 - Raw inbox note ready for processing detected. Invoking scan-inbox...
Processed 0 raw notes in Inbox.
2026-08-25 16:35:25 - Raw inbox note ready for processing detected. Invoking scan-inbox...
Processed 0 raw notes in Inbox.
2026-08-25 16:35:31 - Raw inbox note ready for processing detected. Invoking scan-inbox...
Processed 0 raw notes in Inbox.
2026-08-25 16:35:36 - Raw inbox note ready for processing detected. Invoking scan-inbox...
Processed 0 raw notes in Inbox.
2026-08-25 16:35:41 - Raw inbox note ready for processing detected. Invoking scan-inbox...
Processed 0 raw notes in Inbox.
2026-08-25 16:35:46 - Raw inbox note ready for processing detected. Invoking scan-inbox...
Processed 0 raw notes in Inbox.
2026-08-25 16:35:52 - Raw inbox note ready for processing detected. Invoking scan-inbox...
Processed 0 raw notes in Inbox.
2026-08-25 16:35:57 - Raw inbox note ready for processing detected. Invoking scan-inbox...
Processed 0 raw notes in Inbox.
2026-08-25 16:36:02 - Raw inbox note ready for processing detected. Invoking scan-inbox...
Processed 0 raw notes in Inbox.
2026-08-25 16:36:08 - Raw inbox note ready for processing detected. Invoking scan-inbox...
Processed 0 raw notes in Inbox.
2026-08-25 16:36:13 - Raw inbox note ready for processing detected. Invoking scan-inbox...
Processed 0 raw notes in Inbox.
2026-08-25 16:36:18 - Raw inbox note ready for processing detected. Invoking scan-inbox...
Processed 0 raw notes in Inbox.
2026-08-25 16:36:23 - Raw inbox note ready for processing detected. Invoking scan-inbox...
Processed 0 raw notes in Inbox.
2026-08-25 16:36:29 - Raw inbox note ready for processing detected. Invoking scan-inbox...
Processed 0 raw notes in Inbox.
2026-08-25 16:36:34 - Raw inbox note ready for processing detected. Invoking scan-inbox...
Processed 0 raw notes in Inbox.
2026-08-25 16:36:39 - Raw inbox note ready for processing detected. Invoking scan-inbox...
Processed 0 raw notes in Inbox.
2026-08-25 16:36:45 - Raw inbox note ready for processing detected. Invoking scan-inbox...
Processed 0 raw notes in Inbox.
2026-08-25 16:36:50 - Raw inbox note ready for processing detected. Invoking scan-inbox...
Processed 0 raw notes in Inbox.
2026-08-25 16:36:55 - Raw inbox note ready for processing detected. Invoking scan-inbox...
Processed 0 raw notes in Inbox.
2026-08-25 16:37:01 - Raw inbox note ready for processing detected. Invoking scan-inbox...
Processed 0 raw notes in Inbox.
2026-08-25 16:37:06 - Raw inbox note ready for processing detected. Invoking scan-inbox...
Processed 0 raw notes in Inbox.
2026-08-25 16:37:11 - Raw inbox note ready for processing detected. Invoking scan-inbox...
Processed 0 raw notes in Inbox.
2026-08-25 16:37:17 - Raw inbox note ready for processing detected. Invoking scan-inbox...
Processed 0 raw notes in Inbox.
2026-08-25 16:37:22 - Raw inbox note ready for processing detected. Invoking scan-inbox...
Processed 0 raw notes in Inbox.
2026-08-25 16:37:27 - Raw inbox note ready for processing detected. Invoking scan-inbox...
Processed 0 raw notes in Inbox.
2026-08-25 16:37:33 - Raw inbox note ready for processing detected. Invoking scan-inbox...
Processed 0 raw notes in Inbox.
2026-08-25 16:37:38 - Raw inbox note ready for processing detected. Invoking scan-inbox...
Processed 0 raw notes in Inbox.
2026-08-25 16:37:43 - Raw inbox note ready for processing detected. Invoking scan-inbox...
Processed 0 raw notes in Inbox.
2026-08-25 16:37:49 - Raw inbox note ready for processing detected. Invoking scan-inbox...
Processed 0 raw notes in Inbox.
2026-08-25 16:37:54 - Raw inbox note ready for processing detected. Invoking scan-inbox...
Processed 0 raw notes in Inbox.
2026-08-25 16:37:59 - Raw inbox note ready for processing detected. Invoking scan-inbox...
Processed 0 raw notes in Inbox.
2026-08-25 16:38:05 - Raw inbox note ready for processing detected. Invoking scan-inbox...
Processed 0 raw notes in Inbox.
2026-08-25 16:38:10 - Raw inbox note ready for processing detected. Invoking scan-inbox...
Processed 0 raw notes in Inbox.
2026-08-25 16:38:15 - Raw inbox note ready for processing detected. Invoking scan-inbox...
Processed 0 raw notes in Inbox.
2026-08-25 16:38:20 - Raw inbox note ready for processing detected. Invoking scan-inbox...
Processed 0 raw notes in Inbox.
2026-08-25 16:38:26 - Raw inbox note ready for processing detected. Invoking scan-inbox...
Processed 0 raw notes in Inbox.
2026-08-25 16:38:31 - Raw inbox note ready for processing detected. Invoking scan-inbox...
Processed 0 raw notes in Inbox.
2026-08-25 16:38:36 - Raw inbox note ready for processing detected. Invoking scan-inbox...
Processed 0 raw notes in Inbox.
2026-08-25 16:38:42 - Raw inbox note ready for processing detected. Invoking scan-inbox...
Processed 0 raw notes in Inbox.
2026-08-25 16:38:47 - Raw inbox note ready for processing detected. Invoking scan-inbox...
Processed 0 raw notes in Inbox.
2026-08-25 16:38:52 - Raw inbox note ready for processing detected. Invoking scan-inbox...
Processed 0 raw notes in Inbox.
2026-08-25 16:38:58 - Raw inbox note ready for processing detected. Invoking scan-inbox...
Processed 0 raw notes in Inbox.
2026-08-25 16:39:03 - Raw inbox note ready for processing detected. Invoking scan-inbox...
Processed 0 raw notes in Inbox.
2026-08-25 16:39:08 - Raw inbox note ready for processing detected. Invoking scan-inbox...
Processed 0 raw notes in Inbox.
2026-08-25 16:39:14 - Raw inbox note ready for processing detected. Invoking scan-inbox...
Processed 0 raw notes in Inbox.
2026-08-25 16:39:19 - Raw inbox note ready for processing detected. Invoking scan-inbox...
Processed 0 raw notes in Inbox.
2026-08-25 16:39:24 - Raw inbox note ready for processing detected. Invoking scan-inbox...
Processed 0 raw notes in Inbox.
2026-08-25 16:39:29 - Raw inbox note ready for processing detected. Invoking scan-inbox...
Processed 0 raw notes in Inbox.
2026-08-25 16:39:35 - Raw inbox note ready for processing detected. Invoking scan-inbox...
Processed 0 raw notes in Inbox.
2026-08-25 16:39:40 - Raw inbox note ready for processing detected. Invoking scan-inbox...
Processed 0 raw notes in Inbox.
2026-08-25 16:39:45 - Raw inbox note ready for processing detected. Invoking scan-inbox...
Processed 0 raw notes in Inbox.
2026-08-25 16:39:51 - Raw inbox note ready for processing detected. Invoking scan-inbox...
Processed 0 raw notes in Inbox.
2026-08-25 16:39:56 - Raw inbox note ready for processing detected. Invoking scan-inbox...
Processed 0 raw notes in Inbox.
2026-08-25 16:40:01 - Raw inbox note ready for processing detected. Invoking scan-inbox...
Processed 0 raw notes in Inbox.
2026-08-25 16:40:07 - Raw inbox note ready for processing detected. Invoking scan-inbox...
Processed 0 raw notes in Inbox.
2026-08-25 16:40:12 - Raw inbox note ready for processing detected. Invoking scan-inbox...
Processed 0 raw notes in Inbox.
2026-08-25 16:40:17 - Raw inbox note ready for processing detected. Invoking scan-inbox...
Processed 0 raw notes in Inbox.
2026-08-25 16:40:22 - Raw inbox note ready for processing detected. Invoking scan-inbox...
Processed 0 raw notes in Inbox.
2026-08-25 16:40:28 - Raw inbox note ready for processing detected. Invoking scan-inbox...
Processed 0 raw notes in Inbox.
2026-08-25 16:40:33 - Raw inbox note ready for processing detected. Invoking scan-inbox...
Processed 0 raw notes in Inbox.
2026-08-25 16:40:38 - Raw inbox note ready for processing detected. Invoking scan-inbox...
Processed 0 raw notes in Inbox.
2026-08-25 16:40:44 - Raw inbox note ready for processing detected. Invoking scan-inbox...
Processed 0 raw notes in Inbox.
2026-08-25 16:40:49 - Raw inbox note ready for processing detected. Invoking scan-inbox...
Processed 0 raw notes in Inbox.
2026-08-25 16:40:54 - Raw inbox note ready for processing detected. Invoking scan-inbox...
Processed 0 raw notes in Inbox.
2026-08-25 16:40:59 - Raw inbox note ready for processing detected. Invoking scan-inbox...
Processed 0 raw notes in Inbox.
2026-08-25 16:41:05 - Raw inbox note ready for processing detected. Invoking scan-inbox...
Processed 0 raw notes in Inbox.
2026-08-25 16:41:10 - Raw inbox note ready for processing detected. Invoking scan-inbox...
Processed 0 raw notes in Inbox.
2026-08-25 16:41:15 - Raw inbox note ready for processing detected. Invoking scan-inbox...
Processed 0 raw notes in Inbox.
2026-08-25 16:41:21 - Raw inbox note ready for processing detected. Invoking scan-inbox...
Processed 0 raw notes in Inbox.
2026-08-25 16:41:26 - Raw inbox note ready for processing detected. Invoking scan-inbox...
Processed 0 raw notes in Inbox.
2026-08-25 16:41:31 - Raw inbox note ready for processing detected. Invoking scan-inbox...
Processed 0 raw notes in Inbox.
2026-08-25 16:41:36 - Raw inbox note ready for processing detected. Invoking scan-inbox...
Processed 0 raw notes in Inbox.
2026-08-25 16:41:42 - Raw inbox note ready for processing detected. Invoking scan-inbox...
Processed 0 raw notes in Inbox.
2026-08-25 16:41:47 - Raw inbox note ready for processing detected. Invoking scan-inbox...
Processed 0 raw notes in Inbox.
2026-08-25 16:41:52 - Raw inbox note ready for processing detected. Invoking scan-inbox...
Processed 0 raw notes in Inbox.
2026-08-25 16:41:58 - Raw inbox note ready for processing detected. Invoking scan-inbox...
Processed 0 raw notes in Inbox.
2026-08-25 16:42:03 - Raw inbox note ready for processing detected. Invoking scan-inbox...
Processed 0 raw notes in Inbox.
2026-08-25 16:42:08 - Raw inbox note ready for processing detected. Invoking scan-inbox...
Processed 0 raw notes in Inbox.
2026-08-25 16:42:14 - Raw inbox note ready for processing detected. Invoking scan-inbox...
Processed 0 raw notes in Inbox.
2026-08-25 16:42:19 - Raw inbox note ready for processing detected. Invoking scan-inbox...
Processed 0 raw notes in Inbox.
2026-08-25 16:42:24 - Raw inbox note ready for processing detected. Invoking scan-inbox...
Processed 0 raw notes in Inbox.
2026-08-25 16:42:29 - Raw inbox note ready for processing detected. Invoking scan-inbox...
Processed 0 raw notes in Inbox.
2026-08-25 16:42:35 - Raw inbox note ready for processing detected. Invoking scan-inbox...
Processed 0 raw notes in Inbox.
2026-08-25 16:42:40 - Raw inbox note ready for processing detected. Invoking scan-inbox...
Processed 0 raw notes in Inbox.
2026-08-25 16:42:45 - Raw inbox note ready for processing detected. Invoking scan-inbox...
Processed 0 raw notes in Inbox.
2026-08-25 16:42:51 - Raw inbox note ready for processing detected. Invoking scan-inbox...
Processed 0 raw notes in Inbox.
2026-08-25 16:42:56 - Raw inbox note ready for processing detected. Invoking scan-inbox...
Processed 0 raw notes in Inbox.
2026-08-25 16:43:01 - Raw inbox note ready for processing detected. Invoking scan-inbox...
Processed 0 raw notes in Inbox.
2026-08-25 16:43:06 - Raw inbox note ready for processing detected. Invoking scan-inbox...
Processed 0 raw notes in Inbox.
2026-08-25 16:43:12 - Raw inbox note ready for processing detected. Invoking scan-inbox...
Processed 0 raw notes in Inbox.
2026-08-25 16:43:17 - Raw inbox note ready for processing detected. Invoking scan-inbox...
Processed 0 raw notes in Inbox.
2026-08-25 16:43:22 - Raw inbox note ready for processing detected. Invoking scan-inbox...
Processed 0 raw notes in Inbox.
2026-08-25 16:43:28 - Raw inbox note ready for processing detected. Invoking scan-inbox...
Processed 0 raw notes in Inbox.
2026-08-25 16:43:33 - Raw inbox note ready for processing detected. Invoking scan-inbox...
Processed 0 raw notes in Inbox.
2026-08-25 16:43:38 - Raw inbox note ready for processing detected. Invoking scan-inbox...
Processed 0 raw notes in Inbox.
2026-08-25 16:43:44 - Raw inbox note ready for processing detected. Invoking scan-inbox...
Processed 0 raw notes in Inbox.
2026-08-25 16:43:49 - Raw inbox note ready for processing detected. Invoking scan-inbox...
Processed 0 raw notes in Inbox.
2026-08-25 16:43:54 - Raw inbox note ready for processing detected. Invoking scan-inbox...
Processed 0 raw notes in Inbox.
2026-08-25 16:44:00 - Raw inbox note ready for processing detected. Invoking scan-inbox...
Processed 0 raw notes in Inbox.
2026-08-25 16:44:05 - Raw inbox note ready for processing detected. Invoking scan-inbox...
Processed 0 raw notes in Inbox.
2026-08-25 16:44:10 - Raw inbox note ready for processing detected. Invoking scan-inbox...
Processed 0 raw notes in Inbox.
2026-08-25 16:44:15 - Raw inbox note ready for processing detected. Invoking scan-inbox...
Processed 0 raw notes in Inbox.
2026-08-25 16:44:21 - Raw inbox note ready for processing detected. Invoking scan-inbox...
Processed 0 raw notes in Inbox.
2026-08-25 16:44:26 - Raw inbox note ready for processing detected. Invoking scan-inbox...
Processed 0 raw notes in Inbox.
2026-08-25 16:44:31 - Raw inbox note ready for processing detected. Invoking scan-inbox...
Processed 0 raw notes in Inbox.
2026-08-25 16:44:37 - Raw inbox note ready for processing detected. Invoking scan-inbox...
Processed 0 raw notes in Inbox.
2026-08-25 16:44:42 - Raw inbox note ready for processing detected. Invoking scan-inbox...
Processed 0 raw notes in Inbox.
2026-08-25 16:44:47 - Raw inbox note ready for processing detected. Invoking scan-inbox...
Processed 0 raw notes in Inbox.
2026-08-25 16:44:53 - Raw inbox note ready for processing detected. Invoking scan-inbox...
Processed 0 raw notes in Inbox.
2026-08-25 16:44:58 - Raw inbox note ready for processing detected. Invoking scan-inbox...
Processed 0 raw notes in Inbox.
2026-08-25 16:45:03 - Raw inbox note ready for processing detected. Invoking scan-inbox...
Processed 0 raw notes in Inbox.
2026-08-25 16:45:09 - Raw inbox note ready for processing detected. Invoking scan-inbox...
Processed 0 raw notes in Inbox.
2026-08-25 16:45:14 - Raw inbox note ready for processing detected. Invoking scan-inbox...
Processed 0 raw notes in Inbox.
2026-08-25 16:45:19 - Raw inbox note ready for processing detected. Invoking scan-inbox...
Processed 0 raw notes in Inbox.
2026-08-25 16:45:25 - Raw inbox note ready for processing detected. Invoking scan-inbox...
Processed 0 raw notes in Inbox.
2026-08-25 16:45:30 - Raw inbox note ready for processing detected. Invoking scan-inbox...
Processed 0 raw notes in Inbox.
2026-08-25 16:45:35 - Raw inbox note ready for processing detected. Invoking scan-inbox...
Processed 0 raw notes in Inbox.
2026-08-25 16:45:41 - Raw inbox note ready for processing detected. Invoking scan-inbox...
Processed 0 raw notes in Inbox.
2026-08-25 16:45:46 - Raw inbox note ready for processing detected. Invoking scan-inbox...
Processed 0 raw notes in Inbox.
2026-08-25 16:45:51 - Raw inbox note ready for processing detected. Invoking scan-inbox...
Processed 0 raw notes in Inbox.
2026-08-25 16:45:56 - Raw inbox note ready for processing detected. Invoking scan-inbox...
Processed 0 raw notes in Inbox.
2026-08-25 16:46:02 - Raw inbox note ready for processing detected. Invoking scan-inbox...
Processed 0 raw notes in Inbox.
2026-08-25 16:46:07 - Raw inbox note ready for processing detected. Invoking scan-inbox...
Processed 0 raw notes in Inbox.
2026-08-25 16:46:12 - Raw inbox note ready for processing detected. Invoking scan-inbox...
Processed 0 raw notes in Inbox.
2026-08-25 16:46:18 - Raw inbox note ready for processing detected. Invoking scan-inbox...
Processed 0 raw notes in Inbox.
2026-08-25 16:46:23 - Raw inbox note ready for processing detected. Invoking scan-inbox...
Processed 0 raw notes in Inbox.
2026-08-25 16:46:28 - Raw inbox note ready for processing detected. Invoking scan-inbox...
Processed 0 raw notes in Inbox.
2026-08-25 16:46:34 - Raw inbox note ready for processing detected. Invoking scan-inbox...
Processed 0 raw notes in Inbox.
2026-08-25 16:46:39 - Raw inbox note ready for processing detected. Invoking scan-inbox...
Processed 0 raw notes in Inbox.
2026-08-25 16:46:44 - Raw inbox note ready for processing detected. Invoking scan-inbox...
Processed 0 raw notes in Inbox.
2026-08-25 16:46:49 - Raw inbox note ready for processing detected. Invoking scan-inbox...
Processed 0 raw notes in Inbox.
2026-08-25 16:46:55 - Raw inbox note ready for processing detected. Invoking scan-inbox...
Processed 0 raw notes in Inbox.
2026-08-25 16:47:00 - Raw inbox note ready for processing detected. Invoking scan-inbox...
Processed 0 raw notes in Inbox.
2026-08-25 16:47:05 - Raw inbox note ready for processing detected. Invoking scan-inbox...
Processed 0 raw notes in Inbox.
2026-08-25 16:47:11 - Raw inbox note ready for processing detected. Invoking scan-inbox...
Processed 0 raw notes in Inbox.
2026-08-25 16:47:16 - Raw inbox note ready for processing detected. Invoking scan-inbox...
Processed 0 raw notes in Inbox.
2026-08-25 16:47:21 - Raw inbox note ready for processing detected. Invoking scan-inbox...
Processed 0 raw notes in Inbox.
2026-08-25 16:47:26 - Raw inbox note ready for processing detected. Invoking scan-inbox...
Processed 0 raw notes in Inbox.
2026-08-25 16:47:32 - Raw inbox note ready for processing detected. Invoking scan-inbox...
Processed 0 raw notes in Inbox.
2026-08-25 16:47:37 - Raw inbox note ready for processing detected. Invoking scan-inbox...
Processed 0 raw notes in Inbox.
2026-08-25 16:47:42 - Raw inbox note ready for processing detected. Invoking scan-inbox...
Processed 0 raw notes in Inbox.
2026-08-25 16:47:48 - Raw inbox note ready for processing detected. Invoking scan-inbox...
Processed 0 raw notes in Inbox.
2026-08-25 16:47:53 - Raw inbox note ready for processing detected. Invoking scan-inbox...
Processed 0 raw notes in Inbox.
2026-08-25 16:47:58 - Raw inbox note ready for processing detected. Invoking scan-inbox...
Processed 0 raw notes in Inbox.
2026-08-25 16:48:04 - Raw inbox note ready for processing detected. Invoking scan-inbox...
Processed 0 raw notes in Inbox.
2026-08-25 16:48:09 - Raw inbox note ready for processing detected. Invoking scan-inbox...
Processed 0 raw notes in Inbox.
2026-08-25 16:48:14 - Raw inbox note ready for processing detected. Invoking scan-inbox...
Processed 0 raw notes in Inbox.
2026-08-25 16:48:19 - Raw inbox note ready for processing detected. Invoking scan-inbox...
Processed 0 raw notes in Inbox.
2026-08-25 16:48:25 - Raw inbox note ready for processing detected. Invoking scan-inbox...
Processed 0 raw notes in Inbox.
2026-08-25 16:48:30 - Raw inbox note ready for processing detected. Invoking scan-inbox...
Processed 0 raw notes in Inbox.
2026-08-25 16:48:35 - Raw inbox note ready for processing detected. Invoking scan-inbox...
Processed 0 raw notes in Inbox.
2026-08-25 16:48:41 - Raw inbox note ready for processing detected. Invoking scan-inbox...
Processed 0 raw notes in Inbox.
2026-08-25 16:48:46 - Raw inbox note ready for processing detected. Invoking scan-inbox...
Processed 0 raw notes in Inbox.
2026-08-25 16:48:51 - Raw inbox note ready for processing detected. Invoking scan-inbox...
Processed 0 raw notes in Inbox.
2026-08-25 16:48:57 - Raw inbox note ready for processing detected. Invoking scan-inbox...
Processed 0 raw notes in Inbox.
2026-08-25 16:49:02 - Raw inbox note ready for processing detected. Invoking scan-inbox...
Processed 0 raw notes in Inbox.
2026-08-25 16:49:07 - Raw inbox note ready for processing detected. Invoking scan-inbox...
Processed 0 raw notes in Inbox.
2026-08-25 16:49:12 - Raw inbox note ready for processing detected. Invoking scan-inbox...
Processed 0 raw notes in Inbox.
2026-08-25 16:49:18 - Raw inbox note ready for processing detected. Invoking scan-inbox...
Processed 0 raw notes in Inbox.
2026-08-25 16:49:23 - Raw inbox note ready for processing detected. Invoking scan-inbox...
Processed 0 raw notes in Inbox.
2026-08-25 16:49:28 - Raw inbox note ready for processing detected. Invoking scan-inbox...
Processed 0 raw notes in Inbox.
2026-08-25 16:49:34 - Raw inbox note ready for processing detected. Invoking scan-inbox...
Processed 0 raw notes in Inbox.
2026-08-25 16:49:39 - Raw inbox note ready for processing detected. Invoking scan-inbox...
Processed 0 raw notes in Inbox.
2026-08-25 16:49:44 - Raw inbox note ready for processing detected. Invoking scan-inbox...
Processed 0 raw notes in Inbox.
2026-08-25 16:49:50 - Raw inbox note ready for processing detected. Invoking scan-inbox...
Processed 0 raw notes in Inbox.
2026-08-25 16:49:55 - Raw inbox note ready for processing detected. Invoking scan-inbox...
Processed 0 raw notes in Inbox.
2026-08-25 16:50:00 - Raw inbox note ready for processing detected. Invoking scan-inbox...
Processed 0 raw notes in Inbox.
2026-08-25 16:50:06 - Raw inbox note ready for processing detected. Invoking scan-inbox...
Processed 0 raw notes in Inbox.
2026-08-25 16:50:11 - Raw inbox note ready for processing detected. Invoking scan-inbox...
Processed 0 raw notes in Inbox.
2026-08-25 16:50:16 - Raw inbox note ready for processing detected. Invoking scan-inbox...
Processed 0 raw notes in Inbox.
2026-08-25 16:50:21 - Raw inbox note ready for processing detected. Invoking scan-inbox...
Processed 0 raw notes in Inbox.
2026-08-25 16:50:27 - Raw inbox note ready for processing detected. Invoking scan-inbox...
Processed 0 raw notes in Inbox.
2026-08-25 16:50:32 - Raw inbox note ready for processing detected. Invoking scan-inbox...
Processed 0 raw notes in Inbox.
2026-08-25 16:50:37 - Raw inbox note ready for processing detected. Invoking scan-inbox...
Processed 0 raw notes in Inbox.
2026-08-25 16:50:43 - Raw inbox note ready for processing detected. Invoking scan-inbox...
Processed 0 raw notes in Inbox.
2026-08-25 16:50:48 - Raw inbox note ready for processing detected. Invoking scan-inbox...
Processed 0 raw notes in Inbox.
2026-08-25 16:50:53 - Raw inbox note ready for processing detected. Invoking scan-inbox...
Processed 0 raw notes in Inbox.
2026-08-25 16:50:59 - Raw inbox note ready for processing detected. Invoking scan-inbox...
Frame extraction failed at timestamp 10.0: Command '['ffmpeg', '-y', '-ss', '0:00:10', '-i', 'https://rr3---sn-2ohpa5-5h.googlevideo.com/videoplayback?expire=1787691061&ei=1KuNar6gOcKqw-APvZOS8QM&ip=187.14.83.140&id=o-AGWcWIPagJPsdSYbrD0FAS6K1qQgFbJJedwMREzljV2S&itag=398&source=youtube&requiressl=yes&xpc=EgVo2aDSNQ%3D%3D&cps=311&met=1787669460%2C&mh=qy&mm=31%2C26&mn=sn-2ohpa5-5h%2Csn-5hnednss&ms=au%2Conr&mv=m&mvi=3&pl=24&rms=au%2Cau&initcwndbps=2091250&bui=AR3QkAn86bhZi9v4tC89XMahs3EW6ManWohyMGW_z79D-AGF8EVbBcPwdRq5ZUGqRINypGBBtmqMtZKa&spc=KBGBcsg0jaKujVkTjgpLW1nWhovLPAVxWXRB4cc7Tw&vprv=1&svpuc=1&mime=video%2Fmp4&rqh=1&gir=yes&clen=28817466&dur=794.133&lmt=1785200479585725&mt=1787668401&fvip=3&keepalive=yes&fexp=51565116%2C52135440&c=ANDROID_VR&txp=5532534&sparams=expire%2Cei%2Cip%2Cid%2Citag%2Csource%2Crequiressl%2Cxpc%2Cbui%2Cspc%2Cvprv%2Csvpuc%2Cmime%2Crqh%2Cgir%2Cclen%2Cdur%2Clmt&sig=AE0s2JYwRgIhAIZQ_LHtgpOtXIFDqSc2BDAy2rUjHLsIMUQFU92PdHv7AiEAq3aRSuOC__Qlz-bzY2QqkDuqQXt-E3s_YaxESktiCXc%3D&lsparams=cps%2Cmet%2Cmh%2Cmm%2Cmn%2Cms%2Cmv%2Cmvi%2Cpl%2Crms%2Cinitcwndbps&lsig=APaTxxMwRQIgJfgh_agGANUVmdp3Qkde6jveuNwalZ2JSXsfy77QIKICIQCrXgtnQQigfijbq6bozKYqM5_jd5Udy2HfR86hZTStdQ%3D%3D', '-frames:v', '1', '-q:v', '2', '/Users/lorenzo/Documents/GitHub/loackyPKM/99 - Meta/Clipboard/vi0BYzyWnFg_0_parte_1.jpg']' returned non-zero exit status 8.
Frame extraction failed at timestamp 208.5: Command '['ffmpeg', '-y', '-ss', '0:03:28', '-i', 'https://rr3---sn-2ohpa5-5h.googlevideo.com/videoplayback?expire=1787691061&ei=1KuNar6gOcKqw-APvZOS8QM&ip=187.14.83.140&id=o-AGWcWIPagJPsdSYbrD0FAS6K1qQgFbJJedwMREzljV2S&itag=398&source=youtube&requiressl=yes&xpc=EgVo2aDSNQ%3D%3D&cps=311&met=1787669460%2C&mh=qy&mm=31%2C26&mn=sn-2ohpa5-5h%2Csn-5hnednss&ms=au%2Conr&mv=m&mvi=3&pl=24&rms=au%2Cau&initcwndbps=2091250&bui=AR3QkAn86bhZi9v4tC89XMahs3EW6ManWohyMGW_z79D-AGF8EVbBcPwdRq5ZUGqRINypGBBtmqMtZKa&spc=KBGBcsg0jaKujVkTjgpLW1nWhovLPAVxWXRB4cc7Tw&vprv=1&svpuc=1&mime=video%2Fmp4&rqh=1&gir=yes&clen=28817466&dur=794.133&lmt=1785200479585725&mt=1787668401&fvip=3&keepalive=yes&fexp=51565116%2C52135440&c=ANDROID_VR&txp=5532534&sparams=expire%2Cei%2Cip%2Cid%2Citag%2Csource%2Crequiressl%2Cxpc%2Cbui%2Cspc%2Cvprv%2Csvpuc%2Cmime%2Crqh%2Cgir%2Cclen%2Cdur%2Clmt&sig=AE0s2JYwRgIhAIZQ_LHtgpOtXIFDqSc2BDAy2rUjHLsIMUQFU92PdHv7AiEAq3aRSuOC__Qlz-bzY2QqkDuqQXt-E3s_YaxESktiCXc%3D&lsparams=cps%2Cmet%2Cmh%2Cmm%2Cmn%2Cms%2Cmv%2Cmvi%2Cpl%2Crms%2Cinitcwndbps&lsig=APaTxxMwRQIgJfgh_agGANUVmdp3Qkde6jveuNwalZ2JSXsfy77QIKICIQCrXgtnQQigfijbq6bozKYqM5_jd5Udy2HfR86hZTStdQ%3D%3D', '-frames:v', '1', '-q:v', '2', '/Users/lorenzo/Documents/GitHub/loackyPKM/99 - Meta/Clipboard/vi0BYzyWnFg_1_parte_2.jpg']' returned non-zero exit status 8.
Frame extraction failed at timestamp 407.0: Command '['ffmpeg', '-y', '-ss', '0:06:47', '-i', 'https://rr3---sn-2ohpa5-5h.googlevideo.com/videoplayback?expire=1787691061&ei=1KuNar6gOcKqw-APvZOS8QM&ip=187.14.83.140&id=o-AGWcWIPagJPsdSYbrD0FAS6K1qQgFbJJedwMREzljV2S&itag=398&source=youtube&requiressl=yes&xpc=EgVo2aDSNQ%3D%3D&cps=311&met=1787669460%2C&mh=qy&mm=31%2C26&mn=sn-2ohpa5-5h%2Csn-5hnednss&ms=au%2Conr&mv=m&mvi=3&pl=24&rms=au%2Cau&initcwndbps=2091250&bui=AR3QkAn86bhZi9v4tC89XMahs3EW6ManWohyMGW_z79D-AGF8EVbBcPwdRq5ZUGqRINypGBBtmqMtZKa&spc=KBGBcsg0jaKujVkTjgpLW1nWhovLPAVxWXRB4cc7Tw&vprv=1&svpuc=1&mime=video%2Fmp4&rqh=1&gir=yes&clen=28817466&dur=794.133&lmt=1785200479585725&mt=1787668401&fvip=3&keepalive=yes&fexp=51565116%2C52135440&c=ANDROID_VR&txp=5532534&sparams=expire%2Cei%2Cip%2Cid%2Citag%2Csource%2Crequiressl%2Cxpc%2Cbui%2Cspc%2Cvprv%2Csvpuc%2Cmime%2Crqh%2Cgir%2Cclen%2Cdur%2Clmt&sig=AE0s2JYwRgIhAIZQ_LHtgpOtXIFDqSc2BDAy2rUjHLsIMUQFU92PdHv7AiEAq3aRSuOC__Qlz-bzY2QqkDuqQXt-E3s_YaxESktiCXc%3D&lsparams=cps%2Cmet%2Cmh%2Cmm%2Cmn%2Cms%2Cmv%2Cmvi%2Cpl%2Crms%2Cinitcwndbps&lsig=APaTxxMwRQIgJfgh_agGANUVmdp3Qkde6jveuNwalZ2JSXsfy77QIKICIQCrXgtnQQigfijbq6bozKYqM5_jd5Udy2HfR86hZTStdQ%3D%3D', '-frames:v', '1', '-q:v', '2', '/Users/lorenzo/Documents/GitHub/loackyPKM/99 - Meta/Clipboard/vi0BYzyWnFg_2_parte_3.jpg']' returned non-zero exit status 8.
Frame extraction failed at timestamp 605.5: Command '['ffmpeg', '-y', '-ss', '0:10:05', '-i', 'https://rr3---sn-2ohpa5-5h.googlevideo.com/videoplayback?expire=1787691061&ei=1KuNar6gOcKqw-APvZOS8QM&ip=187.14.83.140&id=o-AGWcWIPagJPsdSYbrD0FAS6K1qQgFbJJedwMREzljV2S&itag=398&source=youtube&requiressl=yes&xpc=EgVo2aDSNQ%3D%3D&cps=311&met=1787669460%2C&mh=qy&mm=31%2C26&mn=sn-2ohpa5-5h%2Csn-5hnednss&ms=au%2Conr&mv=m&mvi=3&pl=24&rms=au%2Cau&initcwndbps=2091250&bui=AR3QkAn86bhZi9v4tC89XMahs3EW6ManWohyMGW_z79D-AGF8EVbBcPwdRq5ZUGqRINypGBBtmqMtZKa&spc=KBGBcsg0jaKujVkTjgpLW1nWhovLPAVxWXRB4cc7Tw&vprv=1&svpuc=1&mime=video%2Fmp4&rqh=1&gir=yes&clen=28817466&dur=794.133&lmt=1785200479585725&mt=1787668401&fvip=3&keepalive=yes&fexp=51565116%2C52135440&c=ANDROID_VR&txp=5532534&sparams=expire%2Cei%2Cip%2Cid%2Citag%2Csource%2Crequiressl%2Cxpc%2Cbui%2Cspc%2Cvprv%2Csvpuc%2Cmime%2Crqh%2Cgir%2Cclen%2Cdur%2Clmt&sig=AE0s2JYwRgIhAIZQ_LHtgpOtXIFDqSc2BDAy2rUjHLsIMUQFU92PdHv7AiEAq3aRSuOC__Qlz-bzY2QqkDuqQXt-E3s_YaxESktiCXc%3D&lsparams=cps%2Cmet%2Cmh%2Cmm%2Cmn%2Cms%2Cmv%2Cmvi%2Cpl%2Crms%2Cinitcwndbps&lsig=APaTxxMwRQIgJfgh_agGANUVmdp3Qkde6jveuNwalZ2JSXsfy77QIKICIQCrXgtnQQigfijbq6bozKYqM5_jd5Udy2HfR86hZTStdQ%3D%3D', '-frames:v', '1', '-q:v', '2', '/Users/lorenzo/Documents/GitHub/loackyPKM/99 - Meta/Clipboard/vi0BYzyWnFg_3_parte_4.jpg']' returned non-zero exit status 8.
[RAW INTAKE] Processed YouTube raw note raw-Raw Note 2026-08-25 16-30.md -> draft
Processed 1 raw notes in Inbox.
2026-08-25 16:56:35 - Watcher daemon stopped.
2026-08-25 16:56:36 - Obsidian running with pending reviews. Opening Review Dashboard...
2026-08-25 16:56:40 - Starting Second Brain Watcher daemon on /Users/lorenzo/Documents/GitHub/loackyPKM (PID 23953)
2026-08-25 16:56:41 - Obsidian running with pending reviews. Opening Review Dashboard...
2026-08-25 16:57:59 - Dashboard review activity detected. Invoking brain_ingest.py...
Traceback (most recent call last):
  File "/Users/lorenzo/Documents/GitHub/loackyPKM/99 - Meta/Scripts/brain_ingest.py", line 28, in <module>
    import brain_health
  File "/Users/lorenzo/Documents/GitHub/loackyPKM/99 - Meta/Scripts/brain_health.py", line 20, in <module>
    import ruamel.yaml
ModuleNotFoundError: No module named 'ruamel'
2026-08-25 16:58:03 - Dashboard review activity detected. Invoking brain_ingest.py...
[REJECTED] Discarded staging draft La Bugia del "Questa Volta È Diverso". Vivere un Crollo È un'Altra Storia.
Processed 1 review dashboard actions.
2026-08-25 16:58:13 - Raw inbox note ready for processing detected. Invoking scan-inbox...
Frame extraction failed at timestamp 10.0: Command '['ffmpeg', '-y', '-ss', '0:00:10', '-i', 'https://rr3---sn-2ohpa5-5h.googlevideo.com/videoplayback?expire=1787691495&ei=h62NavCzDd6Bi9oPo_WdcA&ip=187.14.83.140&id=o-AMZKcB8Ef16S2BI5wumsawabgQYO3DQPngSzVl2z15PJ&itag=398&source=youtube&requiressl=yes&xpc=EgVo2aDSNQ%3D%3D&cps=322&met=1787669895%2C&mh=qy&mm=31%2C26&mn=sn-2ohpa5-5h%2Csn-5hnednss&ms=au%2Conr&mv=m&mvi=3&pl=24&rms=au%2Cau&initcwndbps=2018750&bui=AR3QkAkqoTI9zGTwCMHmFTD1EL7gXg3hgfZV3jie6OF7zqF96RadI3q2KnIC_tztnbDibF_Itu6ffvhv&spc=KBGBcky9YTNgEY5W10Qj99yE4roId_mlkP5irxP5VA&vprv=1&svpuc=1&mime=video%2Fmp4&rqh=1&gir=yes&clen=28817466&dur=794.133&lmt=1785200479585725&mt=1787669604&fvip=3&keepalive=yes&fexp=51565115%2C52135441&c=ANDROID_VR&txp=5532534&sparams=expire%2Cei%2Cip%2Cid%2Citag%2Csource%2Crequiressl%2Cxpc%2Cbui%2Cspc%2Cvprv%2Csvpuc%2Cmime%2Crqh%2Cgir%2Cclen%2Cdur%2Clmt&sig=AE0s2JYwRgIhAMh3aMNIQnq4t9oI2GNwrN8Map5s0m9af4QMUeU8lDMYAiEAgM33HSsWAYIDh7NdhQSCCD5oAUKCS9aydXTFjEqzCRE%3D&lsparams=cps%2Cmet%2Cmh%2Cmm%2Cmn%2Cms%2Cmv%2Cmvi%2Cpl%2Crms%2Cinitcwndbps&lsig=APaTxxMwRgIhAKw0c6sX-aWrLxuCjiXkeNHjLd7UDarjSXojaHmbE6P0AiEAhMC4JBrJJebRYSuE2vvFZ-udXkH9mcRuYvj5tCSh59U%3D', '-frames:v', '1', '-q:v', '2', '/Users/lorenzo/Documents/GitHub/loackyPKM/99 - Meta/Clipboard/vi0BYzyWnFg_0_parte_1.jpg']' returned non-zero exit status 8.
Frame extraction failed at timestamp 208.5: Command '['ffmpeg', '-y', '-ss', '0:03:28', '-i', 'https://rr3---sn-2ohpa5-5h.googlevideo.com/videoplayback?expire=1787691495&ei=h62NavCzDd6Bi9oPo_WdcA&ip=187.14.83.140&id=o-AMZKcB8Ef16S2BI5wumsawabgQYO3DQPngSzVl2z15PJ&itag=398&source=youtube&requiressl=yes&xpc=EgVo2aDSNQ%3D%3D&cps=322&met=1787669895%2C&mh=qy&mm=31%2C26&mn=sn-2ohpa5-5h%2Csn-5hnednss&ms=au%2Conr&mv=m&mvi=3&pl=24&rms=au%2Cau&initcwndbps=2018750&bui=AR3QkAkqoTI9zGTwCMHmFTD1EL7gXg3hgfZV3jie6OF7zqF96RadI3q2KnIC_tztnbDibF_Itu6ffvhv&spc=KBGBcky9YTNgEY5W10Qj99yE4roId_mlkP5irxP5VA&vprv=1&svpuc=1&mime=video%2Fmp4&rqh=1&gir=yes&clen=28817466&dur=794.133&lmt=1785200479585725&mt=1787669604&fvip=3&keepalive=yes&fexp=51565115%2C52135441&c=ANDROID_VR&txp=5532534&sparams=expire%2Cei%2Cip%2Cid%2Citag%2Csource%2Crequiressl%2Cxpc%2Cbui%2Cspc%2Cvprv%2Csvpuc%2Cmime%2Crqh%2Cgir%2Cclen%2Cdur%2Clmt&sig=AE0s2JYwRgIhAMh3aMNIQnq4t9oI2GNwrN8Map5s0m9af4QMUeU8lDMYAiEAgM33HSsWAYIDh7NdhQSCCD5oAUKCS9aydXTFjEqzCRE%3D&lsparams=cps%2Cmet%2Cmh%2Cmm%2Cmn%2Cms%2Cmv%2Cmvi%2Cpl%2Crms%2Cinitcwndbps&lsig=APaTxxMwRgIhAKw0c6sX-aWrLxuCjiXkeNHjLd7UDarjSXojaHmbE6P0AiEAhMC4JBrJJebRYSuE2vvFZ-udXkH9mcRuYvj5tCSh59U%3D', '-frames:v', '1', '-q:v', '2', '/Users/lorenzo/Documents/GitHub/loackyPKM/99 - Meta/Clipboard/vi0BYzyWnFg_1_parte_2.jpg']' returned non-zero exit status 8.
Frame extraction failed at timestamp 407.0: Command '['ffmpeg', '-y', '-ss', '0:06:47', '-i', 'https://rr3---sn-2ohpa5-5h.googlevideo.com/videoplayback?expire=1787691495&ei=h62NavCzDd6Bi9oPo_WdcA&ip=187.14.83.140&id=o-AMZKcB8Ef16S2BI5wumsawabgQYO3DQPngSzVl2z15PJ&itag=398&source=youtube&requiressl=yes&xpc=EgVo2aDSNQ%3D%3D&cps=322&met=1787669895%2C&mh=qy&mm=31%2C26&mn=sn-2ohpa5-5h%2Csn-5hnednss&ms=au%2Conr&mv=m&mvi=3&pl=24&rms=au%2Cau&initcwndbps=2018750&bui=AR3QkAkqoTI9zGTwCMHmFTD1EL7gXg3hgfZV3jie6OF7zqF96RadI3q2KnIC_tztnbDibF_Itu6ffvhv&spc=KBGBcky9YTNgEY5W10Qj99yE4roId_mlkP5irxP5VA&vprv=1&svpuc=1&mime=video%2Fmp4&rqh=1&gir=yes&clen=28817466&dur=794.133&lmt=1785200479585725&mt=1787669604&fvip=3&keepalive=yes&fexp=51565115%2C52135441&c=ANDROID_VR&txp=5532534&sparams=expire%2Cei%2Cip%2Cid%2Citag%2Csource%2Crequiressl%2Cxpc%2Cbui%2Cspc%2Cvprv%2Csvpuc%2Cmime%2Crqh%2Cgir%2Cclen%2Cdur%2Clmt&sig=AE0s2JYwRgIhAMh3aMNIQnq4t9oI2GNwrN8Map5s0m9af4QMUeU8lDMYAiEAgM33HSsWAYIDh7NdhQSCCD5oAUKCS9aydXTFjEqzCRE%3D&lsparams=cps%2Cmet%2Cmh%2Cmm%2Cmn%2Cms%2Cmv%2Cmvi%2Cpl%2Crms%2Cinitcwndbps&lsig=APaTxxMwRgIhAKw0c6sX-aWrLxuCjiXkeNHjLd7UDarjSXojaHmbE6P0AiEAhMC4JBrJJebRYSuE2vvFZ-udXkH9mcRuYvj5tCSh59U%3D', '-frames:v', '1', '-q:v', '2', '/Users/lorenzo/Documents/GitHub/loackyPKM/99 - Meta/Clipboard/vi0BYzyWnFg_2_parte_3.jpg']' returned non-zero exit status 8.
Frame extraction failed at timestamp 605.5: Command '['ffmpeg', '-y', '-ss', '0:10:05', '-i', 'https://rr3---sn-2ohpa5-5h.googlevideo.com/videoplayback?expire=1787691495&ei=h62NavCzDd6Bi9oPo_WdcA&ip=187.14.83.140&id=o-AMZKcB8Ef16S2BI5wumsawabgQYO3DQPngSzVl2z15PJ&itag=398&source=youtube&requiressl=yes&xpc=EgVo2aDSNQ%3D%3D&cps=322&met=1787669895%2C&mh=qy&mm=31%2C26&mn=sn-2ohpa5-5h%2Csn-5hnednss&ms=au%2Conr&mv=m&mvi=3&pl=24&rms=au%2Cau&initcwndbps=2018750&bui=AR3QkAkqoTI9zGTwCMHmFTD1EL7gXg3hgfZV3jie6OF7zqF96RadI3q2KnIC_tztnbDibF_Itu6ffvhv&spc=KBGBcky9YTNgEY5W10Qj99yE4roId_mlkP5irxP5VA&vprv=1&svpuc=1&mime=video%2Fmp4&rqh=1&gir=yes&clen=28817466&dur=794.133&lmt=1785200479585725&mt=1787669604&fvip=3&keepalive=yes&fexp=51565115%2C52135441&c=ANDROID_VR&txp=5532534&sparams=expire%2Cei%2Cip%2Cid%2Citag%2Csource%2Crequiressl%2Cxpc%2Cbui%2Cspc%2Cvprv%2Csvpuc%2Cmime%2Crqh%2Cgir%2Cclen%2Cdur%2Clmt&sig=AE0s2JYwRgIhAMh3aMNIQnq4t9oI2GNwrN8Map5s0m9af4QMUeU8lDMYAiEAgM33HSsWAYIDh7NdhQSCCD5oAUKCS9aydXTFjEqzCRE%3D&lsparams=cps%2Cmet%2Cmh%2Cmm%2Cmn%2Cms%2Cmv%2Cmvi%2Cpl%2Crms%2Cinitcwndbps&lsig=APaTxxMwRgIhAKw0c6sX-aWrLxuCjiXkeNHjLd7UDarjSXojaHmbE6P0AiEAhMC4JBrJJebRYSuE2vvFZ-udXkH9mcRuYvj5tCSh59U%3D', '-frames:v', '1', '-q:v', '2', '/Users/lorenzo/Documents/GitHub/loackyPKM/99 - Meta/Clipboard/vi0BYzyWnFg_3_parte_4.jpg']' returned non-zero exit status 8.
[RAW INTAKE] Processed YouTube raw note Raw Note 2026-08-25 16-58.md -> draft
Processed 1 raw notes in Inbox.
2026-08-25 16:59:14 - Watcher daemon stopped.
2026-08-25 16:59:15 - Obsidian running with pending reviews. Opening Review Dashboard...
2026-08-25 16:59:20 - Starting Second Brain Watcher daemon on /Users/lorenzo/Documents/GitHub/loackyPKM (PID 25534)
2026-08-25 17:01:02 - Dashboard review activity detected. Invoking brain_ingest.py...
Traceback (most recent call last):
  File "/Users/lorenzo/Documents/GitHub/loackyPKM/99 - Meta/Scripts/brain_ingest.py", line 28, in <module>
    import brain_health
  File "/Users/lorenzo/Documents/GitHub/loackyPKM/99 - Meta/Scripts/brain_health.py", line 20, in <module>
    import ruamel.yaml
ModuleNotFoundError: No module named 'ruamel'
2026-08-25 17:01:03 - Dashboard review activity detected. Invoking brain_ingest.py...
[REJECTED] Discarded staging draft La Bugia del Questa Volta È Diverso . Vivere un Crollo È un'Altra Storia.
Processed 1 review dashboard actions.
2026-08-25 17:01:18 - Raw inbox note ready for processing detected. Invoking scan-inbox...
Processed 0 raw notes in Inbox.
2026-08-25 17:01:23 - Raw inbox note ready for processing detected. Invoking scan-inbox...
Processed 0 raw notes in Inbox.
2026-08-25 17:01:28 - Raw inbox note ready for processing detected. Invoking scan-inbox...
Processed 0 raw notes in Inbox.
2026-08-25 17:01:34 - Raw inbox note ready for processing detected. Invoking scan-inbox...
Processed 0 raw notes in Inbox.
2026-08-25 17:01:39 - Raw inbox note ready for processing detected. Invoking scan-inbox...
Processed 0 raw notes in Inbox.
2026-08-25 17:01:44 - Raw inbox note ready for processing detected. Invoking scan-inbox...
Processed 0 raw notes in Inbox.
2026-08-25 17:01:50 - Raw inbox note ready for processing detected. Invoking scan-inbox...
Processed 0 raw notes in Inbox.
2026-08-25 17:01:55 - Raw inbox note ready for processing detected. Invoking scan-inbox...
Processed 0 raw notes in Inbox.
2026-08-25 17:02:00 - Raw inbox note ready for processing detected. Invoking scan-inbox...
Processed 0 raw notes in Inbox.
2026-08-25 17:02:05 - Raw inbox note ready for processing detected. Invoking scan-inbox...
Processed 0 raw notes in Inbox.
2026-08-25 17:02:11 - Raw inbox note ready for processing detected. Invoking scan-inbox...
Processed 0 raw notes in Inbox.
2026-08-25 17:02:16 - Raw inbox note ready for processing detected. Invoking scan-inbox...
Processed 0 raw notes in Inbox.
2026-08-25 17:02:21 - Raw inbox note ready for processing detected. Invoking scan-inbox...
Processed 0 raw notes in Inbox.
2026-08-25 17:02:26 - Raw inbox note ready for processing detected. Invoking scan-inbox...
Processed 0 raw notes in Inbox.
2026-08-25 17:02:32 - Raw inbox note ready for processing detected. Invoking scan-inbox...
Processed 0 raw notes in Inbox.
2026-08-25 17:02:37 - Raw inbox note ready for processing detected. Invoking scan-inbox...
Processed 0 raw notes in Inbox.
2026-08-25 17:02:43 - Raw inbox note ready for processing detected. Invoking scan-inbox...
Processed 0 raw notes in Inbox.
2026-08-25 17:02:48 - Raw inbox note ready for processing detected. Invoking scan-inbox...
Processed 0 raw notes in Inbox.
2026-08-25 17:02:53 - Raw inbox note ready for processing detected. Invoking scan-inbox...
Processed 0 raw notes in Inbox.
2026-08-25 17:02:58 - Raw inbox note ready for processing detected. Invoking scan-inbox...
Processed 0 raw notes in Inbox.
2026-08-25 17:03:04 - Raw inbox note ready for processing detected. Invoking scan-inbox...
Processed 0 raw notes in Inbox.
2026-08-25 17:03:09 - Raw inbox note ready for processing detected. Invoking scan-inbox...
Processed 0 raw notes in Inbox.
2026-08-25 17:03:14 - Raw inbox note ready for processing detected. Invoking scan-inbox...
Processed 0 raw notes in Inbox.
2026-08-25 17:03:19 - Raw inbox note ready for processing detected. Invoking scan-inbox...
Processed 0 raw notes in Inbox.
2026-08-25 17:03:25 - Raw inbox note ready for processing detected. Invoking scan-inbox...
Processed 0 raw notes in Inbox.
2026-08-25 17:03:30 - Raw inbox note ready for processing detected. Invoking scan-inbox...
Processed 0 raw notes in Inbox.
2026-08-25 17:03:35 - Raw inbox note ready for processing detected. Invoking scan-inbox...
Processed 0 raw notes in Inbox.
2026-08-25 17:03:41 - Raw inbox note ready for processing detected. Invoking scan-inbox...
Processed 0 raw notes in Inbox.
2026-08-25 17:03:46 - Raw inbox note ready for processing detected. Invoking scan-inbox...
Processed 0 raw notes in Inbox.
2026-08-25 17:03:51 - Raw inbox note ready for processing detected. Invoking scan-inbox...
Processed 0 raw notes in Inbox.
2026-08-25 17:03:56 - Raw inbox note ready for processing detected. Invoking scan-inbox...
Processed 0 raw notes in Inbox.
2026-08-25 17:04:02 - Raw inbox note ready for processing detected. Invoking scan-inbox...
Processed 0 raw notes in Inbox.
2026-08-25 17:04:07 - Raw inbox note ready for processing detected. Invoking scan-inbox...
Processed 0 raw notes in Inbox.
2026-08-25 17:04:12 - Raw inbox note ready for processing detected. Invoking scan-inbox...
Processed 0 raw notes in Inbox.
2026-08-25 17:04:18 - Raw inbox note ready for processing detected. Invoking scan-inbox...
Processed 0 raw notes in Inbox.
2026-08-25 17:04:23 - Raw inbox note ready for processing detected. Invoking scan-inbox...
Processed 0 raw notes in Inbox.
2026-08-25 17:04:28 - Raw inbox note ready for processing detected. Invoking scan-inbox...
Processed 0 raw notes in Inbox.
2026-08-25 17:04:34 - Raw inbox note ready for processing detected. Invoking scan-inbox...
Processed 0 raw notes in Inbox.
2026-08-25 17:04:39 - Raw inbox note ready for processing detected. Invoking scan-inbox...
Processed 0 raw notes in Inbox.
2026-08-25 17:04:44 - Raw inbox note ready for processing detected. Invoking scan-inbox...
Processed 0 raw notes in Inbox.
2026-08-25 17:04:50 - Raw inbox note ready for processing detected. Invoking scan-inbox...
Processed 0 raw notes in Inbox.
2026-08-25 17:04:55 - Raw inbox note ready for processing detected. Invoking scan-inbox...
Processed 0 raw notes in Inbox.
2026-08-25 17:05:00 - Raw inbox note ready for processing detected. Invoking scan-inbox...
Processed 0 raw notes in Inbox.
2026-08-25 17:05:05 - Raw inbox note ready for processing detected. Invoking scan-inbox...
Processed 0 raw notes in Inbox.
2026-08-25 17:05:11 - Raw inbox note ready for processing detected. Invoking scan-inbox...
Processed 0 raw notes in Inbox.
2026-08-25 17:05:16 - Raw inbox note ready for processing detected. Invoking scan-inbox...
Processed 0 raw notes in Inbox.
2026-08-25 17:05:21 - Raw inbox note ready for processing detected. Invoking scan-inbox...
Processed 0 raw notes in Inbox.
2026-08-25 17:05:27 - Raw inbox note ready for processing detected. Invoking scan-inbox...
Processed 0 raw notes in Inbox.
2026-08-25 17:05:32 - Raw inbox note ready for processing detected. Invoking scan-inbox...
Processed 0 raw notes in Inbox.
2026-08-25 17:05:37 - Raw inbox note ready for processing detected. Invoking scan-inbox...
Processed 0 raw notes in Inbox.
2026-08-25 17:05:43 - Raw inbox note ready for processing detected. Invoking scan-inbox...
Processed 0 raw notes in Inbox.
2026-08-25 17:05:48 - Raw inbox note ready for processing detected. Invoking scan-inbox...
Processed 0 raw notes in Inbox.
2026-08-25 17:05:53 - Raw inbox note ready for processing detected. Invoking scan-inbox...
Processed 0 raw notes in Inbox.
2026-08-25 17:05:58 - Raw inbox note ready for processing detected. Invoking scan-inbox...
Processed 0 raw notes in Inbox.
2026-08-25 17:06:04 - Raw inbox note ready for processing detected. Invoking scan-inbox...
Processed 0 raw notes in Inbox.
2026-08-25 17:06:09 - Raw inbox note ready for processing detected. Invoking scan-inbox...
Processed 0 raw notes in Inbox.
2026-08-25 17:06:14 - Raw inbox note ready for processing detected. Invoking scan-inbox...
Processed 0 raw notes in Inbox.
2026-08-25 17:06:20 - Raw inbox note ready for processing detected. Invoking scan-inbox...
Processed 0 raw notes in Inbox.
2026-08-25 17:06:25 - Raw inbox note ready for processing detected. Invoking scan-inbox...
Processed 0 raw notes in Inbox.
2026-08-25 17:06:30 - Raw inbox note ready for processing detected. Invoking scan-inbox...
Processed 0 raw notes in Inbox.
2026-08-25 17:06:35 - Raw inbox note ready for processing detected. Invoking scan-inbox...
Processed 0 raw notes in Inbox.
2026-08-25 17:06:41 - Raw inbox note ready for processing detected. Invoking scan-inbox...
Processed 0 raw notes in Inbox.
2026-08-25 17:06:46 - Raw inbox note ready for processing detected. Invoking scan-inbox...
Processed 0 raw notes in Inbox.
2026-08-25 17:06:51 - Raw inbox note ready for processing detected. Invoking scan-inbox...
Processed 0 raw notes in Inbox.
2026-08-25 17:06:57 - Raw inbox note ready for processing detected. Invoking scan-inbox...
Processed 0 raw notes in Inbox.
2026-08-25 17:07:02 - Raw inbox note ready for processing detected. Invoking scan-inbox...
Processed 0 raw notes in Inbox.
2026-08-25 17:07:07 - Raw inbox note ready for processing detected. Invoking scan-inbox...
Processed 0 raw notes in Inbox.
2026-08-25 17:07:13 - Raw inbox note ready for processing detected. Invoking scan-inbox...
Processed 0 raw notes in Inbox.
2026-08-25 17:07:18 - Raw inbox note ready for processing detected. Invoking scan-inbox...
Processed 0 raw notes in Inbox.
2026-08-25 17:07:23 - Raw inbox note ready for processing detected. Invoking scan-inbox...
Processed 0 raw notes in Inbox.
2026-08-25 17:07:28 - Raw inbox note ready for processing detected. Invoking scan-inbox...
Processed 0 raw notes in Inbox.
2026-08-25 17:07:34 - Raw inbox note ready for processing detected. Invoking scan-inbox...
Processed 0 raw notes in Inbox.
2026-08-25 17:07:39 - Raw inbox note ready for processing detected. Invoking scan-inbox...
Processed 0 raw notes in Inbox.
2026-08-25 17:07:44 - Raw inbox note ready for processing detected. Invoking scan-inbox...
/Users/lorenzo/Documents/GitHub/loackyPKM/99 - Meta/Scripts/brain_ingest.py:2: SyntaxWarning: invalid escape sequence '\ '
  """brain_ingest.py - Unified Second Brain Ingestion & GTD Intake Engine.
Warning: youtube_helper failed: usage: youtube_helper.py [-h] [--extract-frames] [--no-frames] [--json]
                         [--vault-root VAULT_ROOT]
                         url
youtube_helper.py: error: unrecognized arguments: /Users/lorenzo/Documents/GitHub/loackyPKM/03 - Inbox/seen-Raw Note 2026-08-25 17-01.md

Processed 0 raw notes in Inbox.
2026-08-25 17:07:50 - Raw inbox note ready for processing detected. Invoking scan-inbox...
/Users/lorenzo/Documents/GitHub/loackyPKM/99 - Meta/Scripts/brain_ingest.py:2: SyntaxWarning: invalid escape sequence '\ '
  """brain_ingest.py - Unified Second Brain Ingestion & GTD Intake Engine.
Processed 0 raw notes in Inbox.
2026-08-25 17:07:56 - Raw inbox note ready for processing detected. Invoking scan-inbox...
/Users/lorenzo/Documents/GitHub/loackyPKM/99 - Meta/Scripts/brain_ingest.py:2: SyntaxWarning: invalid escape sequence '\ '
  """brain_ingest.py - Unified Second Brain Ingestion & GTD Intake Engine.
Processed 0 raw notes in Inbox.
2026-08-25 17:08:01 - Raw inbox note ready for processing detected. Invoking scan-inbox...
/Users/lorenzo/Documents/GitHub/loackyPKM/99 - Meta/Scripts/brain_ingest.py:2: SyntaxWarning: invalid escape sequence '\ '
  """brain_ingest.py - Unified Second Brain Ingestion & GTD Intake Engine.
Processed 0 raw notes in Inbox.
2026-08-25 17:08:06 - Raw inbox note ready for processing detected. Invoking scan-inbox...
/Users/lorenzo/Documents/GitHub/loackyPKM/99 - Meta/Scripts/brain_ingest.py:2: SyntaxWarning: invalid escape sequence '\ '
  """brain_ingest.py - Unified Second Brain Ingestion & GTD Intake Engine.
Processed 0 raw notes in Inbox.
2026-08-25 17:08:11 - Raw inbox note ready for processing detected. Invoking scan-inbox...
/Users/lorenzo/Documents/GitHub/loackyPKM/99 - Meta/Scripts/brain_ingest.py:2: SyntaxWarning: invalid escape sequence '\ '
  """brain_ingest.py - Unified Second Brain Ingestion & GTD Intake Engine.
Processed 0 raw notes in Inbox.
2026-08-25 17:08:17 - Raw inbox note ready for processing detected. Invoking scan-inbox...
/Users/lorenzo/Documents/GitHub/loackyPKM/99 - Meta/Scripts/brain_ingest.py:2: SyntaxWarning: invalid escape sequence '\ '
  """brain_ingest.py - Unified Second Brain Ingestion & GTD Intake Engine.
Processed 0 raw notes in Inbox.
2026-08-25 17:08:22 - Raw inbox note ready for processing detected. Invoking scan-inbox...
/Users/lorenzo/Documents/GitHub/loackyPKM/99 - Meta/Scripts/brain_ingest.py:2: SyntaxWarning: invalid escape sequence '\ '
  """brain_ingest.py - Unified Second Brain Ingestion & GTD Intake Engine.
Processed 0 raw notes in Inbox.
2026-08-25 17:08:27 - Raw inbox note ready for processing detected. Invoking scan-inbox...
/Users/lorenzo/Documents/GitHub/loackyPKM/99 - Meta/Scripts/brain_ingest.py:2: SyntaxWarning: invalid escape sequence '\ '
  """brain_ingest.py - Unified Second Brain Ingestion & GTD Intake Engine.
Processed 0 raw notes in Inbox.
2026-08-25 17:08:33 - Raw inbox note ready for processing detected. Invoking scan-inbox...
/Users/lorenzo/Documents/GitHub/loackyPKM/99 - Meta/Scripts/brain_ingest.py:2: SyntaxWarning: invalid escape sequence '\ '
  """brain_ingest.py - Unified Second Brain Ingestion & GTD Intake Engine.
Processed 0 raw notes in Inbox.
2026-08-25 17:08:38 - Watcher daemon stopped.
2026-08-25 17:08:38 - Raw inbox note ready for processing detected. Invoking scan-inbox...
/Users/lorenzo/Documents/GitHub/loackyPKM/99 - Meta/Scripts/brain_ingest.py:2: SyntaxWarning: invalid escape sequence '\ '
  """brain_ingest.py - Unified Second Brain Ingestion & GTD Intake Engine.
Processed 0 raw notes in Inbox.
2026-08-25 17:08:38 - Obsidian running with pending reviews. Opening Review Dashboard...
2026-08-25 17:08:42 - Starting Second Brain Watcher daemon on /Users/lorenzo/Documents/GitHub/loackyPKM (PID 31053)
2026-08-25 17:08:42 - Raw inbox note ready for processing detected. Invoking scan-inbox...
/Users/lorenzo/Documents/GitHub/loackyPKM/99 - Meta/Scripts/brain_ingest.py:2: SyntaxWarning: invalid escape sequence '\ '
  """brain_ingest.py - Unified Second Brain Ingestion & GTD Intake Engine.
Processed 0 raw notes in Inbox.
2026-08-25 17:08:43 - Obsidian running with pending reviews. Opening Review Dashboard...
2026-08-25 17:08:47 - Raw inbox note ready for processing detected. Invoking scan-inbox...
/Users/lorenzo/Documents/GitHub/loackyPKM/99 - Meta/Scripts/brain_ingest.py:2: SyntaxWarning: invalid escape sequence '\ '
  """brain_ingest.py - Unified Second Brain Ingestion & GTD Intake Engine.
Processed 0 raw notes in Inbox.
2026-08-25 17:08:53 - Raw inbox note ready for processing detected. Invoking scan-inbox...
/Users/lorenzo/Documents/GitHub/loackyPKM/99 - Meta/Scripts/brain_ingest.py:2: SyntaxWarning: invalid escape sequence '\ '
  """brain_ingest.py - Unified Second Brain Ingestion & GTD Intake Engine.
Processed 0 raw notes in Inbox.
2026-08-25 17:08:58 - Raw inbox note ready for processing detected. Invoking scan-inbox...
/Users/lorenzo/Documents/GitHub/loackyPKM/99 - Meta/Scripts/brain_ingest.py:2: SyntaxWarning: invalid escape sequence '\ '
  """brain_ingest.py - Unified Second Brain Ingestion & GTD Intake Engine.
Processed 0 raw notes in Inbox.
2026-08-25 17:09:03 - Raw inbox note ready for processing detected. Invoking scan-inbox...
/Users/lorenzo/Documents/GitHub/loackyPKM/99 - Meta/Scripts/brain_ingest.py:2: SyntaxWarning: invalid escape sequence '\ '
  """brain_ingest.py - Unified Second Brain Ingestion & GTD Intake Engine.
Processed 0 raw notes in Inbox.
2026-08-25 17:09:09 - Raw inbox note ready for processing detected. Invoking scan-inbox...
/Users/lorenzo/Documents/GitHub/loackyPKM/99 - Meta/Scripts/brain_ingest.py:2: SyntaxWarning: invalid escape sequence '\ '
  """brain_ingest.py - Unified Second Brain Ingestion & GTD Intake Engine.
Processed 0 raw notes in Inbox.
2026-08-25 17:09:14 - Raw inbox note ready for processing detected. Invoking scan-inbox...
/Users/lorenzo/Documents/GitHub/loackyPKM/99 - Meta/Scripts/brain_ingest.py:2: SyntaxWarning: invalid escape sequence '\ '
  """brain_ingest.py - Unified Second Brain Ingestion & GTD Intake Engine.
Processed 0 raw notes in Inbox.
2026-08-25 17:09:19 - Raw inbox note ready for processing detected. Invoking scan-inbox...
/Users/lorenzo/Documents/GitHub/loackyPKM/99 - Meta/Scripts/brain_ingest.py:2: SyntaxWarning: invalid escape sequence '\ '
  """brain_ingest.py - Unified Second Brain Ingestion & GTD Intake Engine.
Processed 0 raw notes in Inbox.
2026-08-25 17:09:24 - Raw inbox note ready for processing detected. Invoking scan-inbox...
/Users/lorenzo/Documents/GitHub/loackyPKM/99 - Meta/Scripts/brain_ingest.py:2: SyntaxWarning: invalid escape sequence '\ '
  """brain_ingest.py - Unified Second Brain Ingestion & GTD Intake Engine.
Processed 0 raw notes in Inbox.
2026-08-25 17:09:30 - Raw inbox note ready for processing detected. Invoking scan-inbox...
/Users/lorenzo/Documents/GitHub/loackyPKM/99 - Meta/Scripts/brain_ingest.py:2: SyntaxWarning: invalid escape sequence '\ '
  """brain_ingest.py - Unified Second Brain Ingestion & GTD Intake Engine.
Processed 0 raw notes in Inbox.
2026-08-25 17:09:35 - Raw inbox note ready for processing detected. Invoking scan-inbox...
/Users/lorenzo/Documents/GitHub/loackyPKM/99 - Meta/Scripts/brain_ingest.py:2: SyntaxWarning: invalid escape sequence '\ '
  """brain_ingest.py - Unified Second Brain Ingestion & GTD Intake Engine.
Processed 0 raw notes in Inbox.
2026-08-25 17:09:40 - Raw inbox note ready for processing detected. Invoking scan-inbox...
/Users/lorenzo/Documents/GitHub/loackyPKM/99 - Meta/Scripts/brain_ingest.py:2: SyntaxWarning: invalid escape sequence '\ '
  """brain_ingest.py - Unified Second Brain Ingestion & GTD Intake Engine.
Warning: youtube_helper failed: usage: youtube_helper.py [-h] [--extract-frames] [--no-frames] [--json]
                         [--vault-root VAULT_ROOT]
                         url
youtube_helper.py: error: unrecognized arguments: /Users/lorenzo/Documents/GitHub/loackyPKM/03 - Inbox/seen-Raw Note 2026-08-25 17-09.md

Processed 0 raw notes in Inbox.
2026-08-25 17:09:46 - Raw inbox note ready for processing detected. Invoking scan-inbox...
/Users/lorenzo/Documents/GitHub/loackyPKM/99 - Meta/Scripts/brain_ingest.py:2: SyntaxWarning: invalid escape sequence '\ '
  """brain_ingest.py - Unified Second Brain Ingestion & GTD Intake Engine.
Processed 0 raw notes in Inbox.
2026-08-25 17:09:52 - Raw inbox note ready for processing detected. Invoking scan-inbox...
/Users/lorenzo/Documents/GitHub/loackyPKM/99 - Meta/Scripts/brain_ingest.py:2: SyntaxWarning: invalid escape sequence '\ '
  """brain_ingest.py - Unified Second Brain Ingestion & GTD Intake Engine.
Processed 0 raw notes in Inbox.
2026-08-25 17:09:57 - Raw inbox note ready for processing detected. Invoking scan-inbox...
/Users/lorenzo/Documents/GitHub/loackyPKM/99 - Meta/Scripts/brain_ingest.py:2: SyntaxWarning: invalid escape sequence '\ '
  """brain_ingest.py - Unified Second Brain Ingestion & GTD Intake Engine.
Processed 0 raw notes in Inbox.
2026-08-25 17:10:02 - Raw inbox note ready for processing detected. Invoking scan-inbox...
/Users/lorenzo/Documents/GitHub/loackyPKM/99 - Meta/Scripts/brain_ingest.py:2: SyntaxWarning: invalid escape sequence '\ '
  """brain_ingest.py - Unified Second Brain Ingestion & GTD Intake Engine.
Processed 0 raw notes in Inbox.
2026-08-25 17:10:07 - Raw inbox note ready for processing detected. Invoking scan-inbox...
/Users/lorenzo/Documents/GitHub/loackyPKM/99 - Meta/Scripts/brain_ingest.py:2: SyntaxWarning: invalid escape sequence '\ '
  """brain_ingest.py - Unified Second Brain Ingestion & GTD Intake Engine.
Processed 0 raw notes in Inbox.
2026-08-25 17:10:13 - Raw inbox note ready for processing detected. Invoking scan-inbox...
/Users/lorenzo/Documents/GitHub/loackyPKM/99 - Meta/Scripts/brain_ingest.py:2: SyntaxWarning: invalid escape sequence '\ '
  """brain_ingest.py - Unified Second Brain Ingestion & GTD Intake Engine.
Processed 0 raw notes in Inbox.
2026-08-25 17:10:18 - Raw inbox note ready for processing detected. Invoking scan-inbox...
/Users/lorenzo/Documents/GitHub/loackyPKM/99 - Meta/Scripts/brain_ingest.py:2: SyntaxWarning: invalid escape sequence '\ '
  """brain_ingest.py - Unified Second Brain Ingestion & GTD Intake Engine.
Processed 0 raw notes in Inbox.
2026-08-25 17:10:23 - Raw inbox note ready for processing detected. Invoking scan-inbox...
/Users/lorenzo/Documents/GitHub/loackyPKM/99 - Meta/Scripts/brain_ingest.py:2: SyntaxWarning: invalid escape sequence '\ '
  """brain_ingest.py - Unified Second Brain Ingestion & GTD Intake Engine.
Processed 0 raw notes in Inbox.
2026-08-25 17:10:28 - Raw inbox note ready for processing detected. Invoking scan-inbox...
/Users/lorenzo/Documents/GitHub/loackyPKM/99 - Meta/Scripts/brain_ingest.py:2: SyntaxWarning: invalid escape sequence '\ '
  """brain_ingest.py - Unified Second Brain Ingestion & GTD Intake Engine.
Processed 0 raw notes in Inbox.
2026-08-25 17:10:34 - Raw inbox note ready for processing detected. Invoking scan-inbox...
/Users/lorenzo/Documents/GitHub/loackyPKM/99 - Meta/Scripts/brain_ingest.py:2: SyntaxWarning: invalid escape sequence '\ '
  """brain_ingest.py - Unified Second Brain Ingestion & GTD Intake Engine.
Processed 0 raw notes in Inbox.
2026-08-25 17:10:39 - Raw inbox note ready for processing detected. Invoking scan-inbox...
/Users/lorenzo/Documents/GitHub/loackyPKM/99 - Meta/Scripts/brain_ingest.py:2: SyntaxWarning: invalid escape sequence '\ '
  """brain_ingest.py - Unified Second Brain Ingestion & GTD Intake Engine.
Processed 0 raw notes in Inbox.
2026-08-25 17:10:44 - Raw inbox note ready for processing detected. Invoking scan-inbox...
/Users/lorenzo/Documents/GitHub/loackyPKM/99 - Meta/Scripts/brain_ingest.py:2: SyntaxWarning: invalid escape sequence '\ '
  """brain_ingest.py - Unified Second Brain Ingestion & GTD Intake Engine.
Processed 0 raw notes in Inbox.
2026-08-25 17:10:50 - Raw inbox note ready for processing detected. Invoking scan-inbox...
/Users/lorenzo/Documents/GitHub/loackyPKM/99 - Meta/Scripts/brain_ingest.py:2: SyntaxWarning: invalid escape sequence '\ '
  """brain_ingest.py - Unified Second Brain Ingestion & GTD Intake Engine.
Processed 0 raw notes in Inbox.
2026-08-25 17:10:55 - Raw inbox note ready for processing detected. Invoking scan-inbox...
/Users/lorenzo/Documents/GitHub/loackyPKM/99 - Meta/Scripts/brain_ingest.py:2: SyntaxWarning: invalid escape sequence '\ '
  """brain_ingest.py - Unified Second Brain Ingestion & GTD Intake Engine.
Processed 0 raw notes in Inbox.
2026-08-25 17:11:00 - Raw inbox note ready for processing detected. Invoking scan-inbox...
/Users/lorenzo/Documents/GitHub/loackyPKM/99 - Meta/Scripts/brain_ingest.py:2: SyntaxWarning: invalid escape sequence '\ '
  """brain_ingest.py - Unified Second Brain Ingestion & GTD Intake Engine.
Processed 0 raw notes in Inbox.
2026-08-25 17:11:05 - Raw inbox note ready for processing detected. Invoking scan-inbox...
/Users/lorenzo/Documents/GitHub/loackyPKM/99 - Meta/Scripts/brain_ingest.py:2: SyntaxWarning: invalid escape sequence '\ '
  """brain_ingest.py - Unified Second Brain Ingestion & GTD Intake Engine.
Processed 0 raw notes in Inbox.
2026-08-25 17:11:11 - Raw inbox note ready for processing detected. Invoking scan-inbox...
/Users/lorenzo/Documents/GitHub/loackyPKM/99 - Meta/Scripts/brain_ingest.py:2: SyntaxWarning: invalid escape sequence '\ '
  """brain_ingest.py - Unified Second Brain Ingestion & GTD Intake Engine.
Processed 0 raw notes in Inbox.
2026-08-25 17:11:16 - Raw inbox note ready for processing detected. Invoking scan-inbox...
/Users/lorenzo/Documents/GitHub/loackyPKM/99 - Meta/Scripts/brain_ingest.py:2: SyntaxWarning: invalid escape sequence '\ '
  """brain_ingest.py - Unified Second Brain Ingestion & GTD Intake Engine.
Processed 0 raw notes in Inbox.
2026-08-25 17:11:21 - Raw inbox note ready for processing detected. Invoking scan-inbox...
/Users/lorenzo/Documents/GitHub/loackyPKM/99 - Meta/Scripts/brain_ingest.py:2: SyntaxWarning: invalid escape sequence '\ '
  """brain_ingest.py - Unified Second Brain Ingestion & GTD Intake Engine.
Processed 0 raw notes in Inbox.
2026-08-25 17:11:27 - Raw inbox note ready for processing detected. Invoking scan-inbox...
/Users/lorenzo/Documents/GitHub/loackyPKM/99 - Meta/Scripts/brain_ingest.py:2: SyntaxWarning: invalid escape sequence '\ '
  """brain_ingest.py - Unified Second Brain Ingestion & GTD Intake Engine.
Processed 0 raw notes in Inbox.
2026-08-25 17:11:32 - Raw inbox note ready for processing detected. Invoking scan-inbox...
/Users/lorenzo/Documents/GitHub/loackyPKM/99 - Meta/Scripts/brain_ingest.py:2: SyntaxWarning: invalid escape sequence '\ '
  """brain_ingest.py - Unified Second Brain Ingestion & GTD Intake Engine.
Processed 0 raw notes in Inbox.
2026-08-25 17:11:37 - Raw inbox note ready for processing detected. Invoking scan-inbox...
/Users/lorenzo/Documents/GitHub/loackyPKM/99 - Meta/Scripts/brain_ingest.py:2: SyntaxWarning: invalid escape sequence '\ '
  """brain_ingest.py - Unified Second Brain Ingestion & GTD Intake Engine.
Processed 0 raw notes in Inbox.
2026-08-25 17:11:42 - Raw inbox note ready for processing detected. Invoking scan-inbox...
/Users/lorenzo/Documents/GitHub/loackyPKM/99 - Meta/Scripts/brain_ingest.py:2: SyntaxWarning: invalid escape sequence '\ '
  """brain_ingest.py - Unified Second Brain Ingestion & GTD Intake Engine.
Processed 0 raw notes in Inbox.
2026-08-25 17:11:48 - Raw inbox note ready for processing detected. Invoking scan-inbox...
/Users/lorenzo/Documents/GitHub/loackyPKM/99 - Meta/Scripts/brain_ingest.py:2: SyntaxWarning: invalid escape sequence '\ '
  """brain_ingest.py - Unified Second Brain Ingestion & GTD Intake Engine.
Processed 0 raw notes in Inbox.
2026-08-25 17:11:53 - Raw inbox note ready for processing detected. Invoking scan-inbox...
/Users/lorenzo/Documents/GitHub/loackyPKM/99 - Meta/Scripts/brain_ingest.py:2: SyntaxWarning: invalid escape sequence '\ '
  """brain_ingest.py - Unified Second Brain Ingestion & GTD Intake Engine.
Processed 0 raw notes in Inbox.
2026-08-25 17:11:58 - Raw inbox note ready for processing detected. Invoking scan-inbox...
/Users/lorenzo/Documents/GitHub/loackyPKM/99 - Meta/Scripts/brain_ingest.py:2: SyntaxWarning: invalid escape sequence '\ '
  """brain_ingest.py - Unified Second Brain Ingestion & GTD Intake Engine.
Processed 0 raw notes in Inbox.
2026-08-25 17:12:04 - Raw inbox note ready for processing detected. Invoking scan-inbox...
/Users/lorenzo/Documents/GitHub/loackyPKM/99 - Meta/Scripts/brain_ingest.py:2: SyntaxWarning: invalid escape sequence '\ '
  """brain_ingest.py - Unified Second Brain Ingestion & GTD Intake Engine.
Processed 0 raw notes in Inbox.
2026-08-25 17:12:09 - Raw inbox note ready for processing detected. Invoking scan-inbox...
/Users/lorenzo/Documents/GitHub/loackyPKM/99 - Meta/Scripts/brain_ingest.py:2: SyntaxWarning: invalid escape sequence '\ '
  """brain_ingest.py - Unified Second Brain Ingestion & GTD Intake Engine.
Processed 0 raw notes in Inbox.
2026-08-25 17:12:14 - Raw inbox note ready for processing detected. Invoking scan-inbox...
/Users/lorenzo/Documents/GitHub/loackyPKM/99 - Meta/Scripts/brain_ingest.py:2: SyntaxWarning: invalid escape sequence '\ '
  """brain_ingest.py - Unified Second Brain Ingestion & GTD Intake Engine.
Processed 0 raw notes in Inbox.
2026-08-25 17:12:20 - Raw inbox note ready for processing detected. Invoking scan-inbox...
/Users/lorenzo/Documents/GitHub/loackyPKM/99 - Meta/Scripts/brain_ingest.py:2: SyntaxWarning: invalid escape sequence '\ '
  """brain_ingest.py - Unified Second Brain Ingestion & GTD Intake Engine.
Processed 0 raw notes in Inbox.
2026-08-25 17:12:25 - Raw inbox note ready for processing detected. Invoking scan-inbox...
/Users/lorenzo/Documents/GitHub/loackyPKM/99 - Meta/Scripts/brain_ingest.py:2: SyntaxWarning: invalid escape sequence '\ '
  """brain_ingest.py - Unified Second Brain Ingestion & GTD Intake Engine.
Processed 0 raw notes in Inbox.
2026-08-25 17:12:30 - Raw inbox note ready for processing detected. Invoking scan-inbox...
/Users/lorenzo/Documents/GitHub/loackyPKM/99 - Meta/Scripts/brain_ingest.py:2: SyntaxWarning: invalid escape sequence '\ '
  """brain_ingest.py - Unified Second Brain Ingestion & GTD Intake Engine.
Processed 0 raw notes in Inbox.
2026-08-25 17:12:36 - Raw inbox note ready for processing detected. Invoking scan-inbox...
/Users/lorenzo/Documents/GitHub/loackyPKM/99 - Meta/Scripts/brain_ingest.py:2: SyntaxWarning: invalid escape sequence '\ '
  """brain_ingest.py - Unified Second Brain Ingestion & GTD Intake Engine.
Processed 0 raw notes in Inbox.
2026-08-25 17:12:41 - Raw inbox note ready for processing detected. Invoking scan-inbox...
/Users/lorenzo/Documents/GitHub/loackyPKM/99 - Meta/Scripts/brain_ingest.py:2: SyntaxWarning: invalid escape sequence '\ '
  """brain_ingest.py - Unified Second Brain Ingestion & GTD Intake Engine.
Processed 0 raw notes in Inbox.
2026-08-25 17:12:47 - Raw inbox note ready for processing detected. Invoking scan-inbox...
/Users/lorenzo/Documents/GitHub/loackyPKM/99 - Meta/Scripts/brain_ingest.py:2: SyntaxWarning: invalid escape sequence '\ '
  """brain_ingest.py - Unified Second Brain Ingestion & GTD Intake Engine.
Processed 0 raw notes in Inbox.
2026-08-25 17:12:52 - Raw inbox note ready for processing detected. Invoking scan-inbox...
/Users/lorenzo/Documents/GitHub/loackyPKM/99 - Meta/Scripts/brain_ingest.py:2: SyntaxWarning: invalid escape sequence '\ '
  """brain_ingest.py - Unified Second Brain Ingestion & GTD Intake Engine.
Processed 0 raw notes in Inbox.
2026-08-25 17:12:57 - Raw inbox note ready for processing detected. Invoking scan-inbox...
/Users/lorenzo/Documents/GitHub/loackyPKM/99 - Meta/Scripts/brain_ingest.py:2: SyntaxWarning: invalid escape sequence '\ '
  """brain_ingest.py - Unified Second Brain Ingestion & GTD Intake Engine.
Processed 0 raw notes in Inbox.
2026-08-25 17:13:02 - Raw inbox note ready for processing detected. Invoking scan-inbox...
/Users/lorenzo/Documents/GitHub/loackyPKM/99 - Meta/Scripts/brain_ingest.py:2: SyntaxWarning: invalid escape sequence '\ '
  """brain_ingest.py - Unified Second Brain Ingestion & GTD Intake Engine.
Processed 0 raw notes in Inbox.
2026-08-25 17:13:08 - Raw inbox note ready for processing detected. Invoking scan-inbox...
/Users/lorenzo/Documents/GitHub/loackyPKM/99 - Meta/Scripts/brain_ingest.py:2: SyntaxWarning: invalid escape sequence '\ '
  """brain_ingest.py - Unified Second Brain Ingestion & GTD Intake Engine.
Processed 0 raw notes in Inbox.
2026-08-25 17:13:13 - Raw inbox note ready for processing detected. Invoking scan-inbox...
/Users/lorenzo/Documents/GitHub/loackyPKM/99 - Meta/Scripts/brain_ingest.py:2: SyntaxWarning: invalid escape sequence '\ '
  """brain_ingest.py - Unified Second Brain Ingestion & GTD Intake Engine.
Processed 0 raw notes in Inbox.
2026-08-25 17:13:18 - Raw inbox note ready for processing detected. Invoking scan-inbox...
/Users/lorenzo/Documents/GitHub/loackyPKM/99 - Meta/Scripts/brain_ingest.py:2: SyntaxWarning: invalid escape sequence '\ '
  """brain_ingest.py - Unified Second Brain Ingestion & GTD Intake Engine.
Processed 0 raw notes in Inbox.
2026-08-25 17:13:24 - Raw inbox note ready for processing detected. Invoking scan-inbox...
/Users/lorenzo/Documents/GitHub/loackyPKM/99 - Meta/Scripts/brain_ingest.py:2: SyntaxWarning: invalid escape sequence '\ '
  """brain_ingest.py - Unified Second Brain Ingestion & GTD Intake Engine.
Processed 0 raw notes in Inbox.
2026-08-25 17:13:29 - Raw inbox note ready for processing detected. Invoking scan-inbox...
/Users/lorenzo/Documents/GitHub/loackyPKM/99 - Meta/Scripts/brain_ingest.py:2: SyntaxWarning: invalid escape sequence '\ '
  """brain_ingest.py - Unified Second Brain Ingestion & GTD Intake Engine.
Processed 0 raw notes in Inbox.
2026-08-25 17:13:34 - Raw inbox note ready for processing detected. Invoking scan-inbox...
/Users/lorenzo/Documents/GitHub/loackyPKM/99 - Meta/Scripts/brain_ingest.py:2: SyntaxWarning: invalid escape sequence '\ '
  """brain_ingest.py - Unified Second Brain Ingestion & GTD Intake Engine.
Processed 0 raw notes in Inbox.
2026-08-25 17:13:39 - Raw inbox note ready for processing detected. Invoking scan-inbox...
/Users/lorenzo/Documents/GitHub/loackyPKM/99 - Meta/Scripts/brain_ingest.py:2: SyntaxWarning: invalid escape sequence '\ '
  """brain_ingest.py - Unified Second Brain Ingestion & GTD Intake Engine.
Processed 0 raw notes in Inbox.
2026-08-25 17:13:45 - Raw inbox note ready for processing detected. Invoking scan-inbox...
/Users/lorenzo/Documents/GitHub/loackyPKM/99 - Meta/Scripts/brain_ingest.py:2: SyntaxWarning: invalid escape sequence '\ '
  """brain_ingest.py - Unified Second Brain Ingestion & GTD Intake Engine.
Processed 0 raw notes in Inbox.
2026-08-25 17:13:51 - Raw inbox note ready for processing detected. Invoking scan-inbox...
/Users/lorenzo/Documents/GitHub/loackyPKM/99 - Meta/Scripts/brain_ingest.py:2: SyntaxWarning: invalid escape sequence '\ '
  """brain_ingest.py - Unified Second Brain Ingestion & GTD Intake Engine.
Processed 0 raw notes in Inbox.
2026-08-25 17:13:56 - Raw inbox note ready for processing detected. Invoking scan-inbox...
/Users/lorenzo/Documents/GitHub/loackyPKM/99 - Meta/Scripts/brain_ingest.py:2: SyntaxWarning: invalid escape sequence '\ '
  """brain_ingest.py - Unified Second Brain Ingestion & GTD Intake Engine.
Processed 0 raw notes in Inbox.
2026-08-25 17:14:01 - Raw inbox note ready for processing detected. Invoking scan-inbox...
/Users/lorenzo/Documents/GitHub/loackyPKM/99 - Meta/Scripts/brain_ingest.py:2: SyntaxWarning: invalid escape sequence '\ '
  """brain_ingest.py - Unified Second Brain Ingestion & GTD Intake Engine.
Processed 0 raw notes in Inbox.
2026-08-25 17:14:06 - Raw inbox note ready for processing detected. Invoking scan-inbox...
/Users/lorenzo/Documents/GitHub/loackyPKM/99 - Meta/Scripts/brain_ingest.py:2: SyntaxWarning: invalid escape sequence '\ '
  """brain_ingest.py - Unified Second Brain Ingestion & GTD Intake Engine.
Processed 0 raw notes in Inbox.
2026-08-25 17:14:12 - Raw inbox note ready for processing detected. Invoking scan-inbox...
/Users/lorenzo/Documents/GitHub/loackyPKM/99 - Meta/Scripts/brain_ingest.py:2: SyntaxWarning: invalid escape sequence '\ '
  """brain_ingest.py - Unified Second Brain Ingestion & GTD Intake Engine.
Processed 0 raw notes in Inbox.
2026-08-25 17:14:17 - Raw inbox note ready for processing detected. Invoking scan-inbox...
/Users/lorenzo/Documents/GitHub/loackyPKM/99 - Meta/Scripts/brain_ingest.py:2: SyntaxWarning: invalid escape sequence '\ '
  """brain_ingest.py - Unified Second Brain Ingestion & GTD Intake Engine.
Processed 0 raw notes in Inbox.
2026-08-25 17:14:22 - Raw inbox note ready for processing detected. Invoking scan-inbox...
/Users/lorenzo/Documents/GitHub/loackyPKM/99 - Meta/Scripts/brain_ingest.py:2: SyntaxWarning: invalid escape sequence '\ '
  """brain_ingest.py - Unified Second Brain Ingestion & GTD Intake Engine.
Processed 0 raw notes in Inbox.
2026-08-25 17:14:28 - Raw inbox note ready for processing detected. Invoking scan-inbox...
/Users/lorenzo/Documents/GitHub/loackyPKM/99 - Meta/Scripts/brain_ingest.py:2: SyntaxWarning: invalid escape sequence '\ '
  """brain_ingest.py - Unified Second Brain Ingestion & GTD Intake Engine.
Processed 0 raw notes in Inbox.
2026-08-25 17:30:48 - Raw inbox note ready for processing detected. Invoking scan-inbox...
/Users/lorenzo/Documents/GitHub/loackyPKM/99 - Meta/Scripts/brain_ingest.py:2: SyntaxWarning: invalid escape sequence '\ '
  """brain_ingest.py - Unified Second Brain Ingestion & GTD Intake Engine.
Processed 0 raw notes in Inbox.
2026-08-25 17:30:53 - Raw inbox note ready for processing detected. Invoking scan-inbox...
/Users/lorenzo/Documents/GitHub/loackyPKM/99 - Meta/Scripts/brain_ingest.py:2: SyntaxWarning: invalid escape sequence '\ '
  """brain_ingest.py - Unified Second Brain Ingestion & GTD Intake Engine.
Processed 0 raw notes in Inbox.
2026-08-25 17:30:59 - Raw inbox note ready for processing detected. Invoking scan-inbox...
/Users/lorenzo/Documents/GitHub/loackyPKM/99 - Meta/Scripts/brain_ingest.py:2: SyntaxWarning: invalid escape sequence '\ '
  """brain_ingest.py - Unified Second Brain Ingestion & GTD Intake Engine.
Processed 0 raw notes in Inbox.
2026-08-25 17:31:04 - Raw inbox note ready for processing detected. Invoking scan-inbox...
/Users/lorenzo/Documents/GitHub/loackyPKM/99 - Meta/Scripts/brain_ingest.py:2: SyntaxWarning: invalid escape sequence '\ '
  """brain_ingest.py - Unified Second Brain Ingestion & GTD Intake Engine.
Processed 0 raw notes in Inbox.
2026-08-25 17:31:09 - Raw inbox note ready for processing detected. Invoking scan-inbox...
/Users/lorenzo/Documents/GitHub/loackyPKM/99 - Meta/Scripts/brain_ingest.py:2: SyntaxWarning: invalid escape sequence '\ '
  """brain_ingest.py - Unified Second Brain Ingestion & GTD Intake Engine.
Processed 0 raw notes in Inbox.
2026-08-25 17:31:15 - Raw inbox note ready for processing detected. Invoking scan-inbox...
/Users/lorenzo/Documents/GitHub/loackyPKM/99 - Meta/Scripts/brain_ingest.py:2: SyntaxWarning: invalid escape sequence '\ '
  """brain_ingest.py - Unified Second Brain Ingestion & GTD Intake Engine.
Processed 0 raw notes in Inbox.
2026-08-25 17:31:20 - Raw inbox note ready for processing detected. Invoking scan-inbox...
/Users/lorenzo/Documents/GitHub/loackyPKM/99 - Meta/Scripts/brain_ingest.py:2: SyntaxWarning: invalid escape sequence '\ '
  """brain_ingest.py - Unified Second Brain Ingestion & GTD Intake Engine.
Processed 0 raw notes in Inbox.
2026-08-25 17:31:25 - Raw inbox note ready for processing detected. Invoking scan-inbox...
/Users/lorenzo/Documents/GitHub/loackyPKM/99 - Meta/Scripts/brain_ingest.py:2: SyntaxWarning: invalid escape sequence '\ '
  """brain_ingest.py - Unified Second Brain Ingestion & GTD Intake Engine.
Processed 0 raw notes in Inbox.
2026-08-25 17:31:30 - Raw inbox note ready for processing detected. Invoking scan-inbox...
/Users/lorenzo/Documents/GitHub/loackyPKM/99 - Meta/Scripts/brain_ingest.py:2: SyntaxWarning: invalid escape sequence '\ '
  """brain_ingest.py - Unified Second Brain Ingestion & GTD Intake Engine.
Processed 0 raw notes in Inbox.
2026-08-25 17:47:56 - Raw inbox note ready for processing detected. Invoking scan-inbox...
/Users/lorenzo/Documents/GitHub/loackyPKM/99 - Meta/Scripts/brain_ingest.py:2: SyntaxWarning: invalid escape sequence '\ '
  """brain_ingest.py - Unified Second Brain Ingestion & GTD Intake Engine.
Processed 0 raw notes in Inbox.
2026-08-25 17:48:01 - Raw inbox note ready for processing detected. Invoking scan-inbox...
/Users/lorenzo/Documents/GitHub/loackyPKM/99 - Meta/Scripts/brain_ingest.py:2: SyntaxWarning: invalid escape sequence '\ '
  """brain_ingest.py - Unified Second Brain Ingestion & GTD Intake Engine.
Processed 0 raw notes in Inbox.
2026-08-25 17:48:06 - Raw inbox note ready for processing detected. Invoking scan-inbox...
/Users/lorenzo/Documents/GitHub/loackyPKM/99 - Meta/Scripts/brain_ingest.py:2: SyntaxWarning: invalid escape sequence '\ '
  """brain_ingest.py - Unified Second Brain Ingestion & GTD Intake Engine.
Processed 0 raw notes in Inbox.
2026-08-25 17:48:12 - Raw inbox note ready for processing detected. Invoking scan-inbox...
/Users/lorenzo/Documents/GitHub/loackyPKM/99 - Meta/Scripts/brain_ingest.py:2: SyntaxWarning: invalid escape sequence '\ '
  """brain_ingest.py - Unified Second Brain Ingestion & GTD Intake Engine.
Processed 0 raw notes in Inbox.
2026-08-25 17:48:17 - Raw inbox note ready for processing detected. Invoking scan-inbox...
/Users/lorenzo/Documents/GitHub/loackyPKM/99 - Meta/Scripts/brain_ingest.py:2: SyntaxWarning: invalid escape sequence '\ '
  """brain_ingest.py - Unified Second Brain Ingestion & GTD Intake Engine.
Processed 0 raw notes in Inbox.
2026-08-25 17:48:22 - Raw inbox note ready for processing detected. Invoking scan-inbox...
/Users/lorenzo/Documents/GitHub/loackyPKM/99 - Meta/Scripts/brain_ingest.py:2: SyntaxWarning: invalid escape sequence '\ '
  """brain_ingest.py - Unified Second Brain Ingestion & GTD Intake Engine.
Processed 0 raw notes in Inbox.
2026-08-25 17:48:28 - Raw inbox note ready for processing detected. Invoking scan-inbox...
/Users/lorenzo/Documents/GitHub/loackyPKM/99 - Meta/Scripts/brain_ingest.py:2: SyntaxWarning: invalid escape sequence '\ '
  """brain_ingest.py - Unified Second Brain Ingestion & GTD Intake Engine.
Processed 0 raw notes in Inbox.
2026-08-25 17:48:33 - Raw inbox note ready for processing detected. Invoking scan-inbox...
/Users/lorenzo/Documents/GitHub/loackyPKM/99 - Meta/Scripts/brain_ingest.py:2: SyntaxWarning: invalid escape sequence '\ '
  """brain_ingest.py - Unified Second Brain Ingestion & GTD Intake Engine.
Processed 0 raw notes in Inbox.
2026-08-25 17:48:38 - Raw inbox note ready for processing detected. Invoking scan-inbox...
/Users/lorenzo/Documents/GitHub/loackyPKM/99 - Meta/Scripts/brain_ingest.py:2: SyntaxWarning: invalid escape sequence '\ '
  """brain_ingest.py - Unified Second Brain Ingestion & GTD Intake Engine.
Processed 0 raw notes in Inbox.
2026-08-25 17:48:43 - Raw inbox note ready for processing detected. Invoking scan-inbox...
/Users/lorenzo/Documents/GitHub/loackyPKM/99 - Meta/Scripts/brain_ingest.py:2: SyntaxWarning: invalid escape sequence '\ '
  """brain_ingest.py - Unified Second Brain Ingestion & GTD Intake Engine.
Processed 0 raw notes in Inbox.
2026-08-25 17:48:49 - Raw inbox note ready for processing detected. Invoking scan-inbox...
/Users/lorenzo/Documents/GitHub/loackyPKM/99 - Meta/Scripts/brain_ingest.py:2: SyntaxWarning: invalid escape sequence '\ '
  """brain_ingest.py - Unified Second Brain Ingestion & GTD Intake Engine.
Processed 0 raw notes in Inbox.
2026-08-25 17:48:54 - Raw inbox note ready for processing detected. Invoking scan-inbox...
/Users/lorenzo/Documents/GitHub/loackyPKM/99 - Meta/Scripts/brain_ingest.py:2: SyntaxWarning: invalid escape sequence '\ '
  """brain_ingest.py - Unified Second Brain Ingestion & GTD Intake Engine.
Processed 0 raw notes in Inbox.
2026-08-25 17:48:59 - Raw inbox note ready for processing detected. Invoking scan-inbox...
/Users/lorenzo/Documents/GitHub/loackyPKM/99 - Meta/Scripts/brain_ingest.py:2: SyntaxWarning: invalid escape sequence '\ '
  """brain_ingest.py - Unified Second Brain Ingestion & GTD Intake Engine.
Processed 0 raw notes in Inbox.
2026-08-25 17:49:05 - Raw inbox note ready for processing detected. Invoking scan-inbox...
/Users/lorenzo/Documents/GitHub/loackyPKM/99 - Meta/Scripts/brain_ingest.py:2: SyntaxWarning: invalid escape sequence '\ '
  """brain_ingest.py - Unified Second Brain Ingestion & GTD Intake Engine.
Processed 0 raw notes in Inbox.
2026-08-25 17:49:10 - Raw inbox note ready for processing detected. Invoking scan-inbox...
/Users/lorenzo/Documents/GitHub/loackyPKM/99 - Meta/Scripts/brain_ingest.py:2: SyntaxWarning: invalid escape sequence '\ '
  """brain_ingest.py - Unified Second Brain Ingestion & GTD Intake Engine.
Processed 0 raw notes in Inbox.
2026-08-25 17:49:15 - Raw inbox note ready for processing detected. Invoking scan-inbox...
/Users/lorenzo/Documents/GitHub/loackyPKM/99 - Meta/Scripts/brain_ingest.py:2: SyntaxWarning: invalid escape sequence '\ '
  """brain_ingest.py - Unified Second Brain Ingestion & GTD Intake Engine.
Processed 0 raw notes in Inbox.
2026-08-25 17:49:21 - Raw inbox note ready for processing detected. Invoking scan-inbox...
/Users/lorenzo/Documents/GitHub/loackyPKM/99 - Meta/Scripts/brain_ingest.py:2: SyntaxWarning: invalid escape sequence '\ '
  """brain_ingest.py - Unified Second Brain Ingestion & GTD Intake Engine.
Processed 0 raw notes in Inbox.
2026-08-25 17:49:26 - Raw inbox note ready for processing detected. Invoking scan-inbox...
/Users/lorenzo/Documents/GitHub/loackyPKM/99 - Meta/Scripts/brain_ingest.py:2: SyntaxWarning: invalid escape sequence '\ '
  """brain_ingest.py - Unified Second Brain Ingestion & GTD Intake Engine.
Processed 0 raw notes in Inbox.
2026-08-25 17:49:31 - Raw inbox note ready for processing detected. Invoking scan-inbox...
/Users/lorenzo/Documents/GitHub/loackyPKM/99 - Meta/Scripts/brain_ingest.py:2: SyntaxWarning: invalid escape sequence '\ '
  """brain_ingest.py - Unified Second Brain Ingestion & GTD Intake Engine.
Processed 0 raw notes in Inbox.
2026-08-25 17:49:36 - Raw inbox note ready for processing detected. Invoking scan-inbox...
/Users/lorenzo/Documents/GitHub/loackyPKM/99 - Meta/Scripts/brain_ingest.py:2: SyntaxWarning: invalid escape sequence '\ '
  """brain_ingest.py - Unified Second Brain Ingestion & GTD Intake Engine.
Processed 0 raw notes in Inbox.
2026-08-25 17:49:42 - Raw inbox note ready for processing detected. Invoking scan-inbox...
/Users/lorenzo/Documents/GitHub/loackyPKM/99 - Meta/Scripts/brain_ingest.py:2: SyntaxWarning: invalid escape sequence '\ '
  """brain_ingest.py - Unified Second Brain Ingestion & GTD Intake Engine.
Processed 0 raw notes in Inbox.
2026-08-25 18:05:11 - Raw inbox note ready for processing detected. Invoking scan-inbox...
/Users/lorenzo/Documents/GitHub/loackyPKM/99 - Meta/Scripts/brain_ingest.py:2: SyntaxWarning: invalid escape sequence '\ '
  """brain_ingest.py - Unified Second Brain Ingestion & GTD Intake Engine.
Processed 0 raw notes in Inbox.
2026-08-25 18:05:16 - Raw inbox note ready for processing detected. Invoking scan-inbox...
/Users/lorenzo/Documents/GitHub/loackyPKM/99 - Meta/Scripts/brain_ingest.py:2: SyntaxWarning: invalid escape sequence '\ '
  """brain_ingest.py - Unified Second Brain Ingestion & GTD Intake Engine.
Processed 0 raw notes in Inbox.
2026-08-25 18:05:22 - Raw inbox note ready for processing detected. Invoking scan-inbox...
/Users/lorenzo/Documents/GitHub/loackyPKM/99 - Meta/Scripts/brain_ingest.py:2: SyntaxWarning: invalid escape sequence '\ '
  """brain_ingest.py - Unified Second Brain Ingestion & GTD Intake Engine.
Processed 0 raw notes in Inbox.
2026-08-25 18:05:27 - Raw inbox note ready for processing detected. Invoking scan-inbox...
/Users/lorenzo/Documents/GitHub/loackyPKM/99 - Meta/Scripts/brain_ingest.py:2: SyntaxWarning: invalid escape sequence '\ '
  """brain_ingest.py - Unified Second Brain Ingestion & GTD Intake Engine.
Processed 0 raw notes in Inbox.
2026-08-25 18:05:32 - Raw inbox note ready for processing detected. Invoking scan-inbox...
/Users/lorenzo/Documents/GitHub/loackyPKM/99 - Meta/Scripts/brain_ingest.py:2: SyntaxWarning: invalid escape sequence '\ '
  """brain_ingest.py - Unified Second Brain Ingestion & GTD Intake Engine.
Processed 0 raw notes in Inbox.
2026-08-25 18:05:37 - Raw inbox note ready for processing detected. Invoking scan-inbox...
/Users/lorenzo/Documents/GitHub/loackyPKM/99 - Meta/Scripts/brain_ingest.py:2: SyntaxWarning: invalid escape sequence '\ '
  """brain_ingest.py - Unified Second Brain Ingestion & GTD Intake Engine.
Processed 0 raw notes in Inbox.
2026-08-25 18:05:43 - Raw inbox note ready for processing detected. Invoking scan-inbox...
/Users/lorenzo/Documents/GitHub/loackyPKM/99 - Meta/Scripts/brain_ingest.py:2: SyntaxWarning: invalid escape sequence '\ '
  """brain_ingest.py - Unified Second Brain Ingestion & GTD Intake Engine.
Processed 0 raw notes in Inbox.
2026-08-25 18:05:48 - Raw inbox note ready for processing detected. Invoking scan-inbox...
/Users/lorenzo/Documents/GitHub/loackyPKM/99 - Meta/Scripts/brain_ingest.py:2: SyntaxWarning: invalid escape sequence '\ '
  """brain_ingest.py - Unified Second Brain Ingestion & GTD Intake Engine.
Processed 0 raw notes in Inbox.
2026-08-25 18:05:53 - Raw inbox note ready for processing detected. Invoking scan-inbox...
/Users/lorenzo/Documents/GitHub/loackyPKM/99 - Meta/Scripts/brain_ingest.py:2: SyntaxWarning: invalid escape sequence '\ '
  """brain_ingest.py - Unified Second Brain Ingestion & GTD Intake Engine.
Processed 0 raw notes in Inbox.
2026-08-25 18:05:59 - Raw inbox note ready for processing detected. Invoking scan-inbox...
/Users/lorenzo/Documents/GitHub/loackyPKM/99 - Meta/Scripts/brain_ingest.py:2: SyntaxWarning: invalid escape sequence '\ '
  """brain_ingest.py - Unified Second Brain Ingestion & GTD Intake Engine.
Processed 0 raw notes in Inbox.
2026-08-25 18:06:04 - Raw inbox note ready for processing detected. Invoking scan-inbox...
/Users/lorenzo/Documents/GitHub/loackyPKM/99 - Meta/Scripts/brain_ingest.py:2: SyntaxWarning: invalid escape sequence '\ '
  """brain_ingest.py - Unified Second Brain Ingestion & GTD Intake Engine.
Processed 0 raw notes in Inbox.
2026-08-25 18:06:09 - Raw inbox note ready for processing detected. Invoking scan-inbox...
/Users/lorenzo/Documents/GitHub/loackyPKM/99 - Meta/Scripts/brain_ingest.py:2: SyntaxWarning: invalid escape sequence '\ '
  """brain_ingest.py - Unified Second Brain Ingestion & GTD Intake Engine.
Processed 0 raw notes in Inbox.
2026-08-25 18:06:14 - Raw inbox note ready for processing detected. Invoking scan-inbox...
/Users/lorenzo/Documents/GitHub/loackyPKM/99 - Meta/Scripts/brain_ingest.py:2: SyntaxWarning: invalid escape sequence '\ '
  """brain_ingest.py - Unified Second Brain Ingestion & GTD Intake Engine.
Processed 0 raw notes in Inbox.
2026-08-25 18:06:20 - Raw inbox note ready for processing detected. Invoking scan-inbox...
/Users/lorenzo/Documents/GitHub/loackyPKM/99 - Meta/Scripts/brain_ingest.py:2: SyntaxWarning: invalid escape sequence '\ '
  """brain_ingest.py - Unified Second Brain Ingestion & GTD Intake Engine.
Processed 0 raw notes in Inbox.
2026-08-25 18:06:25 - Raw inbox note ready for processing detected. Invoking scan-inbox...
/Users/lorenzo/Documents/GitHub/loackyPKM/99 - Meta/Scripts/brain_ingest.py:2: SyntaxWarning: invalid escape sequence '\ '
  """brain_ingest.py - Unified Second Brain Ingestion & GTD Intake Engine.
Processed 0 raw notes in Inbox.
2026-08-25 18:06:30 - Raw inbox note ready for processing detected. Invoking scan-inbox...
/Users/lorenzo/Documents/GitHub/loackyPKM/99 - Meta/Scripts/brain_ingest.py:2: SyntaxWarning: invalid escape sequence '\ '
  """brain_ingest.py - Unified Second Brain Ingestion & GTD Intake Engine.
Processed 0 raw notes in Inbox.
2026-08-25 18:06:35 - Raw inbox note ready for processing detected. Invoking scan-inbox...
/Users/lorenzo/Documents/GitHub/loackyPKM/99 - Meta/Scripts/brain_ingest.py:2: SyntaxWarning: invalid escape sequence '\ '
  """brain_ingest.py - Unified Second Brain Ingestion & GTD Intake Engine.
Processed 0 raw notes in Inbox.
2026-08-25 18:06:41 - Raw inbox note ready for processing detected. Invoking scan-inbox...
/Users/lorenzo/Documents/GitHub/loackyPKM/99 - Meta/Scripts/brain_ingest.py:2: SyntaxWarning: invalid escape sequence '\ '
  """brain_ingest.py - Unified Second Brain Ingestion & GTD Intake Engine.
Processed 0 raw notes in Inbox.
2026-08-25 18:06:46 - Raw inbox note ready for processing detected. Invoking scan-inbox...
/Users/lorenzo/Documents/GitHub/loackyPKM/99 - Meta/Scripts/brain_ingest.py:2: SyntaxWarning: invalid escape sequence '\ '
  """brain_ingest.py - Unified Second Brain Ingestion & GTD Intake Engine.
Processed 0 raw notes in Inbox.
2026-08-25 18:06:51 - Raw inbox note ready for processing detected. Invoking scan-inbox...
/Users/lorenzo/Documents/GitHub/loackyPKM/99 - Meta/Scripts/brain_ingest.py:2: SyntaxWarning: invalid escape sequence '\ '
  """brain_ingest.py - Unified Second Brain Ingestion & GTD Intake Engine.
Processed 0 raw notes in Inbox.
2026-08-25 18:06:57 - Raw inbox note ready for processing detected. Invoking scan-inbox...
/Users/lorenzo/Documents/GitHub/loackyPKM/99 - Meta/Scripts/brain_ingest.py:2: SyntaxWarning: invalid escape sequence '\ '
  """brain_ingest.py - Unified Second Brain Ingestion & GTD Intake Engine.
Processed 0 raw notes in Inbox.
2026-08-25 18:07:02 - Raw inbox note ready for processing detected. Invoking scan-inbox...
/Users/lorenzo/Documents/GitHub/loackyPKM/99 - Meta/Scripts/brain_ingest.py:2: SyntaxWarning: invalid escape sequence '\ '
  """brain_ingest.py - Unified Second Brain Ingestion & GTD Intake Engine.
Processed 0 raw notes in Inbox.
2026-08-25 18:07:07 - Raw inbox note ready for processing detected. Invoking scan-inbox...
/Users/lorenzo/Documents/GitHub/loackyPKM/99 - Meta/Scripts/brain_ingest.py:2: SyntaxWarning: invalid escape sequence '\ '
  """brain_ingest.py - Unified Second Brain Ingestion & GTD Intake Engine.
Processed 0 raw notes in Inbox.
2026-08-25 18:07:12 - Raw inbox note ready for processing detected. Invoking scan-inbox...
/Users/lorenzo/Documents/GitHub/loackyPKM/99 - Meta/Scripts/brain_ingest.py:2: SyntaxWarning: invalid escape sequence '\ '
  """brain_ingest.py - Unified Second Brain Ingestion & GTD Intake Engine.
Processed 0 raw notes in Inbox.
2026-08-25 18:07:18 - Raw inbox note ready for processing detected. Invoking scan-inbox...
/Users/lorenzo/Documents/GitHub/loackyPKM/99 - Meta/Scripts/brain_ingest.py:2: SyntaxWarning: invalid escape sequence '\ '
  """brain_ingest.py - Unified Second Brain Ingestion & GTD Intake Engine.
Processed 0 raw notes in Inbox.
2026-08-25 18:07:23 - Raw inbox note ready for processing detected. Invoking scan-inbox...
/Users/lorenzo/Documents/GitHub/loackyPKM/99 - Meta/Scripts/brain_ingest.py:2: SyntaxWarning: invalid escape sequence '\ '
  """brain_ingest.py - Unified Second Brain Ingestion & GTD Intake Engine.
Processed 0 raw notes in Inbox.
2026-08-25 18:07:28 - Raw inbox note ready for processing detected. Invoking scan-inbox...
/Users/lorenzo/Documents/GitHub/loackyPKM/99 - Meta/Scripts/brain_ingest.py:2: SyntaxWarning: invalid escape sequence '\ '
  """brain_ingest.py - Unified Second Brain Ingestion & GTD Intake Engine.
Processed 0 raw notes in Inbox.
2026-08-25 18:07:34 - Raw inbox note ready for processing detected. Invoking scan-inbox...
/Users/lorenzo/Documents/GitHub/loackyPKM/99 - Meta/Scripts/brain_ingest.py:2: SyntaxWarning: invalid escape sequence '\ '
  """brain_ingest.py - Unified Second Brain Ingestion & GTD Intake Engine.
Processed 0 raw notes in Inbox.
2026-08-25 18:07:39 - Raw inbox note ready for processing detected. Invoking scan-inbox...
/Users/lorenzo/Documents/GitHub/loackyPKM/99 - Meta/Scripts/brain_ingest.py:2: SyntaxWarning: invalid escape sequence '\ '
  """brain_ingest.py - Unified Second Brain Ingestion & GTD Intake Engine.
Processed 0 raw notes in Inbox.
2026-08-25 18:07:44 - Raw inbox note ready for processing detected. Invoking scan-inbox...
/Users/lorenzo/Documents/GitHub/loackyPKM/99 - Meta/Scripts/brain_ingest.py:2: SyntaxWarning: invalid escape sequence '\ '
  """brain_ingest.py - Unified Second Brain Ingestion & GTD Intake Engine.
Processed 0 raw notes in Inbox.
2026-08-25 18:07:49 - Raw inbox note ready for processing detected. Invoking scan-inbox...
/Users/lorenzo/Documents/GitHub/loackyPKM/99 - Meta/Scripts/brain_ingest.py:2: SyntaxWarning: invalid escape sequence '\ '
  """brain_ingest.py - Unified Second Brain Ingestion & GTD Intake Engine.
Processed 0 raw notes in Inbox.
2026-08-25 18:07:55 - Raw inbox note ready for processing detected. Invoking scan-inbox...
/Users/lorenzo/Documents/GitHub/loackyPKM/99 - Meta/Scripts/brain_ingest.py:2: SyntaxWarning: invalid escape sequence '\ '
  """brain_ingest.py - Unified Second Brain Ingestion & GTD Intake Engine.
Processed 0 raw notes in Inbox.
2026-08-25 18:08:00 - Raw inbox note ready for processing detected. Invoking scan-inbox...
/Users/lorenzo/Documents/GitHub/loackyPKM/99 - Meta/Scripts/brain_ingest.py:2: SyntaxWarning: invalid escape sequence '\ '
  """brain_ingest.py - Unified Second Brain Ingestion & GTD Intake Engine.
Processed 0 raw notes in Inbox.
2026-08-25 18:08:05 - Raw inbox note ready for processing detected. Invoking scan-inbox...
/Users/lorenzo/Documents/GitHub/loackyPKM/99 - Meta/Scripts/brain_ingest.py:2: SyntaxWarning: invalid escape sequence '\ '
  """brain_ingest.py - Unified Second Brain Ingestion & GTD Intake Engine.
Processed 0 raw notes in Inbox.
2026-08-25 18:08:11 - Raw inbox note ready for processing detected. Invoking scan-inbox...
/Users/lorenzo/Documents/GitHub/loackyPKM/99 - Meta/Scripts/brain_ingest.py:2: SyntaxWarning: invalid escape sequence '\ '
  """brain_ingest.py - Unified Second Brain Ingestion & GTD Intake Engine.
Processed 0 raw notes in Inbox.
2026-08-25 18:08:16 - Raw inbox note ready for processing detected. Invoking scan-inbox...
/Users/lorenzo/Documents/GitHub/loackyPKM/99 - Meta/Scripts/brain_ingest.py:2: SyntaxWarning: invalid escape sequence '\ '
  """brain_ingest.py - Unified Second Brain Ingestion & GTD Intake Engine.
Processed 0 raw notes in Inbox.
2026-08-25 18:08:21 - Raw inbox note ready for processing detected. Invoking scan-inbox...
/Users/lorenzo/Documents/GitHub/loackyPKM/99 - Meta/Scripts/brain_ingest.py:2: SyntaxWarning: invalid escape sequence '\ '
  """brain_ingest.py - Unified Second Brain Ingestion & GTD Intake Engine.
Processed 0 raw notes in Inbox.
2026-08-25 18:08:26 - Raw inbox note ready for processing detected. Invoking scan-inbox...
/Users/lorenzo/Documents/GitHub/loackyPKM/99 - Meta/Scripts/brain_ingest.py:2: SyntaxWarning: invalid escape sequence '\ '
  """brain_ingest.py - Unified Second Brain Ingestion & GTD Intake Engine.
Processed 0 raw notes in Inbox.
2026-08-25 18:08:32 - Raw inbox note ready for processing detected. Invoking scan-inbox...
/Users/lorenzo/Documents/GitHub/loackyPKM/99 - Meta/Scripts/brain_ingest.py:2: SyntaxWarning: invalid escape sequence '\ '
  """brain_ingest.py - Unified Second Brain Ingestion & GTD Intake Engine.
Processed 0 raw notes in Inbox.
2026-08-25 18:08:37 - Raw inbox note ready for processing detected. Invoking scan-inbox...
/Users/lorenzo/Documents/GitHub/loackyPKM/99 - Meta/Scripts/brain_ingest.py:2: SyntaxWarning: invalid escape sequence '\ '
  """brain_ingest.py - Unified Second Brain Ingestion & GTD Intake Engine.
Processed 0 raw notes in Inbox.
2026-08-25 18:08:42 - Raw inbox note ready for processing detected. Invoking scan-inbox...
/Users/lorenzo/Documents/GitHub/loackyPKM/99 - Meta/Scripts/brain_ingest.py:2: SyntaxWarning: invalid escape sequence '\ '
  """brain_ingest.py - Unified Second Brain Ingestion & GTD Intake Engine.
Processed 0 raw notes in Inbox.
2026-08-25 18:08:48 - Raw inbox note ready for processing detected. Invoking scan-inbox...
/Users/lorenzo/Documents/GitHub/loackyPKM/99 - Meta/Scripts/brain_ingest.py:2: SyntaxWarning: invalid escape sequence '\ '
  """brain_ingest.py - Unified Second Brain Ingestion & GTD Intake Engine.
Processed 0 raw notes in Inbox.
2026-08-25 18:08:53 - Raw inbox note ready for processing detected. Invoking scan-inbox...
/Users/lorenzo/Documents/GitHub/loackyPKM/99 - Meta/Scripts/brain_ingest.py:2: SyntaxWarning: invalid escape sequence '\ '
  """brain_ingest.py - Unified Second Brain Ingestion & GTD Intake Engine.
Processed 0 raw notes in Inbox.
2026-08-25 18:08:58 - Raw inbox note ready for processing detected. Invoking scan-inbox...
/Users/lorenzo/Documents/GitHub/loackyPKM/99 - Meta/Scripts/brain_ingest.py:2: SyntaxWarning: invalid escape sequence '\ '
  """brain_ingest.py - Unified Second Brain Ingestion & GTD Intake Engine.
Processed 0 raw notes in Inbox.
2026-08-25 18:09:03 - Raw inbox note ready for processing detected. Invoking scan-inbox...
/Users/lorenzo/Documents/GitHub/loackyPKM/99 - Meta/Scripts/brain_ingest.py:2: SyntaxWarning: invalid escape sequence '\ '
  """brain_ingest.py - Unified Second Brain Ingestion & GTD Intake Engine.
Processed 0 raw notes in Inbox.
2026-08-25 18:09:09 - Raw inbox note ready for processing detected. Invoking scan-inbox...
/Users/lorenzo/Documents/GitHub/loackyPKM/99 - Meta/Scripts/brain_ingest.py:2: SyntaxWarning: invalid escape sequence '\ '
  """brain_ingest.py - Unified Second Brain Ingestion & GTD Intake Engine.
Processed 0 raw notes in Inbox.
2026-08-25 18:09:14 - Raw inbox note ready for processing detected. Invoking scan-inbox...
/Users/lorenzo/Documents/GitHub/loackyPKM/99 - Meta/Scripts/brain_ingest.py:2: SyntaxWarning: invalid escape sequence '\ '
  """brain_ingest.py - Unified Second Brain Ingestion & GTD Intake Engine.
Processed 0 raw notes in Inbox.
2026-08-25 18:09:19 - Raw inbox note ready for processing detected. Invoking scan-inbox...
/Users/lorenzo/Documents/GitHub/loackyPKM/99 - Meta/Scripts/brain_ingest.py:2: SyntaxWarning: invalid escape sequence '\ '
  """brain_ingest.py - Unified Second Brain Ingestion & GTD Intake Engine.
Processed 0 raw notes in Inbox.
2026-08-25 18:09:24 - Raw inbox note ready for processing detected. Invoking scan-inbox...
/Users/lorenzo/Documents/GitHub/loackyPKM/99 - Meta/Scripts/brain_ingest.py:2: SyntaxWarning: invalid escape sequence '\ '
  """brain_ingest.py - Unified Second Brain Ingestion & GTD Intake Engine.
Processed 0 raw notes in Inbox.
2026-08-25 18:09:30 - Raw inbox note ready for processing detected. Invoking scan-inbox...
/Users/lorenzo/Documents/GitHub/loackyPKM/99 - Meta/Scripts/brain_ingest.py:2: SyntaxWarning: invalid escape sequence '\ '
  """brain_ingest.py - Unified Second Brain Ingestion & GTD Intake Engine.
Processed 0 raw notes in Inbox.
2026-08-25 18:09:35 - Raw inbox note ready for processing detected. Invoking scan-inbox...
/Users/lorenzo/Documents/GitHub/loackyPKM/99 - Meta/Scripts/brain_ingest.py:2: SyntaxWarning: invalid escape sequence '\ '
  """brain_ingest.py - Unified Second Brain Ingestion & GTD Intake Engine.
Processed 0 raw notes in Inbox.
2026-08-25 18:09:40 - Raw inbox note ready for processing detected. Invoking scan-inbox...
/Users/lorenzo/Documents/GitHub/loackyPKM/99 - Meta/Scripts/brain_ingest.py:2: SyntaxWarning: invalid escape sequence '\ '
  """brain_ingest.py - Unified Second Brain Ingestion & GTD Intake Engine.
Processed 0 raw notes in Inbox.
2026-08-25 18:09:46 - Raw inbox note ready for processing detected. Invoking scan-inbox...
/Users/lorenzo/Documents/GitHub/loackyPKM/99 - Meta/Scripts/brain_ingest.py:2: SyntaxWarning: invalid escape sequence '\ '
  """brain_ingest.py - Unified Second Brain Ingestion & GTD Intake Engine.
Processed 0 raw notes in Inbox.
2026-08-25 18:09:51 - Raw inbox note ready for processing detected. Invoking scan-inbox...
/Users/lorenzo/Documents/GitHub/loackyPKM/99 - Meta/Scripts/brain_ingest.py:2: SyntaxWarning: invalid escape sequence '\ '
  """brain_ingest.py - Unified Second Brain Ingestion & GTD Intake Engine.
Processed 0 raw notes in Inbox.
2026-08-25 18:09:56 - Raw inbox note ready for processing detected. Invoking scan-inbox...
/Users/lorenzo/Documents/GitHub/loackyPKM/99 - Meta/Scripts/brain_ingest.py:2: SyntaxWarning: invalid escape sequence '\ '
  """brain_ingest.py - Unified Second Brain Ingestion & GTD Intake Engine.
Processed 0 raw notes in Inbox.
2026-08-25 18:10:01 - Raw inbox note ready for processing detected. Invoking scan-inbox...
/Users/lorenzo/Documents/GitHub/loackyPKM/99 - Meta/Scripts/brain_ingest.py:2: SyntaxWarning: invalid escape sequence '\ '
  """brain_ingest.py - Unified Second Brain Ingestion & GTD Intake Engine.
Processed 0 raw notes in Inbox.
2026-08-25 18:10:07 - Raw inbox note ready for processing detected. Invoking scan-inbox...
/Users/lorenzo/Documents/GitHub/loackyPKM/99 - Meta/Scripts/brain_ingest.py:2: SyntaxWarning: invalid escape sequence '\ '
  """brain_ingest.py - Unified Second Brain Ingestion & GTD Intake Engine.
Processed 0 raw notes in Inbox.
2026-08-25 18:10:12 - Raw inbox note ready for processing detected. Invoking scan-inbox...
/Users/lorenzo/Documents/GitHub/loackyPKM/99 - Meta/Scripts/brain_ingest.py:2: SyntaxWarning: invalid escape sequence '\ '
  """brain_ingest.py - Unified Second Brain Ingestion & GTD Intake Engine.
Processed 0 raw notes in Inbox.
2026-08-25 18:10:17 - Raw inbox note ready for processing detected. Invoking scan-inbox...
/Users/lorenzo/Documents/GitHub/loackyPKM/99 - Meta/Scripts/brain_ingest.py:2: SyntaxWarning: invalid escape sequence '\ '
  """brain_ingest.py - Unified Second Brain Ingestion & GTD Intake Engine.
Processed 0 raw notes in Inbox.
2026-08-25 18:10:23 - Raw inbox note ready for processing detected. Invoking scan-inbox...
/Users/lorenzo/Documents/GitHub/loackyPKM/99 - Meta/Scripts/brain_ingest.py:2: SyntaxWarning: invalid escape sequence '\ '
  """brain_ingest.py - Unified Second Brain Ingestion & GTD Intake Engine.
Processed 0 raw notes in Inbox.
2026-08-25 18:10:28 - Raw inbox note ready for processing detected. Invoking scan-inbox...
/Users/lorenzo/Documents/GitHub/loackyPKM/99 - Meta/Scripts/brain_ingest.py:2: SyntaxWarning: invalid escape sequence '\ '
  """brain_ingest.py - Unified Second Brain Ingestion & GTD Intake Engine.
Processed 0 raw notes in Inbox.
2026-08-25 18:10:33 - Raw inbox note ready for processing detected. Invoking scan-inbox...
/Users/lorenzo/Documents/GitHub/loackyPKM/99 - Meta/Scripts/brain_ingest.py:2: SyntaxWarning: invalid escape sequence '\ '
  """brain_ingest.py - Unified Second Brain Ingestion & GTD Intake Engine.
Processed 0 raw notes in Inbox.
2026-08-25 18:10:38 - Raw inbox note ready for processing detected. Invoking scan-inbox...
/Users/lorenzo/Documents/GitHub/loackyPKM/99 - Meta/Scripts/brain_ingest.py:2: SyntaxWarning: invalid escape sequence '\ '
  """brain_ingest.py - Unified Second Brain Ingestion & GTD Intake Engine.
Processed 0 raw notes in Inbox.
2026-08-25 18:10:44 - Raw inbox note ready for processing detected. Invoking scan-inbox...
/Users/lorenzo/Documents/GitHub/loackyPKM/99 - Meta/Scripts/brain_ingest.py:2: SyntaxWarning: invalid escape sequence '\ '
  """brain_ingest.py - Unified Second Brain Ingestion & GTD Intake Engine.
Processed 0 raw notes in Inbox.
2026-08-25 18:10:49 - Raw inbox note ready for processing detected. Invoking scan-inbox...
/Users/lorenzo/Documents/GitHub/loackyPKM/99 - Meta/Scripts/brain_ingest.py:2: SyntaxWarning: invalid escape sequence '\ '
  """brain_ingest.py - Unified Second Brain Ingestion & GTD Intake Engine.
Processed 0 raw notes in Inbox.
2026-08-25 18:10:54 - Raw inbox note ready for processing detected. Invoking scan-inbox...
/Users/lorenzo/Documents/GitHub/loackyPKM/99 - Meta/Scripts/brain_ingest.py:2: SyntaxWarning: invalid escape sequence '\ '
  """brain_ingest.py - Unified Second Brain Ingestion & GTD Intake Engine.
Processed 0 raw notes in Inbox.
2026-08-25 18:11:00 - Raw inbox note ready for processing detected. Invoking scan-inbox...
/Users/lorenzo/Documents/GitHub/loackyPKM/99 - Meta/Scripts/brain_ingest.py:2: SyntaxWarning: invalid escape sequence '\ '
  """brain_ingest.py - Unified Second Brain Ingestion & GTD Intake Engine.
Processed 0 raw notes in Inbox.
2026-08-25 18:11:05 - Raw inbox note ready for processing detected. Invoking scan-inbox...
/Users/lorenzo/Documents/GitHub/loackyPKM/99 - Meta/Scripts/brain_ingest.py:2: SyntaxWarning: invalid escape sequence '\ '
  """brain_ingest.py - Unified Second Brain Ingestion & GTD Intake Engine.
Processed 0 raw notes in Inbox.
2026-08-25 18:11:10 - Raw inbox note ready for processing detected. Invoking scan-inbox...
/Users/lorenzo/Documents/GitHub/loackyPKM/99 - Meta/Scripts/brain_ingest.py:2: SyntaxWarning: invalid escape sequence '\ '
  """brain_ingest.py - Unified Second Brain Ingestion & GTD Intake Engine.
Processed 0 raw notes in Inbox.
2026-08-25 18:11:15 - Raw inbox note ready for processing detected. Invoking scan-inbox...
/Users/lorenzo/Documents/GitHub/loackyPKM/99 - Meta/Scripts/brain_ingest.py:2: SyntaxWarning: invalid escape sequence '\ '
  """brain_ingest.py - Unified Second Brain Ingestion & GTD Intake Engine.
Processed 0 raw notes in Inbox.
2026-08-25 18:11:21 - Raw inbox note ready for processing detected. Invoking scan-inbox...
/Users/lorenzo/Documents/GitHub/loackyPKM/99 - Meta/Scripts/brain_ingest.py:2: SyntaxWarning: invalid escape sequence '\ '
  """brain_ingest.py - Unified Second Brain Ingestion & GTD Intake Engine.
Processed 0 raw notes in Inbox.
2026-08-25 18:11:26 - Raw inbox note ready for processing detected. Invoking scan-inbox...
/Users/lorenzo/Documents/GitHub/loackyPKM/99 - Meta/Scripts/brain_ingest.py:2: SyntaxWarning: invalid escape sequence '\ '
  """brain_ingest.py - Unified Second Brain Ingestion & GTD Intake Engine.
Processed 0 raw notes in Inbox.
2026-08-25 18:11:31 - Raw inbox note ready for processing detected. Invoking scan-inbox...
/Users/lorenzo/Documents/GitHub/loackyPKM/99 - Meta/Scripts/brain_ingest.py:2: SyntaxWarning: invalid escape sequence '\ '
  """brain_ingest.py - Unified Second Brain Ingestion & GTD Intake Engine.
Processed 0 raw notes in Inbox.
2026-08-25 18:11:37 - Raw inbox note ready for processing detected. Invoking scan-inbox...
/Users/lorenzo/Documents/GitHub/loackyPKM/99 - Meta/Scripts/brain_ingest.py:2: SyntaxWarning: invalid escape sequence '\ '
  """brain_ingest.py - Unified Second Brain Ingestion & GTD Intake Engine.
Processed 0 raw notes in Inbox.
2026-08-25 18:11:42 - Raw inbox note ready for processing detected. Invoking scan-inbox...
/Users/lorenzo/Documents/GitHub/loackyPKM/99 - Meta/Scripts/brain_ingest.py:2: SyntaxWarning: invalid escape sequence '\ '
  """brain_ingest.py - Unified Second Brain Ingestion & GTD Intake Engine.
Processed 0 raw notes in Inbox.
2026-08-25 18:11:47 - Raw inbox note ready for processing detected. Invoking scan-inbox...
/Users/lorenzo/Documents/GitHub/loackyPKM/99 - Meta/Scripts/brain_ingest.py:2: SyntaxWarning: invalid escape sequence '\ '
  """brain_ingest.py - Unified Second Brain Ingestion & GTD Intake Engine.
Processed 0 raw notes in Inbox.
2026-08-25 18:11:52 - Raw inbox note ready for processing detected. Invoking scan-inbox...
/Users/lorenzo/Documents/GitHub/loackyPKM/99 - Meta/Scripts/brain_ingest.py:2: SyntaxWarning: invalid escape sequence '\ '
  """brain_ingest.py - Unified Second Brain Ingestion & GTD Intake Engine.
Processed 0 raw notes in Inbox.
2026-08-25 18:11:58 - Raw inbox note ready for processing detected. Invoking scan-inbox...
/Users/lorenzo/Documents/GitHub/loackyPKM/99 - Meta/Scripts/brain_ingest.py:2: SyntaxWarning: invalid escape sequence '\ '
  """brain_ingest.py - Unified Second Brain Ingestion & GTD Intake Engine.
Processed 0 raw notes in Inbox.
2026-08-25 18:12:03 - Raw inbox note ready for processing detected. Invoking scan-inbox...
/Users/lorenzo/Documents/GitHub/loackyPKM/99 - Meta/Scripts/brain_ingest.py:2: SyntaxWarning: invalid escape sequence '\ '
  """brain_ingest.py - Unified Second Brain Ingestion & GTD Intake Engine.
Processed 0 raw notes in Inbox.
2026-08-25 18:12:08 - Raw inbox note ready for processing detected. Invoking scan-inbox...
/Users/lorenzo/Documents/GitHub/loackyPKM/99 - Meta/Scripts/brain_ingest.py:2: SyntaxWarning: invalid escape sequence '\ '
  """brain_ingest.py - Unified Second Brain Ingestion & GTD Intake Engine.
Processed 0 raw notes in Inbox.
2026-08-25 18:12:14 - Raw inbox note ready for processing detected. Invoking scan-inbox...
/Users/lorenzo/Documents/GitHub/loackyPKM/99 - Meta/Scripts/brain_ingest.py:2: SyntaxWarning: invalid escape sequence '\ '
  """brain_ingest.py - Unified Second Brain Ingestion & GTD Intake Engine.
Processed 0 raw notes in Inbox.
2026-08-25 18:12:19 - Raw inbox note ready for processing detected. Invoking scan-inbox...
/Users/lorenzo/Documents/GitHub/loackyPKM/99 - Meta/Scripts/brain_ingest.py:2: SyntaxWarning: invalid escape sequence '\ '
  """brain_ingest.py - Unified Second Brain Ingestion & GTD Intake Engine.
Processed 0 raw notes in Inbox.
2026-08-25 18:12:24 - Raw inbox note ready for processing detected. Invoking scan-inbox...
/Users/lorenzo/Documents/GitHub/loackyPKM/99 - Meta/Scripts/brain_ingest.py:2: SyntaxWarning: invalid escape sequence '\ '
  """brain_ingest.py - Unified Second Brain Ingestion & GTD Intake Engine.
Processed 0 raw notes in Inbox.
2026-08-25 18:12:29 - Raw inbox note ready for processing detected. Invoking scan-inbox...
/Users/lorenzo/Documents/GitHub/loackyPKM/99 - Meta/Scripts/brain_ingest.py:2: SyntaxWarning: invalid escape sequence '\ '
  """brain_ingest.py - Unified Second Brain Ingestion & GTD Intake Engine.
Processed 0 raw notes in Inbox.
2026-08-25 18:12:35 - Raw inbox note ready for processing detected. Invoking scan-inbox...
/Users/lorenzo/Documents/GitHub/loackyPKM/99 - Meta/Scripts/brain_ingest.py:2: SyntaxWarning: invalid escape sequence '\ '
  """brain_ingest.py - Unified Second Brain Ingestion & GTD Intake Engine.
Processed 0 raw notes in Inbox.
2026-08-25 18:12:40 - Raw inbox note ready for processing detected. Invoking scan-inbox...
/Users/lorenzo/Documents/GitHub/loackyPKM/99 - Meta/Scripts/brain_ingest.py:2: SyntaxWarning: invalid escape sequence '\ '
  """brain_ingest.py - Unified Second Brain Ingestion & GTD Intake Engine.
Processed 0 raw notes in Inbox.
2026-08-25 18:12:45 - Raw inbox note ready for processing detected. Invoking scan-inbox...
/Users/lorenzo/Documents/GitHub/loackyPKM/99 - Meta/Scripts/brain_ingest.py:2: SyntaxWarning: invalid escape sequence '\ '
  """brain_ingest.py - Unified Second Brain Ingestion & GTD Intake Engine.
Processed 0 raw notes in Inbox.
2026-08-25 18:12:50 - Raw inbox note ready for processing detected. Invoking scan-inbox...
/Users/lorenzo/Documents/GitHub/loackyPKM/99 - Meta/Scripts/brain_ingest.py:2: SyntaxWarning: invalid escape sequence '\ '
  """brain_ingest.py - Unified Second Brain Ingestion & GTD Intake Engine.
Processed 0 raw notes in Inbox.
2026-08-25 18:12:56 - Raw inbox note ready for processing detected. Invoking scan-inbox...
/Users/lorenzo/Documents/GitHub/loackyPKM/99 - Meta/Scripts/brain_ingest.py:2: SyntaxWarning: invalid escape sequence '\ '
  """brain_ingest.py - Unified Second Brain Ingestion & GTD Intake Engine.
Processed 0 raw notes in Inbox.
2026-08-25 18:13:01 - Raw inbox note ready for processing detected. Invoking scan-inbox...
/Users/lorenzo/Documents/GitHub/loackyPKM/99 - Meta/Scripts/brain_ingest.py:2: SyntaxWarning: invalid escape sequence '\ '
  """brain_ingest.py - Unified Second Brain Ingestion & GTD Intake Engine.
Processed 0 raw notes in Inbox.
2026-08-25 18:13:06 - Raw inbox note ready for processing detected. Invoking scan-inbox...
/Users/lorenzo/Documents/GitHub/loackyPKM/99 - Meta/Scripts/brain_ingest.py:2: SyntaxWarning: invalid escape sequence '\ '
  """brain_ingest.py - Unified Second Brain Ingestion & GTD Intake Engine.
Processed 0 raw notes in Inbox.
2026-08-25 18:13:12 - Raw inbox note ready for processing detected. Invoking scan-inbox...
/Users/lorenzo/Documents/GitHub/loackyPKM/99 - Meta/Scripts/brain_ingest.py:2: SyntaxWarning: invalid escape sequence '\ '
  """brain_ingest.py - Unified Second Brain Ingestion & GTD Intake Engine.
Processed 0 raw notes in Inbox.
2026-08-25 18:13:17 - Raw inbox note ready for processing detected. Invoking scan-inbox...
/Users/lorenzo/Documents/GitHub/loackyPKM/99 - Meta/Scripts/brain_ingest.py:2: SyntaxWarning: invalid escape sequence '\ '
  """brain_ingest.py - Unified Second Brain Ingestion & GTD Intake Engine.
Processed 0 raw notes in Inbox.
2026-08-25 18:13:22 - Raw inbox note ready for processing detected. Invoking scan-inbox...
/Users/lorenzo/Documents/GitHub/loackyPKM/99 - Meta/Scripts/brain_ingest.py:2: SyntaxWarning: invalid escape sequence '\ '
  """brain_ingest.py - Unified Second Brain Ingestion & GTD Intake Engine.
Processed 0 raw notes in Inbox.
2026-08-25 18:13:27 - Raw inbox note ready for processing detected. Invoking scan-inbox...
/Users/lorenzo/Documents/GitHub/loackyPKM/99 - Meta/Scripts/brain_ingest.py:2: SyntaxWarning: invalid escape sequence '\ '
  """brain_ingest.py - Unified Second Brain Ingestion & GTD Intake Engine.
Processed 0 raw notes in Inbox.
2026-08-25 18:13:33 - Raw inbox note ready for processing detected. Invoking scan-inbox...
/Users/lorenzo/Documents/GitHub/loackyPKM/99 - Meta/Scripts/brain_ingest.py:2: SyntaxWarning: invalid escape sequence '\ '
  """brain_ingest.py - Unified Second Brain Ingestion & GTD Intake Engine.
Processed 0 raw notes in Inbox.
2026-08-25 18:13:38 - Raw inbox note ready for processing detected. Invoking scan-inbox...
/Users/lorenzo/Documents/GitHub/loackyPKM/99 - Meta/Scripts/brain_ingest.py:2: SyntaxWarning: invalid escape sequence '\ '
  """brain_ingest.py - Unified Second Brain Ingestion & GTD Intake Engine.
Processed 0 raw notes in Inbox.
2026-08-25 18:13:43 - Raw inbox note ready for processing detected. Invoking scan-inbox...
/Users/lorenzo/Documents/GitHub/loackyPKM/99 - Meta/Scripts/brain_ingest.py:2: SyntaxWarning: invalid escape sequence '\ '
  """brain_ingest.py - Unified Second Brain Ingestion & GTD Intake Engine.
Processed 0 raw notes in Inbox.
2026-08-25 18:13:48 - Raw inbox note ready for processing detected. Invoking scan-inbox...
/Users/lorenzo/Documents/GitHub/loackyPKM/99 - Meta/Scripts/brain_ingest.py:2: SyntaxWarning: invalid escape sequence '\ '
  """brain_ingest.py - Unified Second Brain Ingestion & GTD Intake Engine.
Processed 0 raw notes in Inbox.
2026-08-25 18:13:54 - Raw inbox note ready for processing detected. Invoking scan-inbox...
/Users/lorenzo/Documents/GitHub/loackyPKM/99 - Meta/Scripts/brain_ingest.py:2: SyntaxWarning: invalid escape sequence '\ '
  """brain_ingest.py - Unified Second Brain Ingestion & GTD Intake Engine.
Processed 0 raw notes in Inbox.
2026-08-25 18:13:59 - Raw inbox note ready for processing detected. Invoking scan-inbox...
/Users/lorenzo/Documents/GitHub/loackyPKM/99 - Meta/Scripts/brain_ingest.py:2: SyntaxWarning: invalid escape sequence '\ '
  """brain_ingest.py - Unified Second Brain Ingestion & GTD Intake Engine.
Processed 0 raw notes in Inbox.
2026-08-25 18:14:04 - Raw inbox note ready for processing detected. Invoking scan-inbox...
/Users/lorenzo/Documents/GitHub/loackyPKM/99 - Meta/Scripts/brain_ingest.py:2: SyntaxWarning: invalid escape sequence '\ '
  """brain_ingest.py - Unified Second Brain Ingestion & GTD Intake Engine.
Processed 0 raw notes in Inbox.
2026-08-25 18:14:10 - Raw inbox note ready for processing detected. Invoking scan-inbox...
/Users/lorenzo/Documents/GitHub/loackyPKM/99 - Meta/Scripts/brain_ingest.py:2: SyntaxWarning: invalid escape sequence '\ '
  """brain_ingest.py - Unified Second Brain Ingestion & GTD Intake Engine.
Processed 0 raw notes in Inbox.
2026-08-25 18:14:15 - Raw inbox note ready for processing detected. Invoking scan-inbox...
/Users/lorenzo/Documents/GitHub/loackyPKM/99 - Meta/Scripts/brain_ingest.py:2: SyntaxWarning: invalid escape sequence '\ '
  """brain_ingest.py - Unified Second Brain Ingestion & GTD Intake Engine.
Processed 0 raw notes in Inbox.
2026-08-25 18:14:20 - Raw inbox note ready for processing detected. Invoking scan-inbox...
/Users/lorenzo/Documents/GitHub/loackyPKM/99 - Meta/Scripts/brain_ingest.py:2: SyntaxWarning: invalid escape sequence '\ '
  """brain_ingest.py - Unified Second Brain Ingestion & GTD Intake Engine.
Processed 0 raw notes in Inbox.
2026-08-25 18:14:25 - Raw inbox note ready for processing detected. Invoking scan-inbox...
/Users/lorenzo/Documents/GitHub/loackyPKM/99 - Meta/Scripts/brain_ingest.py:2: SyntaxWarning: invalid escape sequence '\ '
  """brain_ingest.py - Unified Second Brain Ingestion & GTD Intake Engine.
Processed 0 raw notes in Inbox.
2026-08-25 18:14:31 - Raw inbox note ready for processing detected. Invoking scan-inbox...
/Users/lorenzo/Documents/GitHub/loackyPKM/99 - Meta/Scripts/brain_ingest.py:2: SyntaxWarning: invalid escape sequence '\ '
  """brain_ingest.py - Unified Second Brain Ingestion & GTD Intake Engine.
Processed 0 raw notes in Inbox.
2026-08-25 18:14:36 - Raw inbox note ready for processing detected. Invoking scan-inbox...
/Users/lorenzo/Documents/GitHub/loackyPKM/99 - Meta/Scripts/brain_ingest.py:2: SyntaxWarning: invalid escape sequence '\ '
  """brain_ingest.py - Unified Second Brain Ingestion & GTD Intake Engine.
Processed 0 raw notes in Inbox.
2026-08-25 18:14:41 - Raw inbox note ready for processing detected. Invoking scan-inbox...
/Users/lorenzo/Documents/GitHub/loackyPKM/99 - Meta/Scripts/brain_ingest.py:2: SyntaxWarning: invalid escape sequence '\ '
  """brain_ingest.py - Unified Second Brain Ingestion & GTD Intake Engine.
Processed 0 raw notes in Inbox.
2026-08-25 18:14:47 - Raw inbox note ready for processing detected. Invoking scan-inbox...
/Users/lorenzo/Documents/GitHub/loackyPKM/99 - Meta/Scripts/brain_ingest.py:2: SyntaxWarning: invalid escape sequence '\ '
  """brain_ingest.py - Unified Second Brain Ingestion & GTD Intake Engine.
Processed 0 raw notes in Inbox.
2026-08-25 18:14:52 - Raw inbox note ready for processing detected. Invoking scan-inbox...
/Users/lorenzo/Documents/GitHub/loackyPKM/99 - Meta/Scripts/brain_ingest.py:2: SyntaxWarning: invalid escape sequence '\ '
  """brain_ingest.py - Unified Second Brain Ingestion & GTD Intake Engine.
Processed 0 raw notes in Inbox.
2026-08-25 18:14:57 - Raw inbox note ready for processing detected. Invoking scan-inbox...
/Users/lorenzo/Documents/GitHub/loackyPKM/99 - Meta/Scripts/brain_ingest.py:2: SyntaxWarning: invalid escape sequence '\ '
  """brain_ingest.py - Unified Second Brain Ingestion & GTD Intake Engine.
Processed 0 raw notes in Inbox.
2026-08-25 18:15:02 - Raw inbox note ready for processing detected. Invoking scan-inbox...
/Users/lorenzo/Documents/GitHub/loackyPKM/99 - Meta/Scripts/brain_ingest.py:2: SyntaxWarning: invalid escape sequence '\ '
  """brain_ingest.py - Unified Second Brain Ingestion & GTD Intake Engine.
Processed 0 raw notes in Inbox.
2026-08-25 18:15:08 - Raw inbox note ready for processing detected. Invoking scan-inbox...
/Users/lorenzo/Documents/GitHub/loackyPKM/99 - Meta/Scripts/brain_ingest.py:2: SyntaxWarning: invalid escape sequence '\ '
  """brain_ingest.py - Unified Second Brain Ingestion & GTD Intake Engine.
Processed 0 raw notes in Inbox.
2026-08-25 18:15:13 - Raw inbox note ready for processing detected. Invoking scan-inbox...
/Users/lorenzo/Documents/GitHub/loackyPKM/99 - Meta/Scripts/brain_ingest.py:2: SyntaxWarning: invalid escape sequence '\ '
  """brain_ingest.py - Unified Second Brain Ingestion & GTD Intake Engine.
Processed 0 raw notes in Inbox.
2026-08-25 18:15:18 - Raw inbox note ready for processing detected. Invoking scan-inbox...
/Users/lorenzo/Documents/GitHub/loackyPKM/99 - Meta/Scripts/brain_ingest.py:2: SyntaxWarning: invalid escape sequence '\ '
  """brain_ingest.py - Unified Second Brain Ingestion & GTD Intake Engine.
Processed 0 raw notes in Inbox.
2026-08-25 18:15:24 - Raw inbox note ready for processing detected. Invoking scan-inbox...
/Users/lorenzo/Documents/GitHub/loackyPKM/99 - Meta/Scripts/brain_ingest.py:2: SyntaxWarning: invalid escape sequence '\ '
  """brain_ingest.py - Unified Second Brain Ingestion & GTD Intake Engine.
Processed 0 raw notes in Inbox.
2026-08-25 18:15:29 - Raw inbox note ready for processing detected. Invoking scan-inbox...
/Users/lorenzo/Documents/GitHub/loackyPKM/99 - Meta/Scripts/brain_ingest.py:2: SyntaxWarning: invalid escape sequence '\ '
  """brain_ingest.py - Unified Second Brain Ingestion & GTD Intake Engine.
Processed 0 raw notes in Inbox.
2026-08-25 18:15:34 - Raw inbox note ready for processing detected. Invoking scan-inbox...
/Users/lorenzo/Documents/GitHub/loackyPKM/99 - Meta/Scripts/brain_ingest.py:2: SyntaxWarning: invalid escape sequence '\ '
  """brain_ingest.py - Unified Second Brain Ingestion & GTD Intake Engine.
Processed 0 raw notes in Inbox.
2026-08-25 18:15:39 - Raw inbox note ready for processing detected. Invoking scan-inbox...
/Users/lorenzo/Documents/GitHub/loackyPKM/99 - Meta/Scripts/brain_ingest.py:2: SyntaxWarning: invalid escape sequence '\ '
  """brain_ingest.py - Unified Second Brain Ingestion & GTD Intake Engine.
Processed 0 raw notes in Inbox.
2026-08-25 18:15:45 - Raw inbox note ready for processing detected. Invoking scan-inbox...
/Users/lorenzo/Documents/GitHub/loackyPKM/99 - Meta/Scripts/brain_ingest.py:2: SyntaxWarning: invalid escape sequence '\ '
  """brain_ingest.py - Unified Second Brain Ingestion & GTD Intake Engine.
Processed 0 raw notes in Inbox.
2026-08-25 18:15:50 - Raw inbox note ready for processing detected. Invoking scan-inbox...
/Users/lorenzo/Documents/GitHub/loackyPKM/99 - Meta/Scripts/brain_ingest.py:2: SyntaxWarning: invalid escape sequence '\ '
  """brain_ingest.py - Unified Second Brain Ingestion & GTD Intake Engine.
Processed 0 raw notes in Inbox.
2026-08-25 18:15:55 - Raw inbox note ready for processing detected. Invoking scan-inbox...
/Users/lorenzo/Documents/GitHub/loackyPKM/99 - Meta/Scripts/brain_ingest.py:2: SyntaxWarning: invalid escape sequence '\ '
  """brain_ingest.py - Unified Second Brain Ingestion & GTD Intake Engine.
Processed 0 raw notes in Inbox.
2026-08-25 18:16:00 - Raw inbox note ready for processing detected. Invoking scan-inbox...
/Users/lorenzo/Documents/GitHub/loackyPKM/99 - Meta/Scripts/brain_ingest.py:2: SyntaxWarning: invalid escape sequence '\ '
  """brain_ingest.py - Unified Second Brain Ingestion & GTD Intake Engine.
Processed 0 raw notes in Inbox.
2026-08-25 18:16:06 - Raw inbox note ready for processing detected. Invoking scan-inbox...
/Users/lorenzo/Documents/GitHub/loackyPKM/99 - Meta/Scripts/brain_ingest.py:2: SyntaxWarning: invalid escape sequence '\ '
  """brain_ingest.py - Unified Second Brain Ingestion & GTD Intake Engine.
Processed 0 raw notes in Inbox.
2026-08-25 18:16:11 - Raw inbox note ready for processing detected. Invoking scan-inbox...
/Users/lorenzo/Documents/GitHub/loackyPKM/99 - Meta/Scripts/brain_ingest.py:2: SyntaxWarning: invalid escape sequence '\ '
  """brain_ingest.py - Unified Second Brain Ingestion & GTD Intake Engine.
Processed 0 raw notes in Inbox.
2026-08-25 18:16:16 - Raw inbox note ready for processing detected. Invoking scan-inbox...
/Users/lorenzo/Documents/GitHub/loackyPKM/99 - Meta/Scripts/brain_ingest.py:2: SyntaxWarning: invalid escape sequence '\ '
  """brain_ingest.py - Unified Second Brain Ingestion & GTD Intake Engine.
Processed 0 raw notes in Inbox.
2026-08-25 18:16:22 - Raw inbox note ready for processing detected. Invoking scan-inbox...
/Users/lorenzo/Documents/GitHub/loackyPKM/99 - Meta/Scripts/brain_ingest.py:2: SyntaxWarning: invalid escape sequence '\ '
  """brain_ingest.py - Unified Second Brain Ingestion & GTD Intake Engine.
Processed 0 raw notes in Inbox.
2026-08-25 18:16:27 - Raw inbox note ready for processing detected. Invoking scan-inbox...
/Users/lorenzo/Documents/GitHub/loackyPKM/99 - Meta/Scripts/brain_ingest.py:2: SyntaxWarning: invalid escape sequence '\ '
  """brain_ingest.py - Unified Second Brain Ingestion & GTD Intake Engine.
Processed 0 raw notes in Inbox.
2026-08-25 18:16:32 - Raw inbox note ready for processing detected. Invoking scan-inbox...
/Users/lorenzo/Documents/GitHub/loackyPKM/99 - Meta/Scripts/brain_ingest.py:2: SyntaxWarning: invalid escape sequence '\ '
  """brain_ingest.py - Unified Second Brain Ingestion & GTD Intake Engine.
Processed 0 raw notes in Inbox.
2026-08-25 18:16:37 - Raw inbox note ready for processing detected. Invoking scan-inbox...
/Users/lorenzo/Documents/GitHub/loackyPKM/99 - Meta/Scripts/brain_ingest.py:2: SyntaxWarning: invalid escape sequence '\ '
  """brain_ingest.py - Unified Second Brain Ingestion & GTD Intake Engine.
Processed 0 raw notes in Inbox.
2026-08-25 18:16:43 - Raw inbox note ready for processing detected. Invoking scan-inbox...
/Users/lorenzo/Documents/GitHub/loackyPKM/99 - Meta/Scripts/brain_ingest.py:2: SyntaxWarning: invalid escape sequence '\ '
  """brain_ingest.py - Unified Second Brain Ingestion & GTD Intake Engine.
Processed 0 raw notes in Inbox.
2026-08-25 18:16:48 - Raw inbox note ready for processing detected. Invoking scan-inbox...
/Users/lorenzo/Documents/GitHub/loackyPKM/99 - Meta/Scripts/brain_ingest.py:2: SyntaxWarning: invalid escape sequence '\ '
  """brain_ingest.py - Unified Second Brain Ingestion & GTD Intake Engine.
Processed 0 raw notes in Inbox.
2026-08-25 18:16:53 - Raw inbox note ready for processing detected. Invoking scan-inbox...
/Users/lorenzo/Documents/GitHub/loackyPKM/99 - Meta/Scripts/brain_ingest.py:2: SyntaxWarning: invalid escape sequence '\ '
  """brain_ingest.py - Unified Second Brain Ingestion & GTD Intake Engine.
Processed 0 raw notes in Inbox.
2026-08-25 18:16:59 - Raw inbox note ready for processing detected. Invoking scan-inbox...
/Users/lorenzo/Documents/GitHub/loackyPKM/99 - Meta/Scripts/brain_ingest.py:2: SyntaxWarning: invalid escape sequence '\ '
  """brain_ingest.py - Unified Second Brain Ingestion & GTD Intake Engine.
Processed 0 raw notes in Inbox.
2026-08-25 18:17:04 - Raw inbox note ready for processing detected. Invoking scan-inbox...
/Users/lorenzo/Documents/GitHub/loackyPKM/99 - Meta/Scripts/brain_ingest.py:2: SyntaxWarning: invalid escape sequence '\ '
  """brain_ingest.py - Unified Second Brain Ingestion & GTD Intake Engine.
Processed 0 raw notes in Inbox.
2026-08-25 18:17:09 - Raw inbox note ready for processing detected. Invoking scan-inbox...
/Users/lorenzo/Documents/GitHub/loackyPKM/99 - Meta/Scripts/brain_ingest.py:2: SyntaxWarning: invalid escape sequence '\ '
  """brain_ingest.py - Unified Second Brain Ingestion & GTD Intake Engine.
Processed 0 raw notes in Inbox.
2026-08-25 18:17:14 - Raw inbox note ready for processing detected. Invoking scan-inbox...
/Users/lorenzo/Documents/GitHub/loackyPKM/99 - Meta/Scripts/brain_ingest.py:2: SyntaxWarning: invalid escape sequence '\ '
  """brain_ingest.py - Unified Second Brain Ingestion & GTD Intake Engine.
Processed 0 raw notes in Inbox.
2026-08-25 18:17:20 - Raw inbox note ready for processing detected. Invoking scan-inbox...
/Users/lorenzo/Documents/GitHub/loackyPKM/99 - Meta/Scripts/brain_ingest.py:2: SyntaxWarning: invalid escape sequence '\ '
  """brain_ingest.py - Unified Second Brain Ingestion & GTD Intake Engine.
Processed 0 raw notes in Inbox.
2026-08-25 18:17:25 - Raw inbox note ready for processing detected. Invoking scan-inbox...
/Users/lorenzo/Documents/GitHub/loackyPKM/99 - Meta/Scripts/brain_ingest.py:2: SyntaxWarning: invalid escape sequence '\ '
  """brain_ingest.py - Unified Second Brain Ingestion & GTD Intake Engine.
Processed 0 raw notes in Inbox.
2026-08-25 18:17:30 - Raw inbox note ready for processing detected. Invoking scan-inbox...
/Users/lorenzo/Documents/GitHub/loackyPKM/99 - Meta/Scripts/brain_ingest.py:2: SyntaxWarning: invalid escape sequence '\ '
  """brain_ingest.py - Unified Second Brain Ingestion & GTD Intake Engine.
Processed 0 raw notes in Inbox.
2026-08-25 18:17:35 - Raw inbox note ready for processing detected. Invoking scan-inbox...
/Users/lorenzo/Documents/GitHub/loackyPKM/99 - Meta/Scripts/brain_ingest.py:2: SyntaxWarning: invalid escape sequence '\ '
  """brain_ingest.py - Unified Second Brain Ingestion & GTD Intake Engine.
Processed 0 raw notes in Inbox.
2026-08-25 18:17:41 - Raw inbox note ready for processing detected. Invoking scan-inbox...
/Users/lorenzo/Documents/GitHub/loackyPKM/99 - Meta/Scripts/brain_ingest.py:2: SyntaxWarning: invalid escape sequence '\ '
  """brain_ingest.py - Unified Second Brain Ingestion & GTD Intake Engine.
Processed 0 raw notes in Inbox.
2026-08-25 18:17:46 - Raw inbox note ready for processing detected. Invoking scan-inbox...
/Users/lorenzo/Documents/GitHub/loackyPKM/99 - Meta/Scripts/brain_ingest.py:2: SyntaxWarning: invalid escape sequence '\ '
  """brain_ingest.py - Unified Second Brain Ingestion & GTD Intake Engine.
Processed 0 raw notes in Inbox.
2026-08-25 18:17:51 - Raw inbox note ready for processing detected. Invoking scan-inbox...
/Users/lorenzo/Documents/GitHub/loackyPKM/99 - Meta/Scripts/brain_ingest.py:2: SyntaxWarning: invalid escape sequence '\ '
  """brain_ingest.py - Unified Second Brain Ingestion & GTD Intake Engine.
Processed 0 raw notes in Inbox.
2026-08-25 18:17:57 - Raw inbox note ready for processing detected. Invoking scan-inbox...
/Users/lorenzo/Documents/GitHub/loackyPKM/99 - Meta/Scripts/brain_ingest.py:2: SyntaxWarning: invalid escape sequence '\ '
  """brain_ingest.py - Unified Second Brain Ingestion & GTD Intake Engine.
Processed 0 raw notes in Inbox.
2026-08-25 18:18:02 - Raw inbox note ready for processing detected. Invoking scan-inbox...
/Users/lorenzo/Documents/GitHub/loackyPKM/99 - Meta/Scripts/brain_ingest.py:2: SyntaxWarning: invalid escape sequence '\ '
  """brain_ingest.py - Unified Second Brain Ingestion & GTD Intake Engine.
Processed 0 raw notes in Inbox.
2026-08-25 18:18:07 - Raw inbox note ready for processing detected. Invoking scan-inbox...
/Users/lorenzo/Documents/GitHub/loackyPKM/99 - Meta/Scripts/brain_ingest.py:2: SyntaxWarning: invalid escape sequence '\ '
  """brain_ingest.py - Unified Second Brain Ingestion & GTD Intake Engine.
Processed 0 raw notes in Inbox.
2026-08-25 18:18:12 - Raw inbox note ready for processing detected. Invoking scan-inbox...
/Users/lorenzo/Documents/GitHub/loackyPKM/99 - Meta/Scripts/brain_ingest.py:2: SyntaxWarning: invalid escape sequence '\ '
  """brain_ingest.py - Unified Second Brain Ingestion & GTD Intake Engine.
Processed 0 raw notes in Inbox.
2026-08-25 18:18:18 - Raw inbox note ready for processing detected. Invoking scan-inbox...
/Users/lorenzo/Documents/GitHub/loackyPKM/99 - Meta/Scripts/brain_ingest.py:2: SyntaxWarning: invalid escape sequence '\ '
  """brain_ingest.py - Unified Second Brain Ingestion & GTD Intake Engine.
Processed 0 raw notes in Inbox.
2026-08-25 18:18:23 - Raw inbox note ready for processing detected. Invoking scan-inbox...
/Users/lorenzo/Documents/GitHub/loackyPKM/99 - Meta/Scripts/brain_ingest.py:2: SyntaxWarning: invalid escape sequence '\ '
  """brain_ingest.py - Unified Second Brain Ingestion & GTD Intake Engine.
Processed 0 raw notes in Inbox.
2026-08-25 18:18:28 - Raw inbox note ready for processing detected. Invoking scan-inbox...
/Users/lorenzo/Documents/GitHub/loackyPKM/99 - Meta/Scripts/brain_ingest.py:2: SyntaxWarning: invalid escape sequence '\ '
  """brain_ingest.py - Unified Second Brain Ingestion & GTD Intake Engine.
Processed 0 raw notes in Inbox.
2026-08-25 18:18:34 - Raw inbox note ready for processing detected. Invoking scan-inbox...
/Users/lorenzo/Documents/GitHub/loackyPKM/99 - Meta/Scripts/brain_ingest.py:2: SyntaxWarning: invalid escape sequence '\ '
  """brain_ingest.py - Unified Second Brain Ingestion & GTD Intake Engine.
Processed 0 raw notes in Inbox.
2026-08-25 18:18:39 - Raw inbox note ready for processing detected. Invoking scan-inbox...
/Users/lorenzo/Documents/GitHub/loackyPKM/99 - Meta/Scripts/brain_ingest.py:2: SyntaxWarning: invalid escape sequence '\ '
  """brain_ingest.py - Unified Second Brain Ingestion & GTD Intake Engine.
Processed 0 raw notes in Inbox.
2026-08-25 18:18:44 - Raw inbox note ready for processing detected. Invoking scan-inbox...
/Users/lorenzo/Documents/GitHub/loackyPKM/99 - Meta/Scripts/brain_ingest.py:2: SyntaxWarning: invalid escape sequence '\ '
  """brain_ingest.py - Unified Second Brain Ingestion & GTD Intake Engine.
Processed 0 raw notes in Inbox.
2026-08-25 18:18:49 - Raw inbox note ready for processing detected. Invoking scan-inbox...
/Users/lorenzo/Documents/GitHub/loackyPKM/99 - Meta/Scripts/brain_ingest.py:2: SyntaxWarning: invalid escape sequence '\ '
  """brain_ingest.py - Unified Second Brain Ingestion & GTD Intake Engine.
Processed 0 raw notes in Inbox.
2026-08-25 18:18:55 - Raw inbox note ready for processing detected. Invoking scan-inbox...
/Users/lorenzo/Documents/GitHub/loackyPKM/99 - Meta/Scripts/brain_ingest.py:2: SyntaxWarning: invalid escape sequence '\ '
  """brain_ingest.py - Unified Second Brain Ingestion & GTD Intake Engine.
Processed 0 raw notes in Inbox.
2026-08-25 18:19:00 - Raw inbox note ready for processing detected. Invoking scan-inbox...
/Users/lorenzo/Documents/GitHub/loackyPKM/99 - Meta/Scripts/brain_ingest.py:2: SyntaxWarning: invalid escape sequence '\ '
  """brain_ingest.py - Unified Second Brain Ingestion & GTD Intake Engine.
Processed 0 raw notes in Inbox.
2026-08-25 18:19:05 - Raw inbox note ready for processing detected. Invoking scan-inbox...
/Users/lorenzo/Documents/GitHub/loackyPKM/99 - Meta/Scripts/brain_ingest.py:2: SyntaxWarning: invalid escape sequence '\ '
  """brain_ingest.py - Unified Second Brain Ingestion & GTD Intake Engine.
Processed 0 raw notes in Inbox.
2026-08-25 18:19:10 - Raw inbox note ready for processing detected. Invoking scan-inbox...
/Users/lorenzo/Documents/GitHub/loackyPKM/99 - Meta/Scripts/brain_ingest.py:2: SyntaxWarning: invalid escape sequence '\ '
  """brain_ingest.py - Unified Second Brain Ingestion & GTD Intake Engine.
Processed 0 raw notes in Inbox.
2026-08-25 18:19:16 - Raw inbox note ready for processing detected. Invoking scan-inbox...
/Users/lorenzo/Documents/GitHub/loackyPKM/99 - Meta/Scripts/brain_ingest.py:2: SyntaxWarning: invalid escape sequence '\ '
  """brain_ingest.py - Unified Second Brain Ingestion & GTD Intake Engine.
Processed 0 raw notes in Inbox.
2026-08-25 18:19:21 - Raw inbox note ready for processing detected. Invoking scan-inbox...
/Users/lorenzo/Documents/GitHub/loackyPKM/99 - Meta/Scripts/brain_ingest.py:2: SyntaxWarning: invalid escape sequence '\ '
  """brain_ingest.py - Unified Second Brain Ingestion & GTD Intake Engine.
Processed 0 raw notes in Inbox.
2026-08-25 18:19:26 - Raw inbox note ready for processing detected. Invoking scan-inbox...
/Users/lorenzo/Documents/GitHub/loackyPKM/99 - Meta/Scripts/brain_ingest.py:2: SyntaxWarning: invalid escape sequence '\ '
  """brain_ingest.py - Unified Second Brain Ingestion & GTD Intake Engine.
Processed 0 raw notes in Inbox.
2026-08-25 18:19:32 - Raw inbox note ready for processing detected. Invoking scan-inbox...
/Users/lorenzo/Documents/GitHub/loackyPKM/99 - Meta/Scripts/brain_ingest.py:2: SyntaxWarning: invalid escape sequence '\ '
  """brain_ingest.py - Unified Second Brain Ingestion & GTD Intake Engine.
Processed 0 raw notes in Inbox.
2026-08-25 18:19:37 - Raw inbox note ready for processing detected. Invoking scan-inbox...
/Users/lorenzo/Documents/GitHub/loackyPKM/99 - Meta/Scripts/brain_ingest.py:2: SyntaxWarning: invalid escape sequence '\ '
  """brain_ingest.py - Unified Second Brain Ingestion & GTD Intake Engine.
Processed 0 raw notes in Inbox.
2026-08-25 18:19:42 - Raw inbox note ready for processing detected. Invoking scan-inbox...
/Users/lorenzo/Documents/GitHub/loackyPKM/99 - Meta/Scripts/brain_ingest.py:2: SyntaxWarning: invalid escape sequence '\ '
  """brain_ingest.py - Unified Second Brain Ingestion & GTD Intake Engine.
Processed 0 raw notes in Inbox.
2026-08-25 18:19:47 - Raw inbox note ready for processing detected. Invoking scan-inbox...
/Users/lorenzo/Documents/GitHub/loackyPKM/99 - Meta/Scripts/brain_ingest.py:2: SyntaxWarning: invalid escape sequence '\ '
  """brain_ingest.py - Unified Second Brain Ingestion & GTD Intake Engine.
Processed 0 raw notes in Inbox.
2026-08-25 18:19:53 - Raw inbox note ready for processing detected. Invoking scan-inbox...
/Users/lorenzo/Documents/GitHub/loackyPKM/99 - Meta/Scripts/brain_ingest.py:2: SyntaxWarning: invalid escape sequence '\ '
  """brain_ingest.py - Unified Second Brain Ingestion & GTD Intake Engine.
Processed 0 raw notes in Inbox.
2026-08-25 18:19:58 - Raw inbox note ready for processing detected. Invoking scan-inbox...
/Users/lorenzo/Documents/GitHub/loackyPKM/99 - Meta/Scripts/brain_ingest.py:2: SyntaxWarning: invalid escape sequence '\ '
  """brain_ingest.py - Unified Second Brain Ingestion & GTD Intake Engine.
Processed 0 raw notes in Inbox.
2026-08-25 18:20:03 - Raw inbox note ready for processing detected. Invoking scan-inbox...
/Users/lorenzo/Documents/GitHub/loackyPKM/99 - Meta/Scripts/brain_ingest.py:2: SyntaxWarning: invalid escape sequence '\ '
  """brain_ingest.py - Unified Second Brain Ingestion & GTD Intake Engine.
Processed 0 raw notes in Inbox.
2026-08-25 18:20:09 - Raw inbox note ready for processing detected. Invoking scan-inbox...
/Users/lorenzo/Documents/GitHub/loackyPKM/99 - Meta/Scripts/brain_ingest.py:2: SyntaxWarning: invalid escape sequence '\ '
  """brain_ingest.py - Unified Second Brain Ingestion & GTD Intake Engine.
Processed 0 raw notes in Inbox.
2026-08-25 18:20:14 - Raw inbox note ready for processing detected. Invoking scan-inbox...
/Users/lorenzo/Documents/GitHub/loackyPKM/99 - Meta/Scripts/brain_ingest.py:2: SyntaxWarning: invalid escape sequence '\ '
  """brain_ingest.py - Unified Second Brain Ingestion & GTD Intake Engine.
Processed 0 raw notes in Inbox.
2026-08-25 18:20:19 - Raw inbox note ready for processing detected. Invoking scan-inbox...
/Users/lorenzo/Documents/GitHub/loackyPKM/99 - Meta/Scripts/brain_ingest.py:2: SyntaxWarning: invalid escape sequence '\ '
  """brain_ingest.py - Unified Second Brain Ingestion & GTD Intake Engine.
Processed 0 raw notes in Inbox.
2026-08-25 18:20:24 - Raw inbox note ready for processing detected. Invoking scan-inbox...
/Users/lorenzo/Documents/GitHub/loackyPKM/99 - Meta/Scripts/brain_ingest.py:2: SyntaxWarning: invalid escape sequence '\ '
  """brain_ingest.py - Unified Second Brain Ingestion & GTD Intake Engine.
Processed 0 raw notes in Inbox.
2026-08-25 18:20:30 - Raw inbox note ready for processing detected. Invoking scan-inbox...
/Users/lorenzo/Documents/GitHub/loackyPKM/99 - Meta/Scripts/brain_ingest.py:2: SyntaxWarning: invalid escape sequence '\ '
  """brain_ingest.py - Unified Second Brain Ingestion & GTD Intake Engine.
Processed 0 raw notes in Inbox.
2026-08-25 18:20:35 - Raw inbox note ready for processing detected. Invoking scan-inbox...
/Users/lorenzo/Documents/GitHub/loackyPKM/99 - Meta/Scripts/brain_ingest.py:2: SyntaxWarning: invalid escape sequence '\ '
  """brain_ingest.py - Unified Second Brain Ingestion & GTD Intake Engine.
Processed 0 raw notes in Inbox.
2026-08-25 18:20:40 - Raw inbox note ready for processing detected. Invoking scan-inbox...
/Users/lorenzo/Documents/GitHub/loackyPKM/99 - Meta/Scripts/brain_ingest.py:2: SyntaxWarning: invalid escape sequence '\ '
  """brain_ingest.py - Unified Second Brain Ingestion & GTD Intake Engine.
Processed 0 raw notes in Inbox.
2026-08-25 18:20:45 - Raw inbox note ready for processing detected. Invoking scan-inbox...
/Users/lorenzo/Documents/GitHub/loackyPKM/99 - Meta/Scripts/brain_ingest.py:2: SyntaxWarning: invalid escape sequence '\ '
  """brain_ingest.py - Unified Second Brain Ingestion & GTD Intake Engine.
Processed 0 raw notes in Inbox.
2026-08-25 18:20:51 - Raw inbox note ready for processing detected. Invoking scan-inbox...
/Users/lorenzo/Documents/GitHub/loackyPKM/99 - Meta/Scripts/brain_ingest.py:2: SyntaxWarning: invalid escape sequence '\ '
  """brain_ingest.py - Unified Second Brain Ingestion & GTD Intake Engine.
Processed 0 raw notes in Inbox.
2026-08-25 18:20:56 - Raw inbox note ready for processing detected. Invoking scan-inbox...
/Users/lorenzo/Documents/GitHub/loackyPKM/99 - Meta/Scripts/brain_ingest.py:2: SyntaxWarning: invalid escape sequence '\ '
  """brain_ingest.py - Unified Second Brain Ingestion & GTD Intake Engine.
Processed 0 raw notes in Inbox.
2026-08-25 18:21:01 - Raw inbox note ready for processing detected. Invoking scan-inbox...
/Users/lorenzo/Documents/GitHub/loackyPKM/99 - Meta/Scripts/brain_ingest.py:2: SyntaxWarning: invalid escape sequence '\ '
  """brain_ingest.py - Unified Second Brain Ingestion & GTD Intake Engine.
Processed 0 raw notes in Inbox.
2026-08-25 18:21:07 - Raw inbox note ready for processing detected. Invoking scan-inbox...
/Users/lorenzo/Documents/GitHub/loackyPKM/99 - Meta/Scripts/brain_ingest.py:2: SyntaxWarning: invalid escape sequence '\ '
  """brain_ingest.py - Unified Second Brain Ingestion & GTD Intake Engine.
Processed 0 raw notes in Inbox.
2026-08-25 18:21:12 - Raw inbox note ready for processing detected. Invoking scan-inbox...
/Users/lorenzo/Documents/GitHub/loackyPKM/99 - Meta/Scripts/brain_ingest.py:2: SyntaxWarning: invalid escape sequence '\ '
  """brain_ingest.py - Unified Second Brain Ingestion & GTD Intake Engine.
Processed 0 raw notes in Inbox.
2026-08-25 18:21:17 - Raw inbox note ready for processing detected. Invoking scan-inbox...
/Users/lorenzo/Documents/GitHub/loackyPKM/99 - Meta/Scripts/brain_ingest.py:2: SyntaxWarning: invalid escape sequence '\ '
  """brain_ingest.py - Unified Second Brain Ingestion & GTD Intake Engine.
Processed 0 raw notes in Inbox.
2026-08-25 18:21:22 - Raw inbox note ready for processing detected. Invoking scan-inbox...
/Users/lorenzo/Documents/GitHub/loackyPKM/99 - Meta/Scripts/brain_ingest.py:2: SyntaxWarning: invalid escape sequence '\ '
  """brain_ingest.py - Unified Second Brain Ingestion & GTD Intake Engine.
Processed 0 raw notes in Inbox.
2026-08-25 18:21:28 - Raw inbox note ready for processing detected. Invoking scan-inbox...
/Users/lorenzo/Documents/GitHub/loackyPKM/99 - Meta/Scripts/brain_ingest.py:2: SyntaxWarning: invalid escape sequence '\ '
  """brain_ingest.py - Unified Second Brain Ingestion & GTD Intake Engine.
Processed 0 raw notes in Inbox.
2026-08-25 18:21:33 - Raw inbox note ready for processing detected. Invoking scan-inbox...
/Users/lorenzo/Documents/GitHub/loackyPKM/99 - Meta/Scripts/brain_ingest.py:2: SyntaxWarning: invalid escape sequence '\ '
  """brain_ingest.py - Unified Second Brain Ingestion & GTD Intake Engine.
Processed 0 raw notes in Inbox.
2026-08-25 18:21:38 - Raw inbox note ready for processing detected. Invoking scan-inbox...
/Users/lorenzo/Documents/GitHub/loackyPKM/99 - Meta/Scripts/brain_ingest.py:2: SyntaxWarning: invalid escape sequence '\ '
  """brain_ingest.py - Unified Second Brain Ingestion & GTD Intake Engine.
Processed 0 raw notes in Inbox.
2026-08-25 18:21:43 - Raw inbox note ready for processing detected. Invoking scan-inbox...
/Users/lorenzo/Documents/GitHub/loackyPKM/99 - Meta/Scripts/brain_ingest.py:2: SyntaxWarning: invalid escape sequence '\ '
  """brain_ingest.py - Unified Second Brain Ingestion & GTD Intake Engine.
Processed 0 raw notes in Inbox.
2026-08-25 18:21:49 - Raw inbox note ready for processing detected. Invoking scan-inbox...
/Users/lorenzo/Documents/GitHub/loackyPKM/99 - Meta/Scripts/brain_ingest.py:2: SyntaxWarning: invalid escape sequence '\ '
  """brain_ingest.py - Unified Second Brain Ingestion & GTD Intake Engine.
Processed 0 raw notes in Inbox.
2026-08-25 18:21:54 - Raw inbox note ready for processing detected. Invoking scan-inbox...
/Users/lorenzo/Documents/GitHub/loackyPKM/99 - Meta/Scripts/brain_ingest.py:2: SyntaxWarning: invalid escape sequence '\ '
  """brain_ingest.py - Unified Second Brain Ingestion & GTD Intake Engine.
Processed 0 raw notes in Inbox.
2026-08-25 18:21:59 - Raw inbox note ready for processing detected. Invoking scan-inbox...
/Users/lorenzo/Documents/GitHub/loackyPKM/99 - Meta/Scripts/brain_ingest.py:2: SyntaxWarning: invalid escape sequence '\ '
  """brain_ingest.py - Unified Second Brain Ingestion & GTD Intake Engine.
Processed 0 raw notes in Inbox.
2026-08-25 18:22:05 - Raw inbox note ready for processing detected. Invoking scan-inbox...
/Users/lorenzo/Documents/GitHub/loackyPKM/99 - Meta/Scripts/brain_ingest.py:2: SyntaxWarning: invalid escape sequence '\ '
  """brain_ingest.py - Unified Second Brain Ingestion & GTD Intake Engine.
Processed 0 raw notes in Inbox.
2026-08-25 18:22:10 - Raw inbox note ready for processing detected. Invoking scan-inbox...
/Users/lorenzo/Documents/GitHub/loackyPKM/99 - Meta/Scripts/brain_ingest.py:2: SyntaxWarning: invalid escape sequence '\ '
  """brain_ingest.py - Unified Second Brain Ingestion & GTD Intake Engine.
Processed 0 raw notes in Inbox.
2026-08-25 18:22:15 - Raw inbox note ready for processing detected. Invoking scan-inbox...
/Users/lorenzo/Documents/GitHub/loackyPKM/99 - Meta/Scripts/brain_ingest.py:2: SyntaxWarning: invalid escape sequence '\ '
  """brain_ingest.py - Unified Second Brain Ingestion & GTD Intake Engine.
Processed 0 raw notes in Inbox.
2026-08-25 18:22:20 - Raw inbox note ready for processing detected. Invoking scan-inbox...
/Users/lorenzo/Documents/GitHub/loackyPKM/99 - Meta/Scripts/brain_ingest.py:2: SyntaxWarning: invalid escape sequence '\ '
  """brain_ingest.py - Unified Second Brain Ingestion & GTD Intake Engine.
Processed 0 raw notes in Inbox.
2026-08-25 18:22:26 - Raw inbox note ready for processing detected. Invoking scan-inbox...
/Users/lorenzo/Documents/GitHub/loackyPKM/99 - Meta/Scripts/brain_ingest.py:2: SyntaxWarning: invalid escape sequence '\ '
  """brain_ingest.py - Unified Second Brain Ingestion & GTD Intake Engine.
Processed 0 raw notes in Inbox.
2026-08-25 18:22:31 - Raw inbox note ready for processing detected. Invoking scan-inbox...
/Users/lorenzo/Documents/GitHub/loackyPKM/99 - Meta/Scripts/brain_ingest.py:2: SyntaxWarning: invalid escape sequence '\ '
  """brain_ingest.py - Unified Second Brain Ingestion & GTD Intake Engine.
Processed 0 raw notes in Inbox.
2026-08-25 18:22:36 - Raw inbox note ready for processing detected. Invoking scan-inbox...
/Users/lorenzo/Documents/GitHub/loackyPKM/99 - Meta/Scripts/brain_ingest.py:2: SyntaxWarning: invalid escape sequence '\ '
  """brain_ingest.py - Unified Second Brain Ingestion & GTD Intake Engine.
Processed 0 raw notes in Inbox.
2026-08-25 18:22:41 - Raw inbox note ready for processing detected. Invoking scan-inbox...
/Users/lorenzo/Documents/GitHub/loackyPKM/99 - Meta/Scripts/brain_ingest.py:2: SyntaxWarning: invalid escape sequence '\ '
  """brain_ingest.py - Unified Second Brain Ingestion & GTD Intake Engine.
Processed 0 raw notes in Inbox.
2026-08-25 18:22:47 - Raw inbox note ready for processing detected. Invoking scan-inbox...
/Users/lorenzo/Documents/GitHub/loackyPKM/99 - Meta/Scripts/brain_ingest.py:2: SyntaxWarning: invalid escape sequence '\ '
  """brain_ingest.py - Unified Second Brain Ingestion & GTD Intake Engine.
Processed 0 raw notes in Inbox.
2026-08-25 18:22:52 - Raw inbox note ready for processing detected. Invoking scan-inbox...
/Users/lorenzo/Documents/GitHub/loackyPKM/99 - Meta/Scripts/brain_ingest.py:2: SyntaxWarning: invalid escape sequence '\ '
  """brain_ingest.py - Unified Second Brain Ingestion & GTD Intake Engine.
Processed 0 raw notes in Inbox.
2026-08-25 18:22:57 - Raw inbox note ready for processing detected. Invoking scan-inbox...
/Users/lorenzo/Documents/GitHub/loackyPKM/99 - Meta/Scripts/brain_ingest.py:2: SyntaxWarning: invalid escape sequence '\ '
  """brain_ingest.py - Unified Second Brain Ingestion & GTD Intake Engine.
Processed 0 raw notes in Inbox.
2026-08-25 18:23:03 - Raw inbox note ready for processing detected. Invoking scan-inbox...
/Users/lorenzo/Documents/GitHub/loackyPKM/99 - Meta/Scripts/brain_ingest.py:2: SyntaxWarning: invalid escape sequence '\ '
  """brain_ingest.py - Unified Second Brain Ingestion & GTD Intake Engine.
Processed 0 raw notes in Inbox.
2026-08-25 18:23:08 - Raw inbox note ready for processing detected. Invoking scan-inbox...
/Users/lorenzo/Documents/GitHub/loackyPKM/99 - Meta/Scripts/brain_ingest.py:2: SyntaxWarning: invalid escape sequence '\ '
  """brain_ingest.py - Unified Second Brain Ingestion & GTD Intake Engine.
Processed 0 raw notes in Inbox.
2026-08-25 18:23:13 - Raw inbox note ready for processing detected. Invoking scan-inbox...
/Users/lorenzo/Documents/GitHub/loackyPKM/99 - Meta/Scripts/brain_ingest.py:2: SyntaxWarning: invalid escape sequence '\ '
  """brain_ingest.py - Unified Second Brain Ingestion & GTD Intake Engine.
Processed 0 raw notes in Inbox.
2026-08-25 18:23:18 - Raw inbox note ready for processing detected. Invoking scan-inbox...
/Users/lorenzo/Documents/GitHub/loackyPKM/99 - Meta/Scripts/brain_ingest.py:2: SyntaxWarning: invalid escape sequence '\ '
  """brain_ingest.py - Unified Second Brain Ingestion & GTD Intake Engine.
Processed 0 raw notes in Inbox.
2026-08-25 18:23:24 - Raw inbox note ready for processing detected. Invoking scan-inbox...
/Users/lorenzo/Documents/GitHub/loackyPKM/99 - Meta/Scripts/brain_ingest.py:2: SyntaxWarning: invalid escape sequence '\ '
  """brain_ingest.py - Unified Second Brain Ingestion & GTD Intake Engine.
Processed 0 raw notes in Inbox.
2026-08-25 18:23:29 - Raw inbox note ready for processing detected. Invoking scan-inbox...
/Users/lorenzo/Documents/GitHub/loackyPKM/99 - Meta/Scripts/brain_ingest.py:2: SyntaxWarning: invalid escape sequence '\ '
  """brain_ingest.py - Unified Second Brain Ingestion & GTD Intake Engine.
Processed 0 raw notes in Inbox.
2026-08-25 18:23:34 - Raw inbox note ready for processing detected. Invoking scan-inbox...
/Users/lorenzo/Documents/GitHub/loackyPKM/99 - Meta/Scripts/brain_ingest.py:2: SyntaxWarning: invalid escape sequence '\ '
  """brain_ingest.py - Unified Second Brain Ingestion & GTD Intake Engine.
Processed 0 raw notes in Inbox.
2026-08-25 18:23:40 - Raw inbox note ready for processing detected. Invoking scan-inbox...
/Users/lorenzo/Documents/GitHub/loackyPKM/99 - Meta/Scripts/brain_ingest.py:2: SyntaxWarning: invalid escape sequence '\ '
  """brain_ingest.py - Unified Second Brain Ingestion & GTD Intake Engine.
Processed 0 raw notes in Inbox.
2026-08-25 18:23:45 - Raw inbox note ready for processing detected. Invoking scan-inbox...
/Users/lorenzo/Documents/GitHub/loackyPKM/99 - Meta/Scripts/brain_ingest.py:2: SyntaxWarning: invalid escape sequence '\ '
  """brain_ingest.py - Unified Second Brain Ingestion & GTD Intake Engine.
Processed 0 raw notes in Inbox.
2026-08-25 18:23:50 - Raw inbox note ready for processing detected. Invoking scan-inbox...
/Users/lorenzo/Documents/GitHub/loackyPKM/99 - Meta/Scripts/brain_ingest.py:2: SyntaxWarning: invalid escape sequence '\ '
  """brain_ingest.py - Unified Second Brain Ingestion & GTD Intake Engine.
Processed 0 raw notes in Inbox.
2026-08-25 18:23:55 - Raw inbox note ready for processing detected. Invoking scan-inbox...
/Users/lorenzo/Documents/GitHub/loackyPKM/99 - Meta/Scripts/brain_ingest.py:2: SyntaxWarning: invalid escape sequence '\ '
  """brain_ingest.py - Unified Second Brain Ingestion & GTD Intake Engine.
Processed 0 raw notes in Inbox.
2026-08-25 18:24:01 - Raw inbox note ready for processing detected. Invoking scan-inbox...
/Users/lorenzo/Documents/GitHub/loackyPKM/99 - Meta/Scripts/brain_ingest.py:2: SyntaxWarning: invalid escape sequence '\ '
  """brain_ingest.py - Unified Second Brain Ingestion & GTD Intake Engine.
Processed 0 raw notes in Inbox.
2026-08-25 18:24:06 - Raw inbox note ready for processing detected. Invoking scan-inbox...
/Users/lorenzo/Documents/GitHub/loackyPKM/99 - Meta/Scripts/brain_ingest.py:2: SyntaxWarning: invalid escape sequence '\ '
  """brain_ingest.py - Unified Second Brain Ingestion & GTD Intake Engine.
Processed 0 raw notes in Inbox.
2026-08-25 18:24:11 - Raw inbox note ready for processing detected. Invoking scan-inbox...
/Users/lorenzo/Documents/GitHub/loackyPKM/99 - Meta/Scripts/brain_ingest.py:2: SyntaxWarning: invalid escape sequence '\ '
  """brain_ingest.py - Unified Second Brain Ingestion & GTD Intake Engine.
Processed 0 raw notes in Inbox.
2026-08-25 18:24:16 - Raw inbox note ready for processing detected. Invoking scan-inbox...
/Users/lorenzo/Documents/GitHub/loackyPKM/99 - Meta/Scripts/brain_ingest.py:2: SyntaxWarning: invalid escape sequence '\ '
  """brain_ingest.py - Unified Second Brain Ingestion & GTD Intake Engine.
Processed 0 raw notes in Inbox.
2026-08-25 18:24:22 - Raw inbox note ready for processing detected. Invoking scan-inbox...
/Users/lorenzo/Documents/GitHub/loackyPKM/99 - Meta/Scripts/brain_ingest.py:2: SyntaxWarning: invalid escape sequence '\ '
  """brain_ingest.py - Unified Second Brain Ingestion & GTD Intake Engine.
Processed 0 raw notes in Inbox.
2026-08-25 18:24:27 - Raw inbox note ready for processing detected. Invoking scan-inbox...
/Users/lorenzo/Documents/GitHub/loackyPKM/99 - Meta/Scripts/brain_ingest.py:2: SyntaxWarning: invalid escape sequence '\ '
  """brain_ingest.py - Unified Second Brain Ingestion & GTD Intake Engine.
Processed 0 raw notes in Inbox.
2026-08-25 18:24:32 - Raw inbox note ready for processing detected. Invoking scan-inbox...
/Users/lorenzo/Documents/GitHub/loackyPKM/99 - Meta/Scripts/brain_ingest.py:2: SyntaxWarning: invalid escape sequence '\ '
  """brain_ingest.py - Unified Second Brain Ingestion & GTD Intake Engine.
Processed 0 raw notes in Inbox.
2026-08-25 18:24:38 - Raw inbox note ready for processing detected. Invoking scan-inbox...
/Users/lorenzo/Documents/GitHub/loackyPKM/99 - Meta/Scripts/brain_ingest.py:2: SyntaxWarning: invalid escape sequence '\ '
  """brain_ingest.py - Unified Second Brain Ingestion & GTD Intake Engine.
Processed 0 raw notes in Inbox.
2026-08-25 18:24:43 - Raw inbox note ready for processing detected. Invoking scan-inbox...
/Users/lorenzo/Documents/GitHub/loackyPKM/99 - Meta/Scripts/brain_ingest.py:2: SyntaxWarning: invalid escape sequence '\ '
  """brain_ingest.py - Unified Second Brain Ingestion & GTD Intake Engine.
Processed 0 raw notes in Inbox.
2026-08-25 18:24:48 - Raw inbox note ready for processing detected. Invoking scan-inbox...
/Users/lorenzo/Documents/GitHub/loackyPKM/99 - Meta/Scripts/brain_ingest.py:2: SyntaxWarning: invalid escape sequence '\ '
  """brain_ingest.py - Unified Second Brain Ingestion & GTD Intake Engine.
Processed 0 raw notes in Inbox.
2026-08-25 18:24:53 - Raw inbox note ready for processing detected. Invoking scan-inbox...
/Users/lorenzo/Documents/GitHub/loackyPKM/99 - Meta/Scripts/brain_ingest.py:2: SyntaxWarning: invalid escape sequence '\ '
  """brain_ingest.py - Unified Second Brain Ingestion & GTD Intake Engine.
Processed 0 raw notes in Inbox.
2026-08-25 18:24:59 - Raw inbox note ready for processing detected. Invoking scan-inbox...
/Users/lorenzo/Documents/GitHub/loackyPKM/99 - Meta/Scripts/brain_ingest.py:2: SyntaxWarning: invalid escape sequence '\ '
  """brain_ingest.py - Unified Second Brain Ingestion & GTD Intake Engine.
Processed 0 raw notes in Inbox.
2026-08-25 18:25:04 - Raw inbox note ready for processing detected. Invoking scan-inbox...
/Users/lorenzo/Documents/GitHub/loackyPKM/99 - Meta/Scripts/brain_ingest.py:2: SyntaxWarning: invalid escape sequence '\ '
  """brain_ingest.py - Unified Second Brain Ingestion & GTD Intake Engine.
Processed 0 raw notes in Inbox.
2026-08-25 18:25:09 - Raw inbox note ready for processing detected. Invoking scan-inbox...
/Users/lorenzo/Documents/GitHub/loackyPKM/99 - Meta/Scripts/brain_ingest.py:2: SyntaxWarning: invalid escape sequence '\ '
  """brain_ingest.py - Unified Second Brain Ingestion & GTD Intake Engine.
Processed 0 raw notes in Inbox.
2026-08-25 18:25:15 - Raw inbox note ready for processing detected. Invoking scan-inbox...
/Users/lorenzo/Documents/GitHub/loackyPKM/99 - Meta/Scripts/brain_ingest.py:2: SyntaxWarning: invalid escape sequence '\ '
  """brain_ingest.py - Unified Second Brain Ingestion & GTD Intake Engine.
Processed 0 raw notes in Inbox.
2026-08-25 18:25:20 - Raw inbox note ready for processing detected. Invoking scan-inbox...
/Users/lorenzo/Documents/GitHub/loackyPKM/99 - Meta/Scripts/brain_ingest.py:2: SyntaxWarning: invalid escape sequence '\ '
  """brain_ingest.py - Unified Second Brain Ingestion & GTD Intake Engine.
Processed 0 raw notes in Inbox.
2026-08-25 18:25:25 - Raw inbox note ready for processing detected. Invoking scan-inbox...
/Users/lorenzo/Documents/GitHub/loackyPKM/99 - Meta/Scripts/brain_ingest.py:2: SyntaxWarning: invalid escape sequence '\ '
  """brain_ingest.py - Unified Second Brain Ingestion & GTD Intake Engine.
Processed 0 raw notes in Inbox.
2026-08-25 18:25:30 - Raw inbox note ready for processing detected. Invoking scan-inbox...
/Users/lorenzo/Documents/GitHub/loackyPKM/99 - Meta/Scripts/brain_ingest.py:2: SyntaxWarning: invalid escape sequence '\ '
  """brain_ingest.py - Unified Second Brain Ingestion & GTD Intake Engine.
Processed 0 raw notes in Inbox.
2026-08-25 18:25:36 - Raw inbox note ready for processing detected. Invoking scan-inbox...
/Users/lorenzo/Documents/GitHub/loackyPKM/99 - Meta/Scripts/brain_ingest.py:2: SyntaxWarning: invalid escape sequence '\ '
  """brain_ingest.py - Unified Second Brain Ingestion & GTD Intake Engine.
Processed 0 raw notes in Inbox.
2026-08-25 18:25:41 - Raw inbox note ready for processing detected. Invoking scan-inbox...
/Users/lorenzo/Documents/GitHub/loackyPKM/99 - Meta/Scripts/brain_ingest.py:2: SyntaxWarning: invalid escape sequence '\ '
  """brain_ingest.py - Unified Second Brain Ingestion & GTD Intake Engine.
Processed 0 raw notes in Inbox.
2026-08-25 18:25:46 - Raw inbox note ready for processing detected. Invoking scan-inbox...
/Users/lorenzo/Documents/GitHub/loackyPKM/99 - Meta/Scripts/brain_ingest.py:2: SyntaxWarning: invalid escape sequence '\ '
  """brain_ingest.py - Unified Second Brain Ingestion & GTD Intake Engine.
Processed 0 raw notes in Inbox.
2026-08-25 18:25:51 - Raw inbox note ready for processing detected. Invoking scan-inbox...
/Users/lorenzo/Documents/GitHub/loackyPKM/99 - Meta/Scripts/brain_ingest.py:2: SyntaxWarning: invalid escape sequence '\ '
  """brain_ingest.py - Unified Second Brain Ingestion & GTD Intake Engine.
Processed 0 raw notes in Inbox.
2026-08-25 18:25:57 - Raw inbox note ready for processing detected. Invoking scan-inbox...
/Users/lorenzo/Documents/GitHub/loackyPKM/99 - Meta/Scripts/brain_ingest.py:2: SyntaxWarning: invalid escape sequence '\ '
  """brain_ingest.py - Unified Second Brain Ingestion & GTD Intake Engine.
Processed 0 raw notes in Inbox.
2026-08-25 18:26:02 - Raw inbox note ready for processing detected. Invoking scan-inbox...
/Users/lorenzo/Documents/GitHub/loackyPKM/99 - Meta/Scripts/brain_ingest.py:2: SyntaxWarning: invalid escape sequence '\ '
  """brain_ingest.py - Unified Second Brain Ingestion & GTD Intake Engine.
Processed 0 raw notes in Inbox.
2026-08-25 18:26:07 - Raw inbox note ready for processing detected. Invoking scan-inbox...
/Users/lorenzo/Documents/GitHub/loackyPKM/99 - Meta/Scripts/brain_ingest.py:2: SyntaxWarning: invalid escape sequence '\ '
  """brain_ingest.py - Unified Second Brain Ingestion & GTD Intake Engine.
Processed 0 raw notes in Inbox.
2026-08-25 18:26:13 - Raw inbox note ready for processing detected. Invoking scan-inbox...
/Users/lorenzo/Documents/GitHub/loackyPKM/99 - Meta/Scripts/brain_ingest.py:2: SyntaxWarning: invalid escape sequence '\ '
  """brain_ingest.py - Unified Second Brain Ingestion & GTD Intake Engine.
Processed 0 raw notes in Inbox.
2026-08-25 18:26:18 - Raw inbox note ready for processing detected. Invoking scan-inbox...
/Users/lorenzo/Documents/GitHub/loackyPKM/99 - Meta/Scripts/brain_ingest.py:2: SyntaxWarning: invalid escape sequence '\ '
  """brain_ingest.py - Unified Second Brain Ingestion & GTD Intake Engine.
Processed 0 raw notes in Inbox.
2026-08-25 18:26:23 - Raw inbox note ready for processing detected. Invoking scan-inbox...
/Users/lorenzo/Documents/GitHub/loackyPKM/99 - Meta/Scripts/brain_ingest.py:2: SyntaxWarning: invalid escape sequence '\ '
  """brain_ingest.py - Unified Second Brain Ingestion & GTD Intake Engine.
Processed 0 raw notes in Inbox.
2026-08-25 18:26:28 - Raw inbox note ready for processing detected. Invoking scan-inbox...
/Users/lorenzo/Documents/GitHub/loackyPKM/99 - Meta/Scripts/brain_ingest.py:2: SyntaxWarning: invalid escape sequence '\ '
  """brain_ingest.py - Unified Second Brain Ingestion & GTD Intake Engine.
Processed 0 raw notes in Inbox.
2026-08-25 18:26:34 - Raw inbox note ready for processing detected. Invoking scan-inbox...
/Users/lorenzo/Documents/GitHub/loackyPKM/99 - Meta/Scripts/brain_ingest.py:2: SyntaxWarning: invalid escape sequence '\ '
  """brain_ingest.py - Unified Second Brain Ingestion & GTD Intake Engine.
Processed 0 raw notes in Inbox.
2026-08-25 18:26:39 - Raw inbox note ready for processing detected. Invoking scan-inbox...
/Users/lorenzo/Documents/GitHub/loackyPKM/99 - Meta/Scripts/brain_ingest.py:2: SyntaxWarning: invalid escape sequence '\ '
  """brain_ingest.py - Unified Second Brain Ingestion & GTD Intake Engine.
Processed 0 raw notes in Inbox.
2026-08-25 18:26:44 - Raw inbox note ready for processing detected. Invoking scan-inbox...
/Users/lorenzo/Documents/GitHub/loackyPKM/99 - Meta/Scripts/brain_ingest.py:2: SyntaxWarning: invalid escape sequence '\ '
  """brain_ingest.py - Unified Second Brain Ingestion & GTD Intake Engine.
Processed 0 raw notes in Inbox.
2026-08-25 18:26:50 - Raw inbox note ready for processing detected. Invoking scan-inbox...
/Users/lorenzo/Documents/GitHub/loackyPKM/99 - Meta/Scripts/brain_ingest.py:2: SyntaxWarning: invalid escape sequence '\ '
  """brain_ingest.py - Unified Second Brain Ingestion & GTD Intake Engine.
Processed 0 raw notes in Inbox.
2026-08-25 18:26:55 - Raw inbox note ready for processing detected. Invoking scan-inbox...
/Users/lorenzo/Documents/GitHub/loackyPKM/99 - Meta/Scripts/brain_ingest.py:2: SyntaxWarning: invalid escape sequence '\ '
  """brain_ingest.py - Unified Second Brain Ingestion & GTD Intake Engine.
Processed 0 raw notes in Inbox.
2026-08-25 18:27:00 - Raw inbox note ready for processing detected. Invoking scan-inbox...
/Users/lorenzo/Documents/GitHub/loackyPKM/99 - Meta/Scripts/brain_ingest.py:2: SyntaxWarning: invalid escape sequence '\ '
  """brain_ingest.py - Unified Second Brain Ingestion & GTD Intake Engine.
Processed 0 raw notes in Inbox.
2026-08-25 18:27:05 - Raw inbox note ready for processing detected. Invoking scan-inbox...
/Users/lorenzo/Documents/GitHub/loackyPKM/99 - Meta/Scripts/brain_ingest.py:2: SyntaxWarning: invalid escape sequence '\ '
  """brain_ingest.py - Unified Second Brain Ingestion & GTD Intake Engine.
Processed 0 raw notes in Inbox.
2026-08-25 18:27:11 - Raw inbox note ready for processing detected. Invoking scan-inbox...
/Users/lorenzo/Documents/GitHub/loackyPKM/99 - Meta/Scripts/brain_ingest.py:2: SyntaxWarning: invalid escape sequence '\ '
  """brain_ingest.py - Unified Second Brain Ingestion & GTD Intake Engine.
Processed 0 raw notes in Inbox.
2026-08-25 18:27:16 - Raw inbox note ready for processing detected. Invoking scan-inbox...
/Users/lorenzo/Documents/GitHub/loackyPKM/99 - Meta/Scripts/brain_ingest.py:2: SyntaxWarning: invalid escape sequence '\ '
  """brain_ingest.py - Unified Second Brain Ingestion & GTD Intake Engine.
Processed 0 raw notes in Inbox.
2026-08-25 18:27:21 - Raw inbox note ready for processing detected. Invoking scan-inbox...
/Users/lorenzo/Documents/GitHub/loackyPKM/99 - Meta/Scripts/brain_ingest.py:2: SyntaxWarning: invalid escape sequence '\ '
  """brain_ingest.py - Unified Second Brain Ingestion & GTD Intake Engine.
Processed 0 raw notes in Inbox.
2026-08-25 18:27:27 - Raw inbox note ready for processing detected. Invoking scan-inbox...
/Users/lorenzo/Documents/GitHub/loackyPKM/99 - Meta/Scripts/brain_ingest.py:2: SyntaxWarning: invalid escape sequence '\ '
  """brain_ingest.py - Unified Second Brain Ingestion & GTD Intake Engine.
Processed 0 raw notes in Inbox.
2026-08-25 18:27:32 - Raw inbox note ready for processing detected. Invoking scan-inbox...
/Users/lorenzo/Documents/GitHub/loackyPKM/99 - Meta/Scripts/brain_ingest.py:2: SyntaxWarning: invalid escape sequence '\ '
  """brain_ingest.py - Unified Second Brain Ingestion & GTD Intake Engine.
Processed 0 raw notes in Inbox.
2026-08-25 18:27:37 - Raw inbox note ready for processing detected. Invoking scan-inbox...
/Users/lorenzo/Documents/GitHub/loackyPKM/99 - Meta/Scripts/brain_ingest.py:2: SyntaxWarning: invalid escape sequence '\ '
  """brain_ingest.py - Unified Second Brain Ingestion & GTD Intake Engine.
Processed 0 raw notes in Inbox.
2026-08-25 18:27:42 - Raw inbox note ready for processing detected. Invoking scan-inbox...
/Users/lorenzo/Documents/GitHub/loackyPKM/99 - Meta/Scripts/brain_ingest.py:2: SyntaxWarning: invalid escape sequence '\ '
  """brain_ingest.py - Unified Second Brain Ingestion & GTD Intake Engine.
Processed 0 raw notes in Inbox.
2026-08-25 18:27:48 - Raw inbox note ready for processing detected. Invoking scan-inbox...
/Users/lorenzo/Documents/GitHub/loackyPKM/99 - Meta/Scripts/brain_ingest.py:2: SyntaxWarning: invalid escape sequence '\ '
  """brain_ingest.py - Unified Second Brain Ingestion & GTD Intake Engine.
Processed 0 raw notes in Inbox.
2026-08-25 18:27:53 - Raw inbox note ready for processing detected. Invoking scan-inbox...
/Users/lorenzo/Documents/GitHub/loackyPKM/99 - Meta/Scripts/brain_ingest.py:2: SyntaxWarning: invalid escape sequence '\ '
  """brain_ingest.py - Unified Second Brain Ingestion & GTD Intake Engine.
Processed 0 raw notes in Inbox.
2026-08-25 18:27:58 - Raw inbox note ready for processing detected. Invoking scan-inbox...
/Users/lorenzo/Documents/GitHub/loackyPKM/99 - Meta/Scripts/brain_ingest.py:2: SyntaxWarning: invalid escape sequence '\ '
  """brain_ingest.py - Unified Second Brain Ingestion & GTD Intake Engine.
Processed 0 raw notes in Inbox.
2026-08-25 18:28:03 - Raw inbox note ready for processing detected. Invoking scan-inbox...
/Users/lorenzo/Documents/GitHub/loackyPKM/99 - Meta/Scripts/brain_ingest.py:2: SyntaxWarning: invalid escape sequence '\ '
  """brain_ingest.py - Unified Second Brain Ingestion & GTD Intake Engine.
Processed 0 raw notes in Inbox.
2026-08-25 18:28:09 - Raw inbox note ready for processing detected. Invoking scan-inbox...
/Users/lorenzo/Documents/GitHub/loackyPKM/99 - Meta/Scripts/brain_ingest.py:2: SyntaxWarning: invalid escape sequence '\ '
  """brain_ingest.py - Unified Second Brain Ingestion & GTD Intake Engine.
Processed 0 raw notes in Inbox.
2026-08-25 18:28:14 - Raw inbox note ready for processing detected. Invoking scan-inbox...
/Users/lorenzo/Documents/GitHub/loackyPKM/99 - Meta/Scripts/brain_ingest.py:2: SyntaxWarning: invalid escape sequence '\ '
  """brain_ingest.py - Unified Second Brain Ingestion & GTD Intake Engine.
Processed 0 raw notes in Inbox.
2026-08-25 18:28:19 - Raw inbox note ready for processing detected. Invoking scan-inbox...
/Users/lorenzo/Documents/GitHub/loackyPKM/99 - Meta/Scripts/brain_ingest.py:2: SyntaxWarning: invalid escape sequence '\ '
  """brain_ingest.py - Unified Second Brain Ingestion & GTD Intake Engine.
Processed 0 raw notes in Inbox.
2026-08-25 18:28:25 - Raw inbox note ready for processing detected. Invoking scan-inbox...
/Users/lorenzo/Documents/GitHub/loackyPKM/99 - Meta/Scripts/brain_ingest.py:2: SyntaxWarning: invalid escape sequence '\ '
  """brain_ingest.py - Unified Second Brain Ingestion & GTD Intake Engine.
Processed 0 raw notes in Inbox.
2026-08-25 18:28:30 - Raw inbox note ready for processing detected. Invoking scan-inbox...
/Users/lorenzo/Documents/GitHub/loackyPKM/99 - Meta/Scripts/brain_ingest.py:2: SyntaxWarning: invalid escape sequence '\ '
  """brain_ingest.py - Unified Second Brain Ingestion & GTD Intake Engine.
Processed 0 raw notes in Inbox.
2026-08-25 18:28:35 - Raw inbox note ready for processing detected. Invoking scan-inbox...
/Users/lorenzo/Documents/GitHub/loackyPKM/99 - Meta/Scripts/brain_ingest.py:2: SyntaxWarning: invalid escape sequence '\ '
  """brain_ingest.py - Unified Second Brain Ingestion & GTD Intake Engine.
Processed 0 raw notes in Inbox.
2026-08-25 18:28:40 - Raw inbox note ready for processing detected. Invoking scan-inbox...
/Users/lorenzo/Documents/GitHub/loackyPKM/99 - Meta/Scripts/brain_ingest.py:2: SyntaxWarning: invalid escape sequence '\ '
  """brain_ingest.py - Unified Second Brain Ingestion & GTD Intake Engine.
Processed 0 raw notes in Inbox.
2026-08-25 18:28:46 - Raw inbox note ready for processing detected. Invoking scan-inbox...
/Users/lorenzo/Documents/GitHub/loackyPKM/99 - Meta/Scripts/brain_ingest.py:2: SyntaxWarning: invalid escape sequence '\ '
  """brain_ingest.py - Unified Second Brain Ingestion & GTD Intake Engine.
Processed 0 raw notes in Inbox.
2026-08-25 18:28:51 - Raw inbox note ready for processing detected. Invoking scan-inbox...
/Users/lorenzo/Documents/GitHub/loackyPKM/99 - Meta/Scripts/brain_ingest.py:2: SyntaxWarning: invalid escape sequence '\ '
  """brain_ingest.py - Unified Second Brain Ingestion & GTD Intake Engine.
Processed 0 raw notes in Inbox.
2026-08-25 18:28:56 - Raw inbox note ready for processing detected. Invoking scan-inbox...
/Users/lorenzo/Documents/GitHub/loackyPKM/99 - Meta/Scripts/brain_ingest.py:2: SyntaxWarning: invalid escape sequence '\ '
  """brain_ingest.py - Unified Second Brain Ingestion & GTD Intake Engine.
Processed 0 raw notes in Inbox.
2026-08-25 18:29:02 - Raw inbox note ready for processing detected. Invoking scan-inbox...
/Users/lorenzo/Documents/GitHub/loackyPKM/99 - Meta/Scripts/brain_ingest.py:2: SyntaxWarning: invalid escape sequence '\ '
  """brain_ingest.py - Unified Second Brain Ingestion & GTD Intake Engine.
Processed 0 raw notes in Inbox.
2026-08-25 18:29:07 - Raw inbox note ready for processing detected. Invoking scan-inbox...
/Users/lorenzo/Documents/GitHub/loackyPKM/99 - Meta/Scripts/brain_ingest.py:2: SyntaxWarning: invalid escape sequence '\ '
  """brain_ingest.py - Unified Second Brain Ingestion & GTD Intake Engine.
Processed 0 raw notes in Inbox.
2026-08-25 18:29:12 - Raw inbox note ready for processing detected. Invoking scan-inbox...
/Users/lorenzo/Documents/GitHub/loackyPKM/99 - Meta/Scripts/brain_ingest.py:2: SyntaxWarning: invalid escape sequence '\ '
  """brain_ingest.py - Unified Second Brain Ingestion & GTD Intake Engine.
Processed 0 raw notes in Inbox.
2026-08-25 18:29:17 - Raw inbox note ready for processing detected. Invoking scan-inbox...
/Users/lorenzo/Documents/GitHub/loackyPKM/99 - Meta/Scripts/brain_ingest.py:2: SyntaxWarning: invalid escape sequence '\ '
  """brain_ingest.py - Unified Second Brain Ingestion & GTD Intake Engine.
Processed 0 raw notes in Inbox.
2026-08-25 18:29:23 - Raw inbox note ready for processing detected. Invoking scan-inbox...
/Users/lorenzo/Documents/GitHub/loackyPKM/99 - Meta/Scripts/brain_ingest.py:2: SyntaxWarning: invalid escape sequence '\ '
  """brain_ingest.py - Unified Second Brain Ingestion & GTD Intake Engine.
Processed 0 raw notes in Inbox.
2026-08-25 18:29:28 - Raw inbox note ready for processing detected. Invoking scan-inbox...
/Users/lorenzo/Documents/GitHub/loackyPKM/99 - Meta/Scripts/brain_ingest.py:2: SyntaxWarning: invalid escape sequence '\ '
  """brain_ingest.py - Unified Second Brain Ingestion & GTD Intake Engine.
Processed 0 raw notes in Inbox.
2026-08-25 18:29:33 - Raw inbox note ready for processing detected. Invoking scan-inbox...
/Users/lorenzo/Documents/GitHub/loackyPKM/99 - Meta/Scripts/brain_ingest.py:2: SyntaxWarning: invalid escape sequence '\ '
  """brain_ingest.py - Unified Second Brain Ingestion & GTD Intake Engine.
Processed 0 raw notes in Inbox.
2026-08-25 18:29:38 - Raw inbox note ready for processing detected. Invoking scan-inbox...
/Users/lorenzo/Documents/GitHub/loackyPKM/99 - Meta/Scripts/brain_ingest.py:2: SyntaxWarning: invalid escape sequence '\ '
  """brain_ingest.py - Unified Second Brain Ingestion & GTD Intake Engine.
Processed 0 raw notes in Inbox.
2026-08-25 18:29:44 - Raw inbox note ready for processing detected. Invoking scan-inbox...
/Users/lorenzo/Documents/GitHub/loackyPKM/99 - Meta/Scripts/brain_ingest.py:2: SyntaxWarning: invalid escape sequence '\ '
  """brain_ingest.py - Unified Second Brain Ingestion & GTD Intake Engine.
Processed 0 raw notes in Inbox.
2026-08-25 18:29:49 - Raw inbox note ready for processing detected. Invoking scan-inbox...
/Users/lorenzo/Documents/GitHub/loackyPKM/99 - Meta/Scripts/brain_ingest.py:2: SyntaxWarning: invalid escape sequence '\ '
  """brain_ingest.py - Unified Second Brain Ingestion & GTD Intake Engine.
Processed 0 raw notes in Inbox.
2026-08-25 18:29:54 - Raw inbox note ready for processing detected. Invoking scan-inbox...
/Users/lorenzo/Documents/GitHub/loackyPKM/99 - Meta/Scripts/brain_ingest.py:2: SyntaxWarning: invalid escape sequence '\ '
  """brain_ingest.py - Unified Second Brain Ingestion & GTD Intake Engine.
Processed 0 raw notes in Inbox.
2026-08-25 18:30:00 - Raw inbox note ready for processing detected. Invoking scan-inbox...
/Users/lorenzo/Documents/GitHub/loackyPKM/99 - Meta/Scripts/brain_ingest.py:2: SyntaxWarning: invalid escape sequence '\ '
  """brain_ingest.py - Unified Second Brain Ingestion & GTD Intake Engine.
Processed 0 raw notes in Inbox.
2026-08-25 18:30:05 - Raw inbox note ready for processing detected. Invoking scan-inbox...
/Users/lorenzo/Documents/GitHub/loackyPKM/99 - Meta/Scripts/brain_ingest.py:2: SyntaxWarning: invalid escape sequence '\ '
  """brain_ingest.py - Unified Second Brain Ingestion & GTD Intake Engine.
Processed 0 raw notes in Inbox.
2026-08-25 18:30:10 - Raw inbox note ready for processing detected. Invoking scan-inbox...
/Users/lorenzo/Documents/GitHub/loackyPKM/99 - Meta/Scripts/brain_ingest.py:2: SyntaxWarning: invalid escape sequence '\ '
  """brain_ingest.py - Unified Second Brain Ingestion & GTD Intake Engine.
Processed 0 raw notes in Inbox.
2026-08-25 18:30:15 - Raw inbox note ready for processing detected. Invoking scan-inbox...
/Users/lorenzo/Documents/GitHub/loackyPKM/99 - Meta/Scripts/brain_ingest.py:2: SyntaxWarning: invalid escape sequence '\ '
  """brain_ingest.py - Unified Second Brain Ingestion & GTD Intake Engine.
Processed 0 raw notes in Inbox.
2026-08-25 18:30:21 - Raw inbox note ready for processing detected. Invoking scan-inbox...
/Users/lorenzo/Documents/GitHub/loackyPKM/99 - Meta/Scripts/brain_ingest.py:2: SyntaxWarning: invalid escape sequence '\ '
  """brain_ingest.py - Unified Second Brain Ingestion & GTD Intake Engine.
Processed 0 raw notes in Inbox.
2026-08-25 18:30:26 - Raw inbox note ready for processing detected. Invoking scan-inbox...
/Users/lorenzo/Documents/GitHub/loackyPKM/99 - Meta/Scripts/brain_ingest.py:2: SyntaxWarning: invalid escape sequence '\ '
  """brain_ingest.py - Unified Second Brain Ingestion & GTD Intake Engine.
Processed 0 raw notes in Inbox.
2026-08-25 18:30:31 - Raw inbox note ready for processing detected. Invoking scan-inbox...
/Users/lorenzo/Documents/GitHub/loackyPKM/99 - Meta/Scripts/brain_ingest.py:2: SyntaxWarning: invalid escape sequence '\ '
  """brain_ingest.py - Unified Second Brain Ingestion & GTD Intake Engine.
Processed 0 raw notes in Inbox.
2026-08-25 18:30:36 - Raw inbox note ready for processing detected. Invoking scan-inbox...
/Users/lorenzo/Documents/GitHub/loackyPKM/99 - Meta/Scripts/brain_ingest.py:2: SyntaxWarning: invalid escape sequence '\ '
  """brain_ingest.py - Unified Second Brain Ingestion & GTD Intake Engine.
Processed 0 raw notes in Inbox.
2026-08-25 18:30:42 - Raw inbox note ready for processing detected. Invoking scan-inbox...
/Users/lorenzo/Documents/GitHub/loackyPKM/99 - Meta/Scripts/brain_ingest.py:2: SyntaxWarning: invalid escape sequence '\ '
  """brain_ingest.py - Unified Second Brain Ingestion & GTD Intake Engine.
Processed 0 raw notes in Inbox.
2026-08-25 18:30:47 - Raw inbox note ready for processing detected. Invoking scan-inbox...
/Users/lorenzo/Documents/GitHub/loackyPKM/99 - Meta/Scripts/brain_ingest.py:2: SyntaxWarning: invalid escape sequence '\ '
  """brain_ingest.py - Unified Second Brain Ingestion & GTD Intake Engine.
Processed 0 raw notes in Inbox.
2026-08-25 18:30:52 - Raw inbox note ready for processing detected. Invoking scan-inbox...
/Users/lorenzo/Documents/GitHub/loackyPKM/99 - Meta/Scripts/brain_ingest.py:2: SyntaxWarning: invalid escape sequence '\ '
  """brain_ingest.py - Unified Second Brain Ingestion & GTD Intake Engine.
Processed 0 raw notes in Inbox.
2026-08-25 18:30:58 - Raw inbox note ready for processing detected. Invoking scan-inbox...
/Users/lorenzo/Documents/GitHub/loackyPKM/99 - Meta/Scripts/brain_ingest.py:2: SyntaxWarning: invalid escape sequence '\ '
  """brain_ingest.py - Unified Second Brain Ingestion & GTD Intake Engine.
Processed 0 raw notes in Inbox.
2026-08-25 18:31:03 - Raw inbox note ready for processing detected. Invoking scan-inbox...
/Users/lorenzo/Documents/GitHub/loackyPKM/99 - Meta/Scripts/brain_ingest.py:2: SyntaxWarning: invalid escape sequence '\ '
  """brain_ingest.py - Unified Second Brain Ingestion & GTD Intake Engine.
Processed 0 raw notes in Inbox.
2026-08-25 18:31:08 - Raw inbox note ready for processing detected. Invoking scan-inbox...
/Users/lorenzo/Documents/GitHub/loackyPKM/99 - Meta/Scripts/brain_ingest.py:2: SyntaxWarning: invalid escape sequence '\ '
  """brain_ingest.py - Unified Second Brain Ingestion & GTD Intake Engine.
Processed 0 raw notes in Inbox.
2026-08-25 18:31:13 - Raw inbox note ready for processing detected. Invoking scan-inbox...
/Users/lorenzo/Documents/GitHub/loackyPKM/99 - Meta/Scripts/brain_ingest.py:2: SyntaxWarning: invalid escape sequence '\ '
  """brain_ingest.py - Unified Second Brain Ingestion & GTD Intake Engine.
Processed 0 raw notes in Inbox.
2026-08-25 18:31:19 - Raw inbox note ready for processing detected. Invoking scan-inbox...
/Users/lorenzo/Documents/GitHub/loackyPKM/99 - Meta/Scripts/brain_ingest.py:2: SyntaxWarning: invalid escape sequence '\ '
  """brain_ingest.py - Unified Second Brain Ingestion & GTD Intake Engine.
Processed 0 raw notes in Inbox.
2026-08-25 18:31:24 - Raw inbox note ready for processing detected. Invoking scan-inbox...
/Users/lorenzo/Documents/GitHub/loackyPKM/99 - Meta/Scripts/brain_ingest.py:2: SyntaxWarning: invalid escape sequence '\ '
  """brain_ingest.py - Unified Second Brain Ingestion & GTD Intake Engine.
Processed 0 raw notes in Inbox.
2026-08-25 18:31:29 - Raw inbox note ready for processing detected. Invoking scan-inbox...
/Users/lorenzo/Documents/GitHub/loackyPKM/99 - Meta/Scripts/brain_ingest.py:2: SyntaxWarning: invalid escape sequence '\ '
  """brain_ingest.py - Unified Second Brain Ingestion & GTD Intake Engine.
Processed 0 raw notes in Inbox.
2026-08-25 18:31:35 - Raw inbox note ready for processing detected. Invoking scan-inbox...
/Users/lorenzo/Documents/GitHub/loackyPKM/99 - Meta/Scripts/brain_ingest.py:2: SyntaxWarning: invalid escape sequence '\ '
  """brain_ingest.py - Unified Second Brain Ingestion & GTD Intake Engine.
Processed 0 raw notes in Inbox.
2026-08-25 18:31:40 - Raw inbox note ready for processing detected. Invoking scan-inbox...
/Users/lorenzo/Documents/GitHub/loackyPKM/99 - Meta/Scripts/brain_ingest.py:2: SyntaxWarning: invalid escape sequence '\ '
  """brain_ingest.py - Unified Second Brain Ingestion & GTD Intake Engine.
Processed 0 raw notes in Inbox.
2026-08-25 18:31:45 - Raw inbox note ready for processing detected. Invoking scan-inbox...
/Users/lorenzo/Documents/GitHub/loackyPKM/99 - Meta/Scripts/brain_ingest.py:2: SyntaxWarning: invalid escape sequence '\ '
  """brain_ingest.py - Unified Second Brain Ingestion & GTD Intake Engine.
Processed 0 raw notes in Inbox.
2026-08-25 18:31:50 - Raw inbox note ready for processing detected. Invoking scan-inbox...
/Users/lorenzo/Documents/GitHub/loackyPKM/99 - Meta/Scripts/brain_ingest.py:2: SyntaxWarning: invalid escape sequence '\ '
  """brain_ingest.py - Unified Second Brain Ingestion & GTD Intake Engine.
Processed 0 raw notes in Inbox.
2026-08-25 18:31:56 - Raw inbox note ready for processing detected. Invoking scan-inbox...
/Users/lorenzo/Documents/GitHub/loackyPKM/99 - Meta/Scripts/brain_ingest.py:2: SyntaxWarning: invalid escape sequence '\ '
  """brain_ingest.py - Unified Second Brain Ingestion & GTD Intake Engine.
Processed 0 raw notes in Inbox.
2026-08-25 18:32:01 - Raw inbox note ready for processing detected. Invoking scan-inbox...
/Users/lorenzo/Documents/GitHub/loackyPKM/99 - Meta/Scripts/brain_ingest.py:2: SyntaxWarning: invalid escape sequence '\ '
  """brain_ingest.py - Unified Second Brain Ingestion & GTD Intake Engine.
Processed 0 raw notes in Inbox.
2026-08-25 18:32:06 - Raw inbox note ready for processing detected. Invoking scan-inbox...
/Users/lorenzo/Documents/GitHub/loackyPKM/99 - Meta/Scripts/brain_ingest.py:2: SyntaxWarning: invalid escape sequence '\ '
  """brain_ingest.py - Unified Second Brain Ingestion & GTD Intake Engine.
Processed 0 raw notes in Inbox.
2026-08-25 18:32:12 - Raw inbox note ready for processing detected. Invoking scan-inbox...
/Users/lorenzo/Documents/GitHub/loackyPKM/99 - Meta/Scripts/brain_ingest.py:2: SyntaxWarning: invalid escape sequence '\ '
  """brain_ingest.py - Unified Second Brain Ingestion & GTD Intake Engine.
Processed 0 raw notes in Inbox.
2026-08-25 18:32:17 - Raw inbox note ready for processing detected. Invoking scan-inbox...
/Users/lorenzo/Documents/GitHub/loackyPKM/99 - Meta/Scripts/brain_ingest.py:2: SyntaxWarning: invalid escape sequence '\ '
  """brain_ingest.py - Unified Second Brain Ingestion & GTD Intake Engine.
Processed 0 raw notes in Inbox.
2026-08-25 18:32:22 - Raw inbox note ready for processing detected. Invoking scan-inbox...
/Users/lorenzo/Documents/GitHub/loackyPKM/99 - Meta/Scripts/brain_ingest.py:2: SyntaxWarning: invalid escape sequence '\ '
  """brain_ingest.py - Unified Second Brain Ingestion & GTD Intake Engine.
Processed 0 raw notes in Inbox.
2026-08-25 18:32:27 - Raw inbox note ready for processing detected. Invoking scan-inbox...
/Users/lorenzo/Documents/GitHub/loackyPKM/99 - Meta/Scripts/brain_ingest.py:2: SyntaxWarning: invalid escape sequence '\ '
  """brain_ingest.py - Unified Second Brain Ingestion & GTD Intake Engine.
Processed 0 raw notes in Inbox.
2026-08-25 18:32:33 - Raw inbox note ready for processing detected. Invoking scan-inbox...
/Users/lorenzo/Documents/GitHub/loackyPKM/99 - Meta/Scripts/brain_ingest.py:2: SyntaxWarning: invalid escape sequence '\ '
  """brain_ingest.py - Unified Second Brain Ingestion & GTD Intake Engine.
Processed 0 raw notes in Inbox.
2026-08-25 18:32:38 - Raw inbox note ready for processing detected. Invoking scan-inbox...
/Users/lorenzo/Documents/GitHub/loackyPKM/99 - Meta/Scripts/brain_ingest.py:2: SyntaxWarning: invalid escape sequence '\ '
  """brain_ingest.py - Unified Second Brain Ingestion & GTD Intake Engine.
Processed 0 raw notes in Inbox.
2026-08-25 18:32:43 - Raw inbox note ready for processing detected. Invoking scan-inbox...
/Users/lorenzo/Documents/GitHub/loackyPKM/99 - Meta/Scripts/brain_ingest.py:2: SyntaxWarning: invalid escape sequence '\ '
  """brain_ingest.py - Unified Second Brain Ingestion & GTD Intake Engine.
Processed 0 raw notes in Inbox.
2026-08-25 18:32:48 - Raw inbox note ready for processing detected. Invoking scan-inbox...
/Users/lorenzo/Documents/GitHub/loackyPKM/99 - Meta/Scripts/brain_ingest.py:2: SyntaxWarning: invalid escape sequence '\ '
  """brain_ingest.py - Unified Second Brain Ingestion & GTD Intake Engine.
Processed 0 raw notes in Inbox.
2026-08-25 18:32:54 - Raw inbox note ready for processing detected. Invoking scan-inbox...
/Users/lorenzo/Documents/GitHub/loackyPKM/99 - Meta/Scripts/brain_ingest.py:2: SyntaxWarning: invalid escape sequence '\ '
  """brain_ingest.py - Unified Second Brain Ingestion & GTD Intake Engine.
Processed 0 raw notes in Inbox.
2026-08-25 18:32:59 - Raw inbox note ready for processing detected. Invoking scan-inbox...
/Users/lorenzo/Documents/GitHub/loackyPKM/99 - Meta/Scripts/brain_ingest.py:2: SyntaxWarning: invalid escape sequence '\ '
  """brain_ingest.py - Unified Second Brain Ingestion & GTD Intake Engine.
Processed 0 raw notes in Inbox.
2026-08-25 18:33:04 - Raw inbox note ready for processing detected. Invoking scan-inbox...
/Users/lorenzo/Documents/GitHub/loackyPKM/99 - Meta/Scripts/brain_ingest.py:2: SyntaxWarning: invalid escape sequence '\ '
  """brain_ingest.py - Unified Second Brain Ingestion & GTD Intake Engine.
Processed 0 raw notes in Inbox.
2026-08-25 18:33:10 - Raw inbox note ready for processing detected. Invoking scan-inbox...
/Users/lorenzo/Documents/GitHub/loackyPKM/99 - Meta/Scripts/brain_ingest.py:2: SyntaxWarning: invalid escape sequence '\ '
  """brain_ingest.py - Unified Second Brain Ingestion & GTD Intake Engine.
Processed 0 raw notes in Inbox.
2026-08-25 18:33:15 - Raw inbox note ready for processing detected. Invoking scan-inbox...
/Users/lorenzo/Documents/GitHub/loackyPKM/99 - Meta/Scripts/brain_ingest.py:2: SyntaxWarning: invalid escape sequence '\ '
  """brain_ingest.py - Unified Second Brain Ingestion & GTD Intake Engine.
Processed 0 raw notes in Inbox.
2026-08-25 18:33:20 - Raw inbox note ready for processing detected. Invoking scan-inbox...
/Users/lorenzo/Documents/GitHub/loackyPKM/99 - Meta/Scripts/brain_ingest.py:2: SyntaxWarning: invalid escape sequence '\ '
  """brain_ingest.py - Unified Second Brain Ingestion & GTD Intake Engine.
Processed 0 raw notes in Inbox.
2026-08-25 18:33:25 - Raw inbox note ready for processing detected. Invoking scan-inbox...
/Users/lorenzo/Documents/GitHub/loackyPKM/99 - Meta/Scripts/brain_ingest.py:2: SyntaxWarning: invalid escape sequence '\ '
  """brain_ingest.py - Unified Second Brain Ingestion & GTD Intake Engine.
Processed 0 raw notes in Inbox.
2026-08-25 18:33:31 - Raw inbox note ready for processing detected. Invoking scan-inbox...
/Users/lorenzo/Documents/GitHub/loackyPKM/99 - Meta/Scripts/brain_ingest.py:2: SyntaxWarning: invalid escape sequence '\ '
  """brain_ingest.py - Unified Second Brain Ingestion & GTD Intake Engine.
Processed 0 raw notes in Inbox.
2026-08-25 18:33:36 - Raw inbox note ready for processing detected. Invoking scan-inbox...
/Users/lorenzo/Documents/GitHub/loackyPKM/99 - Meta/Scripts/brain_ingest.py:2: SyntaxWarning: invalid escape sequence '\ '
  """brain_ingest.py - Unified Second Brain Ingestion & GTD Intake Engine.
Processed 0 raw notes in Inbox.
2026-08-25 18:33:41 - Raw inbox note ready for processing detected. Invoking scan-inbox...
/Users/lorenzo/Documents/GitHub/loackyPKM/99 - Meta/Scripts/brain_ingest.py:2: SyntaxWarning: invalid escape sequence '\ '
  """brain_ingest.py - Unified Second Brain Ingestion & GTD Intake Engine.
Processed 0 raw notes in Inbox.
2026-08-25 18:33:46 - Raw inbox note ready for processing detected. Invoking scan-inbox...
/Users/lorenzo/Documents/GitHub/loackyPKM/99 - Meta/Scripts/brain_ingest.py:2: SyntaxWarning: invalid escape sequence '\ '
  """brain_ingest.py - Unified Second Brain Ingestion & GTD Intake Engine.
Processed 0 raw notes in Inbox.
2026-08-25 18:33:52 - Raw inbox note ready for processing detected. Invoking scan-inbox...
/Users/lorenzo/Documents/GitHub/loackyPKM/99 - Meta/Scripts/brain_ingest.py:2: SyntaxWarning: invalid escape sequence '\ '
  """brain_ingest.py - Unified Second Brain Ingestion & GTD Intake Engine.
Processed 0 raw notes in Inbox.
2026-08-25 18:33:57 - Raw inbox note ready for processing detected. Invoking scan-inbox...
/Users/lorenzo/Documents/GitHub/loackyPKM/99 - Meta/Scripts/brain_ingest.py:2: SyntaxWarning: invalid escape sequence '\ '
  """brain_ingest.py - Unified Second Brain Ingestion & GTD Intake Engine.
Processed 0 raw notes in Inbox.
2026-08-25 18:34:02 - Raw inbox note ready for processing detected. Invoking scan-inbox...
/Users/lorenzo/Documents/GitHub/loackyPKM/99 - Meta/Scripts/brain_ingest.py:2: SyntaxWarning: invalid escape sequence '\ '
  """brain_ingest.py - Unified Second Brain Ingestion & GTD Intake Engine.
Processed 0 raw notes in Inbox.
2026-08-25 18:34:08 - Raw inbox note ready for processing detected. Invoking scan-inbox...
/Users/lorenzo/Documents/GitHub/loackyPKM/99 - Meta/Scripts/brain_ingest.py:2: SyntaxWarning: invalid escape sequence '\ '
  """brain_ingest.py - Unified Second Brain Ingestion & GTD Intake Engine.
Processed 0 raw notes in Inbox.
2026-08-25 18:34:13 - Raw inbox note ready for processing detected. Invoking scan-inbox...
/Users/lorenzo/Documents/GitHub/loackyPKM/99 - Meta/Scripts/brain_ingest.py:2: SyntaxWarning: invalid escape sequence '\ '
  """brain_ingest.py - Unified Second Brain Ingestion & GTD Intake Engine.
Processed 0 raw notes in Inbox.
2026-08-25 18:34:18 - Raw inbox note ready for processing detected. Invoking scan-inbox...
/Users/lorenzo/Documents/GitHub/loackyPKM/99 - Meta/Scripts/brain_ingest.py:2: SyntaxWarning: invalid escape sequence '\ '
  """brain_ingest.py - Unified Second Brain Ingestion & GTD Intake Engine.
Processed 0 raw notes in Inbox.
2026-08-25 18:34:23 - Raw inbox note ready for processing detected. Invoking scan-inbox...
/Users/lorenzo/Documents/GitHub/loackyPKM/99 - Meta/Scripts/brain_ingest.py:2: SyntaxWarning: invalid escape sequence '\ '
  """brain_ingest.py - Unified Second Brain Ingestion & GTD Intake Engine.
Processed 0 raw notes in Inbox.
2026-08-25 18:34:29 - Raw inbox note ready for processing detected. Invoking scan-inbox...
/Users/lorenzo/Documents/GitHub/loackyPKM/99 - Meta/Scripts/brain_ingest.py:2: SyntaxWarning: invalid escape sequence '\ '
  """brain_ingest.py - Unified Second Brain Ingestion & GTD Intake Engine.
Processed 0 raw notes in Inbox.
2026-08-25 18:34:34 - Raw inbox note ready for processing detected. Invoking scan-inbox...
/Users/lorenzo/Documents/GitHub/loackyPKM/99 - Meta/Scripts/brain_ingest.py:2: SyntaxWarning: invalid escape sequence '\ '
  """brain_ingest.py - Unified Second Brain Ingestion & GTD Intake Engine.
Processed 0 raw notes in Inbox.
2026-08-25 18:34:39 - Raw inbox note ready for processing detected. Invoking scan-inbox...
/Users/lorenzo/Documents/GitHub/loackyPKM/99 - Meta/Scripts/brain_ingest.py:2: SyntaxWarning: invalid escape sequence '\ '
  """brain_ingest.py - Unified Second Brain Ingestion & GTD Intake Engine.
Processed 0 raw notes in Inbox.
2026-08-25 18:34:44 - Raw inbox note ready for processing detected. Invoking scan-inbox...
/Users/lorenzo/Documents/GitHub/loackyPKM/99 - Meta/Scripts/brain_ingest.py:2: SyntaxWarning: invalid escape sequence '\ '
  """brain_ingest.py - Unified Second Brain Ingestion & GTD Intake Engine.
Processed 0 raw notes in Inbox.
2026-08-25 18:34:50 - Raw inbox note ready for processing detected. Invoking scan-inbox...
/Users/lorenzo/Documents/GitHub/loackyPKM/99 - Meta/Scripts/brain_ingest.py:2: SyntaxWarning: invalid escape sequence '\ '
  """brain_ingest.py - Unified Second Brain Ingestion & GTD Intake Engine.
Processed 0 raw notes in Inbox.
2026-08-25 18:34:55 - Raw inbox note ready for processing detected. Invoking scan-inbox...
/Users/lorenzo/Documents/GitHub/loackyPKM/99 - Meta/Scripts/brain_ingest.py:2: SyntaxWarning: invalid escape sequence '\ '
  """brain_ingest.py - Unified Second Brain Ingestion & GTD Intake Engine.
Processed 0 raw notes in Inbox.
2026-08-25 18:35:00 - Raw inbox note ready for processing detected. Invoking scan-inbox...
/Users/lorenzo/Documents/GitHub/loackyPKM/99 - Meta/Scripts/brain_ingest.py:2: SyntaxWarning: invalid escape sequence '\ '
  """brain_ingest.py - Unified Second Brain Ingestion & GTD Intake Engine.
Processed 0 raw notes in Inbox.
2026-08-25 18:35:06 - Raw inbox note ready for processing detected. Invoking scan-inbox...
/Users/lorenzo/Documents/GitHub/loackyPKM/99 - Meta/Scripts/brain_ingest.py:2: SyntaxWarning: invalid escape sequence '\ '
  """brain_ingest.py - Unified Second Brain Ingestion & GTD Intake Engine.
Processed 0 raw notes in Inbox.
2026-08-25 18:35:11 - Raw inbox note ready for processing detected. Invoking scan-inbox...
/Users/lorenzo/Documents/GitHub/loackyPKM/99 - Meta/Scripts/brain_ingest.py:2: SyntaxWarning: invalid escape sequence '\ '
  """brain_ingest.py - Unified Second Brain Ingestion & GTD Intake Engine.
Processed 0 raw notes in Inbox.
2026-08-25 18:35:16 - Raw inbox note ready for processing detected. Invoking scan-inbox...
/Users/lorenzo/Documents/GitHub/loackyPKM/99 - Meta/Scripts/brain_ingest.py:2: SyntaxWarning: invalid escape sequence '\ '
  """brain_ingest.py - Unified Second Brain Ingestion & GTD Intake Engine.
Processed 0 raw notes in Inbox.
2026-08-25 18:35:21 - Raw inbox note ready for processing detected. Invoking scan-inbox...
/Users/lorenzo/Documents/GitHub/loackyPKM/99 - Meta/Scripts/brain_ingest.py:2: SyntaxWarning: invalid escape sequence '\ '
  """brain_ingest.py - Unified Second Brain Ingestion & GTD Intake Engine.
Processed 0 raw notes in Inbox.
2026-08-25 18:35:27 - Raw inbox note ready for processing detected. Invoking scan-inbox...
/Users/lorenzo/Documents/GitHub/loackyPKM/99 - Meta/Scripts/brain_ingest.py:2: SyntaxWarning: invalid escape sequence '\ '
  """brain_ingest.py - Unified Second Brain Ingestion & GTD Intake Engine.
Processed 0 raw notes in Inbox.
2026-08-25 18:35:32 - Raw inbox note ready for processing detected. Invoking scan-inbox...
/Users/lorenzo/Documents/GitHub/loackyPKM/99 - Meta/Scripts/brain_ingest.py:2: SyntaxWarning: invalid escape sequence '\ '
  """brain_ingest.py - Unified Second Brain Ingestion & GTD Intake Engine.
Processed 0 raw notes in Inbox.
2026-08-25 18:35:37 - Raw inbox note ready for processing detected. Invoking scan-inbox...
/Users/lorenzo/Documents/GitHub/loackyPKM/99 - Meta/Scripts/brain_ingest.py:2: SyntaxWarning: invalid escape sequence '\ '
  """brain_ingest.py - Unified Second Brain Ingestion & GTD Intake Engine.
Processed 0 raw notes in Inbox.
2026-08-25 18:35:42 - Raw inbox note ready for processing detected. Invoking scan-inbox...
/Users/lorenzo/Documents/GitHub/loackyPKM/99 - Meta/Scripts/brain_ingest.py:2: SyntaxWarning: invalid escape sequence '\ '
  """brain_ingest.py - Unified Second Brain Ingestion & GTD Intake Engine.
Processed 0 raw notes in Inbox.
2026-08-25 18:35:48 - Raw inbox note ready for processing detected. Invoking scan-inbox...
/Users/lorenzo/Documents/GitHub/loackyPKM/99 - Meta/Scripts/brain_ingest.py:2: SyntaxWarning: invalid escape sequence '\ '
  """brain_ingest.py - Unified Second Brain Ingestion & GTD Intake Engine.
Processed 0 raw notes in Inbox.
2026-08-25 18:35:53 - Raw inbox note ready for processing detected. Invoking scan-inbox...
/Users/lorenzo/Documents/GitHub/loackyPKM/99 - Meta/Scripts/brain_ingest.py:2: SyntaxWarning: invalid escape sequence '\ '
  """brain_ingest.py - Unified Second Brain Ingestion & GTD Intake Engine.
Processed 0 raw notes in Inbox.
2026-08-25 18:35:58 - Raw inbox note ready for processing detected. Invoking scan-inbox...
/Users/lorenzo/Documents/GitHub/loackyPKM/99 - Meta/Scripts/brain_ingest.py:2: SyntaxWarning: invalid escape sequence '\ '
  """brain_ingest.py - Unified Second Brain Ingestion & GTD Intake Engine.
Processed 0 raw notes in Inbox.
2026-08-25 18:36:04 - Raw inbox note ready for processing detected. Invoking scan-inbox...
/Users/lorenzo/Documents/GitHub/loackyPKM/99 - Meta/Scripts/brain_ingest.py:2: SyntaxWarning: invalid escape sequence '\ '
  """brain_ingest.py - Unified Second Brain Ingestion & GTD Intake Engine.
Processed 0 raw notes in Inbox.
2026-08-25 18:36:09 - Raw inbox note ready for processing detected. Invoking scan-inbox...
/Users/lorenzo/Documents/GitHub/loackyPKM/99 - Meta/Scripts/brain_ingest.py:2: SyntaxWarning: invalid escape sequence '\ '
  """brain_ingest.py - Unified Second Brain Ingestion & GTD Intake Engine.
Processed 0 raw notes in Inbox.
2026-08-25 18:36:14 - Raw inbox note ready for processing detected. Invoking scan-inbox...
/Users/lorenzo/Documents/GitHub/loackyPKM/99 - Meta/Scripts/brain_ingest.py:2: SyntaxWarning: invalid escape sequence '\ '
  """brain_ingest.py - Unified Second Brain Ingestion & GTD Intake Engine.
Processed 0 raw notes in Inbox.
2026-08-25 18:36:19 - Raw inbox note ready for processing detected. Invoking scan-inbox...
/Users/lorenzo/Documents/GitHub/loackyPKM/99 - Meta/Scripts/brain_ingest.py:2: SyntaxWarning: invalid escape sequence '\ '
  """brain_ingest.py - Unified Second Brain Ingestion & GTD Intake Engine.
Processed 0 raw notes in Inbox.
2026-08-25 18:36:25 - Raw inbox note ready for processing detected. Invoking scan-inbox...
/Users/lorenzo/Documents/GitHub/loackyPKM/99 - Meta/Scripts/brain_ingest.py:2: SyntaxWarning: invalid escape sequence '\ '
  """brain_ingest.py - Unified Second Brain Ingestion & GTD Intake Engine.
Processed 0 raw notes in Inbox.
2026-08-25 18:36:30 - Raw inbox note ready for processing detected. Invoking scan-inbox...
/Users/lorenzo/Documents/GitHub/loackyPKM/99 - Meta/Scripts/brain_ingest.py:2: SyntaxWarning: invalid escape sequence '\ '
  """brain_ingest.py - Unified Second Brain Ingestion & GTD Intake Engine.
Processed 0 raw notes in Inbox.
2026-08-25 18:36:35 - Raw inbox note ready for processing detected. Invoking scan-inbox...
/Users/lorenzo/Documents/GitHub/loackyPKM/99 - Meta/Scripts/brain_ingest.py:2: SyntaxWarning: invalid escape sequence '\ '
  """brain_ingest.py - Unified Second Brain Ingestion & GTD Intake Engine.
Processed 0 raw notes in Inbox.
2026-08-25 18:36:41 - Raw inbox note ready for processing detected. Invoking scan-inbox...
/Users/lorenzo/Documents/GitHub/loackyPKM/99 - Meta/Scripts/brain_ingest.py:2: SyntaxWarning: invalid escape sequence '\ '
  """brain_ingest.py - Unified Second Brain Ingestion & GTD Intake Engine.
Processed 0 raw notes in Inbox.
2026-08-25 18:36:46 - Raw inbox note ready for processing detected. Invoking scan-inbox...
/Users/lorenzo/Documents/GitHub/loackyPKM/99 - Meta/Scripts/brain_ingest.py:2: SyntaxWarning: invalid escape sequence '\ '
  """brain_ingest.py - Unified Second Brain Ingestion & GTD Intake Engine.
Processed 0 raw notes in Inbox.
2026-08-25 18:36:51 - Raw inbox note ready for processing detected. Invoking scan-inbox...
/Users/lorenzo/Documents/GitHub/loackyPKM/99 - Meta/Scripts/brain_ingest.py:2: SyntaxWarning: invalid escape sequence '\ '
  """brain_ingest.py - Unified Second Brain Ingestion & GTD Intake Engine.
Processed 0 raw notes in Inbox.
2026-08-25 18:36:56 - Raw inbox note ready for processing detected. Invoking scan-inbox...
/Users/lorenzo/Documents/GitHub/loackyPKM/99 - Meta/Scripts/brain_ingest.py:2: SyntaxWarning: invalid escape sequence '\ '
  """brain_ingest.py - Unified Second Brain Ingestion & GTD Intake Engine.
Processed 0 raw notes in Inbox.
2026-08-25 18:37:02 - Raw inbox note ready for processing detected. Invoking scan-inbox...
/Users/lorenzo/Documents/GitHub/loackyPKM/99 - Meta/Scripts/brain_ingest.py:2: SyntaxWarning: invalid escape sequence '\ '
  """brain_ingest.py - Unified Second Brain Ingestion & GTD Intake Engine.
Processed 0 raw notes in Inbox.
2026-08-25 18:37:07 - Raw inbox note ready for processing detected. Invoking scan-inbox...
/Users/lorenzo/Documents/GitHub/loackyPKM/99 - Meta/Scripts/brain_ingest.py:2: SyntaxWarning: invalid escape sequence '\ '
  """brain_ingest.py - Unified Second Brain Ingestion & GTD Intake Engine.
Processed 0 raw notes in Inbox.
2026-08-25 18:37:12 - Raw inbox note ready for processing detected. Invoking scan-inbox...
/Users/lorenzo/Documents/GitHub/loackyPKM/99 - Meta/Scripts/brain_ingest.py:2: SyntaxWarning: invalid escape sequence '\ '
  """brain_ingest.py - Unified Second Brain Ingestion & GTD Intake Engine.
Processed 0 raw notes in Inbox.
2026-08-25 18:37:18 - Raw inbox note ready for processing detected. Invoking scan-inbox...
/Users/lorenzo/Documents/GitHub/loackyPKM/99 - Meta/Scripts/brain_ingest.py:2: SyntaxWarning: invalid escape sequence '\ '
  """brain_ingest.py - Unified Second Brain Ingestion & GTD Intake Engine.
Processed 0 raw notes in Inbox.
2026-08-25 18:37:23 - Raw inbox note ready for processing detected. Invoking scan-inbox...
/Users/lorenzo/Documents/GitHub/loackyPKM/99 - Meta/Scripts/brain_ingest.py:2: SyntaxWarning: invalid escape sequence '\ '
  """brain_ingest.py - Unified Second Brain Ingestion & GTD Intake Engine.
Processed 0 raw notes in Inbox.
2026-08-25 18:37:28 - Raw inbox note ready for processing detected. Invoking scan-inbox...
/Users/lorenzo/Documents/GitHub/loackyPKM/99 - Meta/Scripts/brain_ingest.py:2: SyntaxWarning: invalid escape sequence '\ '
  """brain_ingest.py - Unified Second Brain Ingestion & GTD Intake Engine.
Processed 0 raw notes in Inbox.
2026-08-25 18:37:33 - Raw inbox note ready for processing detected. Invoking scan-inbox...
/Users/lorenzo/Documents/GitHub/loackyPKM/99 - Meta/Scripts/brain_ingest.py:2: SyntaxWarning: invalid escape sequence '\ '
  """brain_ingest.py - Unified Second Brain Ingestion & GTD Intake Engine.
Processed 0 raw notes in Inbox.
2026-08-25 18:37:39 - Raw inbox note ready for processing detected. Invoking scan-inbox...
/Users/lorenzo/Documents/GitHub/loackyPKM/99 - Meta/Scripts/brain_ingest.py:2: SyntaxWarning: invalid escape sequence '\ '
  """brain_ingest.py - Unified Second Brain Ingestion & GTD Intake Engine.
Processed 0 raw notes in Inbox.
2026-08-25 18:37:44 - Raw inbox note ready for processing detected. Invoking scan-inbox...
/Users/lorenzo/Documents/GitHub/loackyPKM/99 - Meta/Scripts/brain_ingest.py:2: SyntaxWarning: invalid escape sequence '\ '
  """brain_ingest.py - Unified Second Brain Ingestion & GTD Intake Engine.
Processed 0 raw notes in Inbox.
2026-08-25 18:37:49 - Raw inbox note ready for processing detected. Invoking scan-inbox...
/Users/lorenzo/Documents/GitHub/loackyPKM/99 - Meta/Scripts/brain_ingest.py:2: SyntaxWarning: invalid escape sequence '\ '
  """brain_ingest.py - Unified Second Brain Ingestion & GTD Intake Engine.
Processed 0 raw notes in Inbox.
2026-08-25 18:37:54 - Raw inbox note ready for processing detected. Invoking scan-inbox...
/Users/lorenzo/Documents/GitHub/loackyPKM/99 - Meta/Scripts/brain_ingest.py:2: SyntaxWarning: invalid escape sequence '\ '
  """brain_ingest.py - Unified Second Brain Ingestion & GTD Intake Engine.
Processed 0 raw notes in Inbox.
2026-08-25 18:38:00 - Raw inbox note ready for processing detected. Invoking scan-inbox...
/Users/lorenzo/Documents/GitHub/loackyPKM/99 - Meta/Scripts/brain_ingest.py:2: SyntaxWarning: invalid escape sequence '\ '
  """brain_ingest.py - Unified Second Brain Ingestion & GTD Intake Engine.
Processed 0 raw notes in Inbox.
2026-08-25 18:38:05 - Raw inbox note ready for processing detected. Invoking scan-inbox...
/Users/lorenzo/Documents/GitHub/loackyPKM/99 - Meta/Scripts/brain_ingest.py:2: SyntaxWarning: invalid escape sequence '\ '
  """brain_ingest.py - Unified Second Brain Ingestion & GTD Intake Engine.
Processed 0 raw notes in Inbox.
2026-08-25 18:38:10 - Raw inbox note ready for processing detected. Invoking scan-inbox...
/Users/lorenzo/Documents/GitHub/loackyPKM/99 - Meta/Scripts/brain_ingest.py:2: SyntaxWarning: invalid escape sequence '\ '
  """brain_ingest.py - Unified Second Brain Ingestion & GTD Intake Engine.
Processed 0 raw notes in Inbox.
2026-08-25 18:38:16 - Raw inbox note ready for processing detected. Invoking scan-inbox...
/Users/lorenzo/Documents/GitHub/loackyPKM/99 - Meta/Scripts/brain_ingest.py:2: SyntaxWarning: invalid escape sequence '\ '
  """brain_ingest.py - Unified Second Brain Ingestion & GTD Intake Engine.
Processed 0 raw notes in Inbox.
2026-08-25 18:38:21 - Raw inbox note ready for processing detected. Invoking scan-inbox...
/Users/lorenzo/Documents/GitHub/loackyPKM/99 - Meta/Scripts/brain_ingest.py:2: SyntaxWarning: invalid escape sequence '\ '
  """brain_ingest.py - Unified Second Brain Ingestion & GTD Intake Engine.
Processed 0 raw notes in Inbox.
2026-08-25 18:38:26 - Raw inbox note ready for processing detected. Invoking scan-inbox...
/Users/lorenzo/Documents/GitHub/loackyPKM/99 - Meta/Scripts/brain_ingest.py:2: SyntaxWarning: invalid escape sequence '\ '
  """brain_ingest.py - Unified Second Brain Ingestion & GTD Intake Engine.
Processed 0 raw notes in Inbox.
2026-08-25 18:38:31 - Raw inbox note ready for processing detected. Invoking scan-inbox...
/Users/lorenzo/Documents/GitHub/loackyPKM/99 - Meta/Scripts/brain_ingest.py:2: SyntaxWarning: invalid escape sequence '\ '
  """brain_ingest.py - Unified Second Brain Ingestion & GTD Intake Engine.
Processed 0 raw notes in Inbox.
2026-08-25 18:38:37 - Raw inbox note ready for processing detected. Invoking scan-inbox...
/Users/lorenzo/Documents/GitHub/loackyPKM/99 - Meta/Scripts/brain_ingest.py:2: SyntaxWarning: invalid escape sequence '\ '
  """brain_ingest.py - Unified Second Brain Ingestion & GTD Intake Engine.
Processed 0 raw notes in Inbox.
2026-08-25 18:38:42 - Raw inbox note ready for processing detected. Invoking scan-inbox...
/Users/lorenzo/Documents/GitHub/loackyPKM/99 - Meta/Scripts/brain_ingest.py:2: SyntaxWarning: invalid escape sequence '\ '
  """brain_ingest.py - Unified Second Brain Ingestion & GTD Intake Engine.
Processed 0 raw notes in Inbox.
2026-08-25 18:38:47 - Raw inbox note ready for processing detected. Invoking scan-inbox...
/Users/lorenzo/Documents/GitHub/loackyPKM/99 - Meta/Scripts/brain_ingest.py:2: SyntaxWarning: invalid escape sequence '\ '
  """brain_ingest.py - Unified Second Brain Ingestion & GTD Intake Engine.
Processed 0 raw notes in Inbox.
2026-08-25 18:38:53 - Raw inbox note ready for processing detected. Invoking scan-inbox...
/Users/lorenzo/Documents/GitHub/loackyPKM/99 - Meta/Scripts/brain_ingest.py:2: SyntaxWarning: invalid escape sequence '\ '
  """brain_ingest.py - Unified Second Brain Ingestion & GTD Intake Engine.
Processed 0 raw notes in Inbox.
2026-08-25 18:38:58 - Raw inbox note ready for processing detected. Invoking scan-inbox...
/Users/lorenzo/Documents/GitHub/loackyPKM/99 - Meta/Scripts/brain_ingest.py:2: SyntaxWarning: invalid escape sequence '\ '
  """brain_ingest.py - Unified Second Brain Ingestion & GTD Intake Engine.
Processed 0 raw notes in Inbox.
2026-08-25 18:39:03 - Raw inbox note ready for processing detected. Invoking scan-inbox...
/Users/lorenzo/Documents/GitHub/loackyPKM/99 - Meta/Scripts/brain_ingest.py:2: SyntaxWarning: invalid escape sequence '\ '
  """brain_ingest.py - Unified Second Brain Ingestion & GTD Intake Engine.
Processed 0 raw notes in Inbox.
2026-08-25 18:39:08 - Raw inbox note ready for processing detected. Invoking scan-inbox...
/Users/lorenzo/Documents/GitHub/loackyPKM/99 - Meta/Scripts/brain_ingest.py:2: SyntaxWarning: invalid escape sequence '\ '
  """brain_ingest.py - Unified Second Brain Ingestion & GTD Intake Engine.
Processed 0 raw notes in Inbox.
2026-08-25 18:39:14 - Raw inbox note ready for processing detected. Invoking scan-inbox...
/Users/lorenzo/Documents/GitHub/loackyPKM/99 - Meta/Scripts/brain_ingest.py:2: SyntaxWarning: invalid escape sequence '\ '
  """brain_ingest.py - Unified Second Brain Ingestion & GTD Intake Engine.
Processed 0 raw notes in Inbox.
2026-08-25 18:39:19 - Raw inbox note ready for processing detected. Invoking scan-inbox...
/Users/lorenzo/Documents/GitHub/loackyPKM/99 - Meta/Scripts/brain_ingest.py:2: SyntaxWarning: invalid escape sequence '\ '
  """brain_ingest.py - Unified Second Brain Ingestion & GTD Intake Engine.
Processed 0 raw notes in Inbox.
2026-08-25 18:39:24 - Raw inbox note ready for processing detected. Invoking scan-inbox...
/Users/lorenzo/Documents/GitHub/loackyPKM/99 - Meta/Scripts/brain_ingest.py:2: SyntaxWarning: invalid escape sequence '\ '
  """brain_ingest.py - Unified Second Brain Ingestion & GTD Intake Engine.
Processed 0 raw notes in Inbox.
2026-08-25 18:39:30 - Raw inbox note ready for processing detected. Invoking scan-inbox...
/Users/lorenzo/Documents/GitHub/loackyPKM/99 - Meta/Scripts/brain_ingest.py:2: SyntaxWarning: invalid escape sequence '\ '
  """brain_ingest.py - Unified Second Brain Ingestion & GTD Intake Engine.
Processed 0 raw notes in Inbox.
2026-08-25 18:39:35 - Raw inbox note ready for processing detected. Invoking scan-inbox...
/Users/lorenzo/Documents/GitHub/loackyPKM/99 - Meta/Scripts/brain_ingest.py:2: SyntaxWarning: invalid escape sequence '\ '
  """brain_ingest.py - Unified Second Brain Ingestion & GTD Intake Engine.
Processed 0 raw notes in Inbox.
2026-08-25 18:39:40 - Raw inbox note ready for processing detected. Invoking scan-inbox...
/Users/lorenzo/Documents/GitHub/loackyPKM/99 - Meta/Scripts/brain_ingest.py:2: SyntaxWarning: invalid escape sequence '\ '
  """brain_ingest.py - Unified Second Brain Ingestion & GTD Intake Engine.
Processed 0 raw notes in Inbox.
2026-08-25 18:39:45 - Raw inbox note ready for processing detected. Invoking scan-inbox...
/Users/lorenzo/Documents/GitHub/loackyPKM/99 - Meta/Scripts/brain_ingest.py:2: SyntaxWarning: invalid escape sequence '\ '
  """brain_ingest.py - Unified Second Brain Ingestion & GTD Intake Engine.
Processed 0 raw notes in Inbox.
2026-08-25 18:39:51 - Raw inbox note ready for processing detected. Invoking scan-inbox...
/Users/lorenzo/Documents/GitHub/loackyPKM/99 - Meta/Scripts/brain_ingest.py:2: SyntaxWarning: invalid escape sequence '\ '
  """brain_ingest.py - Unified Second Brain Ingestion & GTD Intake Engine.
Processed 0 raw notes in Inbox.
2026-08-25 18:39:56 - Raw inbox note ready for processing detected. Invoking scan-inbox...
/Users/lorenzo/Documents/GitHub/loackyPKM/99 - Meta/Scripts/brain_ingest.py:2: SyntaxWarning: invalid escape sequence '\ '
  """brain_ingest.py - Unified Second Brain Ingestion & GTD Intake Engine.
Processed 0 raw notes in Inbox.
2026-08-25 18:40:01 - Raw inbox note ready for processing detected. Invoking scan-inbox...
/Users/lorenzo/Documents/GitHub/loackyPKM/99 - Meta/Scripts/brain_ingest.py:2: SyntaxWarning: invalid escape sequence '\ '
  """brain_ingest.py - Unified Second Brain Ingestion & GTD Intake Engine.
Processed 0 raw notes in Inbox.
2026-08-25 18:40:06 - Raw inbox note ready for processing detected. Invoking scan-inbox...
/Users/lorenzo/Documents/GitHub/loackyPKM/99 - Meta/Scripts/brain_ingest.py:2: SyntaxWarning: invalid escape sequence '\ '
  """brain_ingest.py - Unified Second Brain Ingestion & GTD Intake Engine.
Processed 0 raw notes in Inbox.
2026-08-25 18:40:12 - Raw inbox note ready for processing detected. Invoking scan-inbox...
/Users/lorenzo/Documents/GitHub/loackyPKM/99 - Meta/Scripts/brain_ingest.py:2: SyntaxWarning: invalid escape sequence '\ '
  """brain_ingest.py - Unified Second Brain Ingestion & GTD Intake Engine.
Processed 0 raw notes in Inbox.
2026-08-25 18:40:17 - Raw inbox note ready for processing detected. Invoking scan-inbox...
/Users/lorenzo/Documents/GitHub/loackyPKM/99 - Meta/Scripts/brain_ingest.py:2: SyntaxWarning: invalid escape sequence '\ '
  """brain_ingest.py - Unified Second Brain Ingestion & GTD Intake Engine.
Processed 0 raw notes in Inbox.
2026-08-25 18:40:22 - Raw inbox note ready for processing detected. Invoking scan-inbox...
/Users/lorenzo/Documents/GitHub/loackyPKM/99 - Meta/Scripts/brain_ingest.py:2: SyntaxWarning: invalid escape sequence '\ '
  """brain_ingest.py - Unified Second Brain Ingestion & GTD Intake Engine.
Processed 0 raw notes in Inbox.
2026-08-25 18:40:28 - Raw inbox note ready for processing detected. Invoking scan-inbox...
/Users/lorenzo/Documents/GitHub/loackyPKM/99 - Meta/Scripts/brain_ingest.py:2: SyntaxWarning: invalid escape sequence '\ '
  """brain_ingest.py - Unified Second Brain Ingestion & GTD Intake Engine.
Processed 0 raw notes in Inbox.
2026-08-25 18:40:33 - Raw inbox note ready for processing detected. Invoking scan-inbox...
/Users/lorenzo/Documents/GitHub/loackyPKM/99 - Meta/Scripts/brain_ingest.py:2: SyntaxWarning: invalid escape sequence '\ '
  """brain_ingest.py - Unified Second Brain Ingestion & GTD Intake Engine.
Processed 0 raw notes in Inbox.
2026-08-25 18:40:38 - Raw inbox note ready for processing detected. Invoking scan-inbox...
/Users/lorenzo/Documents/GitHub/loackyPKM/99 - Meta/Scripts/brain_ingest.py:2: SyntaxWarning: invalid escape sequence '\ '
  """brain_ingest.py - Unified Second Brain Ingestion & GTD Intake Engine.
Processed 0 raw notes in Inbox.
2026-08-25 18:40:43 - Raw inbox note ready for processing detected. Invoking scan-inbox...
/Users/lorenzo/Documents/GitHub/loackyPKM/99 - Meta/Scripts/brain_ingest.py:2: SyntaxWarning: invalid escape sequence '\ '
  """brain_ingest.py - Unified Second Brain Ingestion & GTD Intake Engine.
Processed 0 raw notes in Inbox.
2026-08-25 18:40:49 - Raw inbox note ready for processing detected. Invoking scan-inbox...
/Users/lorenzo/Documents/GitHub/loackyPKM/99 - Meta/Scripts/brain_ingest.py:2: SyntaxWarning: invalid escape sequence '\ '
  """brain_ingest.py - Unified Second Brain Ingestion & GTD Intake Engine.
Processed 0 raw notes in Inbox.
2026-08-25 18:40:54 - Raw inbox note ready for processing detected. Invoking scan-inbox...
/Users/lorenzo/Documents/GitHub/loackyPKM/99 - Meta/Scripts/brain_ingest.py:2: SyntaxWarning: invalid escape sequence '\ '
  """brain_ingest.py - Unified Second Brain Ingestion & GTD Intake Engine.
Processed 0 raw notes in Inbox.
2026-08-25 18:40:59 - Raw inbox note ready for processing detected. Invoking scan-inbox...
/Users/lorenzo/Documents/GitHub/loackyPKM/99 - Meta/Scripts/brain_ingest.py:2: SyntaxWarning: invalid escape sequence '\ '
  """brain_ingest.py - Unified Second Brain Ingestion & GTD Intake Engine.
Processed 0 raw notes in Inbox.
2026-08-25 18:41:04 - Raw inbox note ready for processing detected. Invoking scan-inbox...
/Users/lorenzo/Documents/GitHub/loackyPKM/99 - Meta/Scripts/brain_ingest.py:2: SyntaxWarning: invalid escape sequence '\ '
  """brain_ingest.py - Unified Second Brain Ingestion & GTD Intake Engine.
Processed 0 raw notes in Inbox.
2026-08-25 18:41:10 - Raw inbox note ready for processing detected. Invoking scan-inbox...
/Users/lorenzo/Documents/GitHub/loackyPKM/99 - Meta/Scripts/brain_ingest.py:2: SyntaxWarning: invalid escape sequence '\ '
  """brain_ingest.py - Unified Second Brain Ingestion & GTD Intake Engine.
Processed 0 raw notes in Inbox.
2026-08-25 18:41:15 - Raw inbox note ready for processing detected. Invoking scan-inbox...
/Users/lorenzo/Documents/GitHub/loackyPKM/99 - Meta/Scripts/brain_ingest.py:2: SyntaxWarning: invalid escape sequence '\ '
  """brain_ingest.py - Unified Second Brain Ingestion & GTD Intake Engine.
Processed 0 raw notes in Inbox.
2026-08-25 18:41:20 - Raw inbox note ready for processing detected. Invoking scan-inbox...
/Users/lorenzo/Documents/GitHub/loackyPKM/99 - Meta/Scripts/brain_ingest.py:2: SyntaxWarning: invalid escape sequence '\ '
  """brain_ingest.py - Unified Second Brain Ingestion & GTD Intake Engine.
Processed 0 raw notes in Inbox.
2026-08-25 18:41:26 - Raw inbox note ready for processing detected. Invoking scan-inbox...
/Users/lorenzo/Documents/GitHub/loackyPKM/99 - Meta/Scripts/brain_ingest.py:2: SyntaxWarning: invalid escape sequence '\ '
  """brain_ingest.py - Unified Second Brain Ingestion & GTD Intake Engine.
Processed 0 raw notes in Inbox.
2026-08-25 18:41:31 - Raw inbox note ready for processing detected. Invoking scan-inbox...
/Users/lorenzo/Documents/GitHub/loackyPKM/99 - Meta/Scripts/brain_ingest.py:2: SyntaxWarning: invalid escape sequence '\ '
  """brain_ingest.py - Unified Second Brain Ingestion & GTD Intake Engine.
Processed 0 raw notes in Inbox.
2026-08-25 18:41:36 - Raw inbox note ready for processing detected. Invoking scan-inbox...
/Users/lorenzo/Documents/GitHub/loackyPKM/99 - Meta/Scripts/brain_ingest.py:2: SyntaxWarning: invalid escape sequence '\ '
  """brain_ingest.py - Unified Second Brain Ingestion & GTD Intake Engine.
Processed 0 raw notes in Inbox.
2026-08-25 18:41:41 - Raw inbox note ready for processing detected. Invoking scan-inbox...
/Users/lorenzo/Documents/GitHub/loackyPKM/99 - Meta/Scripts/brain_ingest.py:2: SyntaxWarning: invalid escape sequence '\ '
  """brain_ingest.py - Unified Second Brain Ingestion & GTD Intake Engine.
Processed 0 raw notes in Inbox.
2026-08-25 18:41:47 - Raw inbox note ready for processing detected. Invoking scan-inbox...
/Users/lorenzo/Documents/GitHub/loackyPKM/99 - Meta/Scripts/brain_ingest.py:2: SyntaxWarning: invalid escape sequence '\ '
  """brain_ingest.py - Unified Second Brain Ingestion & GTD Intake Engine.
Processed 0 raw notes in Inbox.
2026-08-25 18:41:52 - Raw inbox note ready for processing detected. Invoking scan-inbox...
/Users/lorenzo/Documents/GitHub/loackyPKM/99 - Meta/Scripts/brain_ingest.py:2: SyntaxWarning: invalid escape sequence '\ '
  """brain_ingest.py - Unified Second Brain Ingestion & GTD Intake Engine.
Processed 0 raw notes in Inbox.
2026-08-25 18:41:57 - Raw inbox note ready for processing detected. Invoking scan-inbox...
/Users/lorenzo/Documents/GitHub/loackyPKM/99 - Meta/Scripts/brain_ingest.py:2: SyntaxWarning: invalid escape sequence '\ '
  """brain_ingest.py - Unified Second Brain Ingestion & GTD Intake Engine.
Processed 0 raw notes in Inbox.
2026-08-25 18:42:03 - Raw inbox note ready for processing detected. Invoking scan-inbox...
/Users/lorenzo/Documents/GitHub/loackyPKM/99 - Meta/Scripts/brain_ingest.py:2: SyntaxWarning: invalid escape sequence '\ '
  """brain_ingest.py - Unified Second Brain Ingestion & GTD Intake Engine.
Processed 0 raw notes in Inbox.
2026-08-25 18:42:08 - Raw inbox note ready for processing detected. Invoking scan-inbox...
/Users/lorenzo/Documents/GitHub/loackyPKM/99 - Meta/Scripts/brain_ingest.py:2: SyntaxWarning: invalid escape sequence '\ '
  """brain_ingest.py - Unified Second Brain Ingestion & GTD Intake Engine.
Processed 0 raw notes in Inbox.
2026-08-25 18:42:13 - Raw inbox note ready for processing detected. Invoking scan-inbox...
/Users/lorenzo/Documents/GitHub/loackyPKM/99 - Meta/Scripts/brain_ingest.py:2: SyntaxWarning: invalid escape sequence '\ '
  """brain_ingest.py - Unified Second Brain Ingestion & GTD Intake Engine.
Processed 0 raw notes in Inbox.
2026-08-25 18:42:18 - Raw inbox note ready for processing detected. Invoking scan-inbox...
/Users/lorenzo/Documents/GitHub/loackyPKM/99 - Meta/Scripts/brain_ingest.py:2: SyntaxWarning: invalid escape sequence '\ '
  """brain_ingest.py - Unified Second Brain Ingestion & GTD Intake Engine.
Processed 0 raw notes in Inbox.
2026-08-25 18:42:24 - Raw inbox note ready for processing detected. Invoking scan-inbox...
/Users/lorenzo/Documents/GitHub/loackyPKM/99 - Meta/Scripts/brain_ingest.py:2: SyntaxWarning: invalid escape sequence '\ '
  """brain_ingest.py - Unified Second Brain Ingestion & GTD Intake Engine.
Processed 0 raw notes in Inbox.
2026-08-25 18:42:29 - Raw inbox note ready for processing detected. Invoking scan-inbox...
/Users/lorenzo/Documents/GitHub/loackyPKM/99 - Meta/Scripts/brain_ingest.py:2: SyntaxWarning: invalid escape sequence '\ '
  """brain_ingest.py - Unified Second Brain Ingestion & GTD Intake Engine.
Processed 0 raw notes in Inbox.
2026-08-25 18:42:34 - Raw inbox note ready for processing detected. Invoking scan-inbox...
/Users/lorenzo/Documents/GitHub/loackyPKM/99 - Meta/Scripts/brain_ingest.py:2: SyntaxWarning: invalid escape sequence '\ '
  """brain_ingest.py - Unified Second Brain Ingestion & GTD Intake Engine.
Processed 0 raw notes in Inbox.
2026-08-25 18:42:40 - Raw inbox note ready for processing detected. Invoking scan-inbox...
/Users/lorenzo/Documents/GitHub/loackyPKM/99 - Meta/Scripts/brain_ingest.py:2: SyntaxWarning: invalid escape sequence '\ '
  """brain_ingest.py - Unified Second Brain Ingestion & GTD Intake Engine.
Processed 0 raw notes in Inbox.
2026-08-25 18:42:45 - Raw inbox note ready for processing detected. Invoking scan-inbox...
/Users/lorenzo/Documents/GitHub/loackyPKM/99 - Meta/Scripts/brain_ingest.py:2: SyntaxWarning: invalid escape sequence '\ '
  """brain_ingest.py - Unified Second Brain Ingestion & GTD Intake Engine.
Processed 0 raw notes in Inbox.
2026-08-25 18:42:50 - Raw inbox note ready for processing detected. Invoking scan-inbox...
/Users/lorenzo/Documents/GitHub/loackyPKM/99 - Meta/Scripts/brain_ingest.py:2: SyntaxWarning: invalid escape sequence '\ '
  """brain_ingest.py - Unified Second Brain Ingestion & GTD Intake Engine.
Processed 0 raw notes in Inbox.
2026-08-25 18:42:55 - Raw inbox note ready for processing detected. Invoking scan-inbox...
/Users/lorenzo/Documents/GitHub/loackyPKM/99 - Meta/Scripts/brain_ingest.py:2: SyntaxWarning: invalid escape sequence '\ '
  """brain_ingest.py - Unified Second Brain Ingestion & GTD Intake Engine.
Processed 0 raw notes in Inbox.
2026-08-25 18:43:01 - Raw inbox note ready for processing detected. Invoking scan-inbox...
/Users/lorenzo/Documents/GitHub/loackyPKM/99 - Meta/Scripts/brain_ingest.py:2: SyntaxWarning: invalid escape sequence '\ '
  """brain_ingest.py - Unified Second Brain Ingestion & GTD Intake Engine.
Processed 0 raw notes in Inbox.
2026-08-25 18:43:06 - Raw inbox note ready for processing detected. Invoking scan-inbox...
/Users/lorenzo/Documents/GitHub/loackyPKM/99 - Meta/Scripts/brain_ingest.py:2: SyntaxWarning: invalid escape sequence '\ '
  """brain_ingest.py - Unified Second Brain Ingestion & GTD Intake Engine.
Processed 0 raw notes in Inbox.
2026-08-25 18:43:11 - Raw inbox note ready for processing detected. Invoking scan-inbox...
/Users/lorenzo/Documents/GitHub/loackyPKM/99 - Meta/Scripts/brain_ingest.py:2: SyntaxWarning: invalid escape sequence '\ '
  """brain_ingest.py - Unified Second Brain Ingestion & GTD Intake Engine.
Processed 0 raw notes in Inbox.
2026-08-25 18:43:16 - Raw inbox note ready for processing detected. Invoking scan-inbox...
/Users/lorenzo/Documents/GitHub/loackyPKM/99 - Meta/Scripts/brain_ingest.py:2: SyntaxWarning: invalid escape sequence '\ '
  """brain_ingest.py - Unified Second Brain Ingestion & GTD Intake Engine.
Processed 0 raw notes in Inbox.
2026-08-25 18:43:22 - Raw inbox note ready for processing detected. Invoking scan-inbox...
/Users/lorenzo/Documents/GitHub/loackyPKM/99 - Meta/Scripts/brain_ingest.py:2: SyntaxWarning: invalid escape sequence '\ '
  """brain_ingest.py - Unified Second Brain Ingestion & GTD Intake Engine.
Processed 0 raw notes in Inbox.
2026-08-25 18:43:27 - Raw inbox note ready for processing detected. Invoking scan-inbox...
/Users/lorenzo/Documents/GitHub/loackyPKM/99 - Meta/Scripts/brain_ingest.py:2: SyntaxWarning: invalid escape sequence '\ '
  """brain_ingest.py - Unified Second Brain Ingestion & GTD Intake Engine.
Processed 0 raw notes in Inbox.
2026-08-25 18:43:32 - Raw inbox note ready for processing detected. Invoking scan-inbox...
/Users/lorenzo/Documents/GitHub/loackyPKM/99 - Meta/Scripts/brain_ingest.py:2: SyntaxWarning: invalid escape sequence '\ '
  """brain_ingest.py - Unified Second Brain Ingestion & GTD Intake Engine.
Processed 0 raw notes in Inbox.
2026-08-25 18:43:38 - Raw inbox note ready for processing detected. Invoking scan-inbox...
/Users/lorenzo/Documents/GitHub/loackyPKM/99 - Meta/Scripts/brain_ingest.py:2: SyntaxWarning: invalid escape sequence '\ '
  """brain_ingest.py - Unified Second Brain Ingestion & GTD Intake Engine.
Processed 0 raw notes in Inbox.
2026-08-25 18:43:43 - Raw inbox note ready for processing detected. Invoking scan-inbox...
/Users/lorenzo/Documents/GitHub/loackyPKM/99 - Meta/Scripts/brain_ingest.py:2: SyntaxWarning: invalid escape sequence '\ '
  """brain_ingest.py - Unified Second Brain Ingestion & GTD Intake Engine.
Processed 0 raw notes in Inbox.
2026-08-25 18:43:48 - Raw inbox note ready for processing detected. Invoking scan-inbox...
/Users/lorenzo/Documents/GitHub/loackyPKM/99 - Meta/Scripts/brain_ingest.py:2: SyntaxWarning: invalid escape sequence '\ '
  """brain_ingest.py - Unified Second Brain Ingestion & GTD Intake Engine.
Processed 0 raw notes in Inbox.
2026-08-25 18:43:53 - Raw inbox note ready for processing detected. Invoking scan-inbox...
/Users/lorenzo/Documents/GitHub/loackyPKM/99 - Meta/Scripts/brain_ingest.py:2: SyntaxWarning: invalid escape sequence '\ '
  """brain_ingest.py - Unified Second Brain Ingestion & GTD Intake Engine.
Processed 0 raw notes in Inbox.
2026-08-25 18:43:59 - Raw inbox note ready for processing detected. Invoking scan-inbox...
/Users/lorenzo/Documents/GitHub/loackyPKM/99 - Meta/Scripts/brain_ingest.py:2: SyntaxWarning: invalid escape sequence '\ '
  """brain_ingest.py - Unified Second Brain Ingestion & GTD Intake Engine.
Processed 0 raw notes in Inbox.
2026-08-25 18:44:04 - Raw inbox note ready for processing detected. Invoking scan-inbox...
/Users/lorenzo/Documents/GitHub/loackyPKM/99 - Meta/Scripts/brain_ingest.py:2: SyntaxWarning: invalid escape sequence '\ '
  """brain_ingest.py - Unified Second Brain Ingestion & GTD Intake Engine.
Processed 0 raw notes in Inbox.
2026-08-25 18:44:09 - Raw inbox note ready for processing detected. Invoking scan-inbox...
/Users/lorenzo/Documents/GitHub/loackyPKM/99 - Meta/Scripts/brain_ingest.py:2: SyntaxWarning: invalid escape sequence '\ '
  """brain_ingest.py - Unified Second Brain Ingestion & GTD Intake Engine.
Processed 0 raw notes in Inbox.
2026-08-25 18:44:15 - Raw inbox note ready for processing detected. Invoking scan-inbox...
/Users/lorenzo/Documents/GitHub/loackyPKM/99 - Meta/Scripts/brain_ingest.py:2: SyntaxWarning: invalid escape sequence '\ '
  """brain_ingest.py - Unified Second Brain Ingestion & GTD Intake Engine.
Processed 0 raw notes in Inbox.
2026-08-25 18:44:20 - Raw inbox note ready for processing detected. Invoking scan-inbox...
/Users/lorenzo/Documents/GitHub/loackyPKM/99 - Meta/Scripts/brain_ingest.py:2: SyntaxWarning: invalid escape sequence '\ '
  """brain_ingest.py - Unified Second Brain Ingestion & GTD Intake Engine.
Processed 0 raw notes in Inbox.
2026-08-25 18:44:25 - Raw inbox note ready for processing detected. Invoking scan-inbox...
/Users/lorenzo/Documents/GitHub/loackyPKM/99 - Meta/Scripts/brain_ingest.py:2: SyntaxWarning: invalid escape sequence '\ '
  """brain_ingest.py - Unified Second Brain Ingestion & GTD Intake Engine.
Processed 0 raw notes in Inbox.
2026-08-25 18:44:30 - Raw inbox note ready for processing detected. Invoking scan-inbox...
/Users/lorenzo/Documents/GitHub/loackyPKM/99 - Meta/Scripts/brain_ingest.py:2: SyntaxWarning: invalid escape sequence '\ '
  """brain_ingest.py - Unified Second Brain Ingestion & GTD Intake Engine.
Processed 0 raw notes in Inbox.
2026-08-25 18:44:36 - Raw inbox note ready for processing detected. Invoking scan-inbox...
/Users/lorenzo/Documents/GitHub/loackyPKM/99 - Meta/Scripts/brain_ingest.py:2: SyntaxWarning: invalid escape sequence '\ '
  """brain_ingest.py - Unified Second Brain Ingestion & GTD Intake Engine.
Processed 0 raw notes in Inbox.
2026-08-25 18:44:41 - Raw inbox note ready for processing detected. Invoking scan-inbox...
/Users/lorenzo/Documents/GitHub/loackyPKM/99 - Meta/Scripts/brain_ingest.py:2: SyntaxWarning: invalid escape sequence '\ '
  """brain_ingest.py - Unified Second Brain Ingestion & GTD Intake Engine.
Processed 0 raw notes in Inbox.
2026-08-25 18:44:46 - Raw inbox note ready for processing detected. Invoking scan-inbox...
/Users/lorenzo/Documents/GitHub/loackyPKM/99 - Meta/Scripts/brain_ingest.py:2: SyntaxWarning: invalid escape sequence '\ '
  """brain_ingest.py - Unified Second Brain Ingestion & GTD Intake Engine.
Processed 0 raw notes in Inbox.
2026-08-25 18:44:51 - Raw inbox note ready for processing detected. Invoking scan-inbox...
/Users/lorenzo/Documents/GitHub/loackyPKM/99 - Meta/Scripts/brain_ingest.py:2: SyntaxWarning: invalid escape sequence '\ '
  """brain_ingest.py - Unified Second Brain Ingestion & GTD Intake Engine.
Processed 0 raw notes in Inbox.
2026-08-25 18:44:57 - Raw inbox note ready for processing detected. Invoking scan-inbox...
/Users/lorenzo/Documents/GitHub/loackyPKM/99 - Meta/Scripts/brain_ingest.py:2: SyntaxWarning: invalid escape sequence '\ '
  """brain_ingest.py - Unified Second Brain Ingestion & GTD Intake Engine.
Processed 0 raw notes in Inbox.
2026-08-25 18:45:02 - Raw inbox note ready for processing detected. Invoking scan-inbox...
/Users/lorenzo/Documents/GitHub/loackyPKM/99 - Meta/Scripts/brain_ingest.py:2: SyntaxWarning: invalid escape sequence '\ '
  """brain_ingest.py - Unified Second Brain Ingestion & GTD Intake Engine.
Processed 0 raw notes in Inbox.
2026-08-25 18:45:07 - Raw inbox note ready for processing detected. Invoking scan-inbox...
/Users/lorenzo/Documents/GitHub/loackyPKM/99 - Meta/Scripts/brain_ingest.py:2: SyntaxWarning: invalid escape sequence '\ '
  """brain_ingest.py - Unified Second Brain Ingestion & GTD Intake Engine.
Processed 0 raw notes in Inbox.
2026-08-25 18:45:13 - Raw inbox note ready for processing detected. Invoking scan-inbox...
/Users/lorenzo/Documents/GitHub/loackyPKM/99 - Meta/Scripts/brain_ingest.py:2: SyntaxWarning: invalid escape sequence '\ '
  """brain_ingest.py - Unified Second Brain Ingestion & GTD Intake Engine.
Processed 0 raw notes in Inbox.
2026-08-25 18:45:18 - Raw inbox note ready for processing detected. Invoking scan-inbox...
/Users/lorenzo/Documents/GitHub/loackyPKM/99 - Meta/Scripts/brain_ingest.py:2: SyntaxWarning: invalid escape sequence '\ '
  """brain_ingest.py - Unified Second Brain Ingestion & GTD Intake Engine.
Processed 0 raw notes in Inbox.
2026-08-25 18:45:23 - Raw inbox note ready for processing detected. Invoking scan-inbox...
/Users/lorenzo/Documents/GitHub/loackyPKM/99 - Meta/Scripts/brain_ingest.py:2: SyntaxWarning: invalid escape sequence '\ '
  """brain_ingest.py - Unified Second Brain Ingestion & GTD Intake Engine.
Processed 0 raw notes in Inbox.
2026-08-25 18:45:28 - Raw inbox note ready for processing detected. Invoking scan-inbox...
/Users/lorenzo/Documents/GitHub/loackyPKM/99 - Meta/Scripts/brain_ingest.py:2: SyntaxWarning: invalid escape sequence '\ '
  """brain_ingest.py - Unified Second Brain Ingestion & GTD Intake Engine.
Processed 0 raw notes in Inbox.
2026-08-25 18:45:34 - Raw inbox note ready for processing detected. Invoking scan-inbox...
/Users/lorenzo/Documents/GitHub/loackyPKM/99 - Meta/Scripts/brain_ingest.py:2: SyntaxWarning: invalid escape sequence '\ '
  """brain_ingest.py - Unified Second Brain Ingestion & GTD Intake Engine.
Processed 0 raw notes in Inbox.
2026-08-25 18:45:39 - Raw inbox note ready for processing detected. Invoking scan-inbox...
/Users/lorenzo/Documents/GitHub/loackyPKM/99 - Meta/Scripts/brain_ingest.py:2: SyntaxWarning: invalid escape sequence '\ '
  """brain_ingest.py - Unified Second Brain Ingestion & GTD Intake Engine.
Processed 0 raw notes in Inbox.
2026-08-25 18:45:44 - Raw inbox note ready for processing detected. Invoking scan-inbox...
/Users/lorenzo/Documents/GitHub/loackyPKM/99 - Meta/Scripts/brain_ingest.py:2: SyntaxWarning: invalid escape sequence '\ '
  """brain_ingest.py - Unified Second Brain Ingestion & GTD Intake Engine.
Processed 0 raw notes in Inbox.
2026-08-25 18:45:49 - Raw inbox note ready for processing detected. Invoking scan-inbox...
/Users/lorenzo/Documents/GitHub/loackyPKM/99 - Meta/Scripts/brain_ingest.py:2: SyntaxWarning: invalid escape sequence '\ '
  """brain_ingest.py - Unified Second Brain Ingestion & GTD Intake Engine.
Processed 0 raw notes in Inbox.
2026-08-25 18:45:55 - Raw inbox note ready for processing detected. Invoking scan-inbox...
/Users/lorenzo/Documents/GitHub/loackyPKM/99 - Meta/Scripts/brain_ingest.py:2: SyntaxWarning: invalid escape sequence '\ '
  """brain_ingest.py - Unified Second Brain Ingestion & GTD Intake Engine.
Processed 0 raw notes in Inbox.
2026-08-25 18:46:00 - Raw inbox note ready for processing detected. Invoking scan-inbox...
/Users/lorenzo/Documents/GitHub/loackyPKM/99 - Meta/Scripts/brain_ingest.py:2: SyntaxWarning: invalid escape sequence '\ '
  """brain_ingest.py - Unified Second Brain Ingestion & GTD Intake Engine.
Processed 0 raw notes in Inbox.
2026-08-25 18:46:05 - Raw inbox note ready for processing detected. Invoking scan-inbox...
/Users/lorenzo/Documents/GitHub/loackyPKM/99 - Meta/Scripts/brain_ingest.py:2: SyntaxWarning: invalid escape sequence '\ '
  """brain_ingest.py - Unified Second Brain Ingestion & GTD Intake Engine.
Processed 0 raw notes in Inbox.
2026-08-25 18:46:11 - Raw inbox note ready for processing detected. Invoking scan-inbox...
/Users/lorenzo/Documents/GitHub/loackyPKM/99 - Meta/Scripts/brain_ingest.py:2: SyntaxWarning: invalid escape sequence '\ '
  """brain_ingest.py - Unified Second Brain Ingestion & GTD Intake Engine.
Processed 0 raw notes in Inbox.
2026-08-25 18:46:16 - Raw inbox note ready for processing detected. Invoking scan-inbox...
/Users/lorenzo/Documents/GitHub/loackyPKM/99 - Meta/Scripts/brain_ingest.py:2: SyntaxWarning: invalid escape sequence '\ '
  """brain_ingest.py - Unified Second Brain Ingestion & GTD Intake Engine.
Processed 0 raw notes in Inbox.
2026-08-25 18:46:21 - Raw inbox note ready for processing detected. Invoking scan-inbox...
/Users/lorenzo/Documents/GitHub/loackyPKM/99 - Meta/Scripts/brain_ingest.py:2: SyntaxWarning: invalid escape sequence '\ '
  """brain_ingest.py - Unified Second Brain Ingestion & GTD Intake Engine.
Processed 0 raw notes in Inbox.
2026-08-25 18:46:26 - Raw inbox note ready for processing detected. Invoking scan-inbox...
/Users/lorenzo/Documents/GitHub/loackyPKM/99 - Meta/Scripts/brain_ingest.py:2: SyntaxWarning: invalid escape sequence '\ '
  """brain_ingest.py - Unified Second Brain Ingestion & GTD Intake Engine.
Processed 0 raw notes in Inbox.
2026-08-25 18:46:32 - Raw inbox note ready for processing detected. Invoking scan-inbox...
/Users/lorenzo/Documents/GitHub/loackyPKM/99 - Meta/Scripts/brain_ingest.py:2: SyntaxWarning: invalid escape sequence '\ '
  """brain_ingest.py - Unified Second Brain Ingestion & GTD Intake Engine.
Processed 0 raw notes in Inbox.
2026-08-25 18:46:37 - Raw inbox note ready for processing detected. Invoking scan-inbox...
/Users/lorenzo/Documents/GitHub/loackyPKM/99 - Meta/Scripts/brain_ingest.py:2: SyntaxWarning: invalid escape sequence '\ '
  """brain_ingest.py - Unified Second Brain Ingestion & GTD Intake Engine.
Processed 0 raw notes in Inbox.
2026-08-25 18:46:42 - Raw inbox note ready for processing detected. Invoking scan-inbox...
/Users/lorenzo/Documents/GitHub/loackyPKM/99 - Meta/Scripts/brain_ingest.py:2: SyntaxWarning: invalid escape sequence '\ '
  """brain_ingest.py - Unified Second Brain Ingestion & GTD Intake Engine.
Processed 0 raw notes in Inbox.
2026-08-25 18:46:48 - Raw inbox note ready for processing detected. Invoking scan-inbox...
/Users/lorenzo/Documents/GitHub/loackyPKM/99 - Meta/Scripts/brain_ingest.py:2: SyntaxWarning: invalid escape sequence '\ '
  """brain_ingest.py - Unified Second Brain Ingestion & GTD Intake Engine.
Processed 0 raw notes in Inbox.
2026-08-25 18:46:53 - Raw inbox note ready for processing detected. Invoking scan-inbox...
/Users/lorenzo/Documents/GitHub/loackyPKM/99 - Meta/Scripts/brain_ingest.py:2: SyntaxWarning: invalid escape sequence '\ '
  """brain_ingest.py - Unified Second Brain Ingestion & GTD Intake Engine.
Processed 0 raw notes in Inbox.
2026-08-25 18:46:58 - Raw inbox note ready for processing detected. Invoking scan-inbox...
/Users/lorenzo/Documents/GitHub/loackyPKM/99 - Meta/Scripts/brain_ingest.py:2: SyntaxWarning: invalid escape sequence '\ '
  """brain_ingest.py - Unified Second Brain Ingestion & GTD Intake Engine.
Processed 0 raw notes in Inbox.
2026-08-25 18:47:03 - Raw inbox note ready for processing detected. Invoking scan-inbox...
/Users/lorenzo/Documents/GitHub/loackyPKM/99 - Meta/Scripts/brain_ingest.py:2: SyntaxWarning: invalid escape sequence '\ '
  """brain_ingest.py - Unified Second Brain Ingestion & GTD Intake Engine.
Processed 0 raw notes in Inbox.
2026-08-25 18:47:09 - Raw inbox note ready for processing detected. Invoking scan-inbox...
/Users/lorenzo/Documents/GitHub/loackyPKM/99 - Meta/Scripts/brain_ingest.py:2: SyntaxWarning: invalid escape sequence '\ '
  """brain_ingest.py - Unified Second Brain Ingestion & GTD Intake Engine.
Processed 0 raw notes in Inbox.
2026-08-25 18:47:14 - Raw inbox note ready for processing detected. Invoking scan-inbox...
/Users/lorenzo/Documents/GitHub/loackyPKM/99 - Meta/Scripts/brain_ingest.py:2: SyntaxWarning: invalid escape sequence '\ '
  """brain_ingest.py - Unified Second Brain Ingestion & GTD Intake Engine.
Processed 0 raw notes in Inbox.
2026-08-25 18:47:19 - Raw inbox note ready for processing detected. Invoking scan-inbox...
/Users/lorenzo/Documents/GitHub/loackyPKM/99 - Meta/Scripts/brain_ingest.py:2: SyntaxWarning: invalid escape sequence '\ '
  """brain_ingest.py - Unified Second Brain Ingestion & GTD Intake Engine.
Processed 0 raw notes in Inbox.
2026-08-25 18:47:24 - Raw inbox note ready for processing detected. Invoking scan-inbox...
/Users/lorenzo/Documents/GitHub/loackyPKM/99 - Meta/Scripts/brain_ingest.py:2: SyntaxWarning: invalid escape sequence '\ '
  """brain_ingest.py - Unified Second Brain Ingestion & GTD Intake Engine.
Processed 0 raw notes in Inbox.
2026-08-25 18:47:30 - Raw inbox note ready for processing detected. Invoking scan-inbox...
/Users/lorenzo/Documents/GitHub/loackyPKM/99 - Meta/Scripts/brain_ingest.py:2: SyntaxWarning: invalid escape sequence '\ '
  """brain_ingest.py - Unified Second Brain Ingestion & GTD Intake Engine.
Processed 0 raw notes in Inbox.
2026-08-25 18:47:35 - Raw inbox note ready for processing detected. Invoking scan-inbox...
/Users/lorenzo/Documents/GitHub/loackyPKM/99 - Meta/Scripts/brain_ingest.py:2: SyntaxWarning: invalid escape sequence '\ '
  """brain_ingest.py - Unified Second Brain Ingestion & GTD Intake Engine.
Processed 0 raw notes in Inbox.
2026-08-25 18:47:40 - Raw inbox note ready for processing detected. Invoking scan-inbox...
/Users/lorenzo/Documents/GitHub/loackyPKM/99 - Meta/Scripts/brain_ingest.py:2: SyntaxWarning: invalid escape sequence '\ '
  """brain_ingest.py - Unified Second Brain Ingestion & GTD Intake Engine.
Processed 0 raw notes in Inbox.
2026-08-25 18:47:46 - Raw inbox note ready for processing detected. Invoking scan-inbox...
/Users/lorenzo/Documents/GitHub/loackyPKM/99 - Meta/Scripts/brain_ingest.py:2: SyntaxWarning: invalid escape sequence '\ '
  """brain_ingest.py - Unified Second Brain Ingestion & GTD Intake Engine.
Processed 0 raw notes in Inbox.
2026-08-25 18:47:51 - Raw inbox note ready for processing detected. Invoking scan-inbox...
/Users/lorenzo/Documents/GitHub/loackyPKM/99 - Meta/Scripts/brain_ingest.py:2: SyntaxWarning: invalid escape sequence '\ '
  """brain_ingest.py - Unified Second Brain Ingestion & GTD Intake Engine.
Processed 0 raw notes in Inbox.
2026-08-25 18:47:56 - Raw inbox note ready for processing detected. Invoking scan-inbox...
/Users/lorenzo/Documents/GitHub/loackyPKM/99 - Meta/Scripts/brain_ingest.py:2: SyntaxWarning: invalid escape sequence '\ '
  """brain_ingest.py - Unified Second Brain Ingestion & GTD Intake Engine.
Processed 0 raw notes in Inbox.
2026-08-25 18:48:01 - Raw inbox note ready for processing detected. Invoking scan-inbox...
/Users/lorenzo/Documents/GitHub/loackyPKM/99 - Meta/Scripts/brain_ingest.py:2: SyntaxWarning: invalid escape sequence '\ '
  """brain_ingest.py - Unified Second Brain Ingestion & GTD Intake Engine.
Processed 0 raw notes in Inbox.
2026-08-25 18:48:07 - Raw inbox note ready for processing detected. Invoking scan-inbox...
/Users/lorenzo/Documents/GitHub/loackyPKM/99 - Meta/Scripts/brain_ingest.py:2: SyntaxWarning: invalid escape sequence '\ '
  """brain_ingest.py - Unified Second Brain Ingestion & GTD Intake Engine.
Processed 0 raw notes in Inbox.
2026-08-25 18:48:12 - Raw inbox note ready for processing detected. Invoking scan-inbox...
/Users/lorenzo/Documents/GitHub/loackyPKM/99 - Meta/Scripts/brain_ingest.py:2: SyntaxWarning: invalid escape sequence '\ '
  """brain_ingest.py - Unified Second Brain Ingestion & GTD Intake Engine.
Processed 0 raw notes in Inbox.
2026-08-25 18:48:17 - Raw inbox note ready for processing detected. Invoking scan-inbox...
/Users/lorenzo/Documents/GitHub/loackyPKM/99 - Meta/Scripts/brain_ingest.py:2: SyntaxWarning: invalid escape sequence '\ '
  """brain_ingest.py - Unified Second Brain Ingestion & GTD Intake Engine.
Processed 0 raw notes in Inbox.
2026-08-25 18:48:22 - Raw inbox note ready for processing detected. Invoking scan-inbox...
/Users/lorenzo/Documents/GitHub/loackyPKM/99 - Meta/Scripts/brain_ingest.py:2: SyntaxWarning: invalid escape sequence '\ '
  """brain_ingest.py - Unified Second Brain Ingestion & GTD Intake Engine.
Processed 0 raw notes in Inbox.
2026-08-25 18:48:28 - Raw inbox note ready for processing detected. Invoking scan-inbox...
/Users/lorenzo/Documents/GitHub/loackyPKM/99 - Meta/Scripts/brain_ingest.py:2: SyntaxWarning: invalid escape sequence '\ '
  """brain_ingest.py - Unified Second Brain Ingestion & GTD Intake Engine.
Processed 0 raw notes in Inbox.
2026-08-25 18:48:33 - Raw inbox note ready for processing detected. Invoking scan-inbox...
/Users/lorenzo/Documents/GitHub/loackyPKM/99 - Meta/Scripts/brain_ingest.py:2: SyntaxWarning: invalid escape sequence '\ '
  """brain_ingest.py - Unified Second Brain Ingestion & GTD Intake Engine.
Processed 0 raw notes in Inbox.
2026-08-25 18:48:38 - Raw inbox note ready for processing detected. Invoking scan-inbox...
/Users/lorenzo/Documents/GitHub/loackyPKM/99 - Meta/Scripts/brain_ingest.py:2: SyntaxWarning: invalid escape sequence '\ '
  """brain_ingest.py - Unified Second Brain Ingestion & GTD Intake Engine.
Processed 0 raw notes in Inbox.
2026-08-25 18:48:44 - Raw inbox note ready for processing detected. Invoking scan-inbox...
/Users/lorenzo/Documents/GitHub/loackyPKM/99 - Meta/Scripts/brain_ingest.py:2: SyntaxWarning: invalid escape sequence '\ '
  """brain_ingest.py - Unified Second Brain Ingestion & GTD Intake Engine.
Processed 0 raw notes in Inbox.
2026-08-25 18:48:49 - Raw inbox note ready for processing detected. Invoking scan-inbox...
/Users/lorenzo/Documents/GitHub/loackyPKM/99 - Meta/Scripts/brain_ingest.py:2: SyntaxWarning: invalid escape sequence '\ '
  """brain_ingest.py - Unified Second Brain Ingestion & GTD Intake Engine.
Processed 0 raw notes in Inbox.
2026-08-25 18:48:54 - Raw inbox note ready for processing detected. Invoking scan-inbox...
/Users/lorenzo/Documents/GitHub/loackyPKM/99 - Meta/Scripts/brain_ingest.py:2: SyntaxWarning: invalid escape sequence '\ '
  """brain_ingest.py - Unified Second Brain Ingestion & GTD Intake Engine.
Processed 0 raw notes in Inbox.
2026-08-25 18:48:59 - Raw inbox note ready for processing detected. Invoking scan-inbox...
/Users/lorenzo/Documents/GitHub/loackyPKM/99 - Meta/Scripts/brain_ingest.py:2: SyntaxWarning: invalid escape sequence '\ '
  """brain_ingest.py - Unified Second Brain Ingestion & GTD Intake Engine.
Processed 0 raw notes in Inbox.
2026-08-25 18:49:05 - Raw inbox note ready for processing detected. Invoking scan-inbox...
/Users/lorenzo/Documents/GitHub/loackyPKM/99 - Meta/Scripts/brain_ingest.py:2: SyntaxWarning: invalid escape sequence '\ '
  """brain_ingest.py - Unified Second Brain Ingestion & GTD Intake Engine.
Processed 0 raw notes in Inbox.
2026-08-25 18:49:10 - Raw inbox note ready for processing detected. Invoking scan-inbox...
/Users/lorenzo/Documents/GitHub/loackyPKM/99 - Meta/Scripts/brain_ingest.py:2: SyntaxWarning: invalid escape sequence '\ '
  """brain_ingest.py - Unified Second Brain Ingestion & GTD Intake Engine.
Processed 0 raw notes in Inbox.
2026-08-25 18:49:15 - Raw inbox note ready for processing detected. Invoking scan-inbox...
/Users/lorenzo/Documents/GitHub/loackyPKM/99 - Meta/Scripts/brain_ingest.py:2: SyntaxWarning: invalid escape sequence '\ '
  """brain_ingest.py - Unified Second Brain Ingestion & GTD Intake Engine.
Processed 0 raw notes in Inbox.
2026-08-25 18:49:21 - Raw inbox note ready for processing detected. Invoking scan-inbox...
/Users/lorenzo/Documents/GitHub/loackyPKM/99 - Meta/Scripts/brain_ingest.py:2: SyntaxWarning: invalid escape sequence '\ '
  """brain_ingest.py - Unified Second Brain Ingestion & GTD Intake Engine.
Processed 0 raw notes in Inbox.
2026-08-25 18:49:26 - Raw inbox note ready for processing detected. Invoking scan-inbox...
/Users/lorenzo/Documents/GitHub/loackyPKM/99 - Meta/Scripts/brain_ingest.py:2: SyntaxWarning: invalid escape sequence '\ '
  """brain_ingest.py - Unified Second Brain Ingestion & GTD Intake Engine.
Processed 0 raw notes in Inbox.
2026-08-25 18:49:31 - Raw inbox note ready for processing detected. Invoking scan-inbox...
/Users/lorenzo/Documents/GitHub/loackyPKM/99 - Meta/Scripts/brain_ingest.py:2: SyntaxWarning: invalid escape sequence '\ '
  """brain_ingest.py - Unified Second Brain Ingestion & GTD Intake Engine.
Processed 0 raw notes in Inbox.
2026-08-25 18:49:36 - Raw inbox note ready for processing detected. Invoking scan-inbox...
/Users/lorenzo/Documents/GitHub/loackyPKM/99 - Meta/Scripts/brain_ingest.py:2: SyntaxWarning: invalid escape sequence '\ '
  """brain_ingest.py - Unified Second Brain Ingestion & GTD Intake Engine.
Processed 0 raw notes in Inbox.
2026-08-25 18:49:42 - Raw inbox note ready for processing detected. Invoking scan-inbox...
/Users/lorenzo/Documents/GitHub/loackyPKM/99 - Meta/Scripts/brain_ingest.py:2: SyntaxWarning: invalid escape sequence '\ '
  """brain_ingest.py - Unified Second Brain Ingestion & GTD Intake Engine.
Processed 0 raw notes in Inbox.
2026-08-25 18:49:47 - Raw inbox note ready for processing detected. Invoking scan-inbox...
/Users/lorenzo/Documents/GitHub/loackyPKM/99 - Meta/Scripts/brain_ingest.py:2: SyntaxWarning: invalid escape sequence '\ '
  """brain_ingest.py - Unified Second Brain Ingestion & GTD Intake Engine.
Processed 0 raw notes in Inbox.
2026-08-25 18:49:52 - Raw inbox note ready for processing detected. Invoking scan-inbox...
/Users/lorenzo/Documents/GitHub/loackyPKM/99 - Meta/Scripts/brain_ingest.py:2: SyntaxWarning: invalid escape sequence '\ '
  """brain_ingest.py - Unified Second Brain Ingestion & GTD Intake Engine.
Processed 0 raw notes in Inbox.
2026-08-25 18:49:57 - Raw inbox note ready for processing detected. Invoking scan-inbox...
/Users/lorenzo/Documents/GitHub/loackyPKM/99 - Meta/Scripts/brain_ingest.py:2: SyntaxWarning: invalid escape sequence '\ '
  """brain_ingest.py - Unified Second Brain Ingestion & GTD Intake Engine.
Processed 0 raw notes in Inbox.
2026-08-25 18:50:03 - Raw inbox note ready for processing detected. Invoking scan-inbox...
/Users/lorenzo/Documents/GitHub/loackyPKM/99 - Meta/Scripts/brain_ingest.py:2: SyntaxWarning: invalid escape sequence '\ '
  """brain_ingest.py - Unified Second Brain Ingestion & GTD Intake Engine.
Processed 0 raw notes in Inbox.
2026-08-25 18:50:08 - Raw inbox note ready for processing detected. Invoking scan-inbox...
/Users/lorenzo/Documents/GitHub/loackyPKM/99 - Meta/Scripts/brain_ingest.py:2: SyntaxWarning: invalid escape sequence '\ '
  """brain_ingest.py - Unified Second Brain Ingestion & GTD Intake Engine.
Processed 0 raw notes in Inbox.
2026-08-25 18:50:13 - Raw inbox note ready for processing detected. Invoking scan-inbox...
/Users/lorenzo/Documents/GitHub/loackyPKM/99 - Meta/Scripts/brain_ingest.py:2: SyntaxWarning: invalid escape sequence '\ '
  """brain_ingest.py - Unified Second Brain Ingestion & GTD Intake Engine.
Processed 0 raw notes in Inbox.
2026-08-25 18:50:19 - Raw inbox note ready for processing detected. Invoking scan-inbox...
/Users/lorenzo/Documents/GitHub/loackyPKM/99 - Meta/Scripts/brain_ingest.py:2: SyntaxWarning: invalid escape sequence '\ '
  """brain_ingest.py - Unified Second Brain Ingestion & GTD Intake Engine.
Processed 0 raw notes in Inbox.
2026-08-25 18:50:24 - Raw inbox note ready for processing detected. Invoking scan-inbox...
/Users/lorenzo/Documents/GitHub/loackyPKM/99 - Meta/Scripts/brain_ingest.py:2: SyntaxWarning: invalid escape sequence '\ '
  """brain_ingest.py - Unified Second Brain Ingestion & GTD Intake Engine.
Processed 0 raw notes in Inbox.
2026-08-25 18:50:29 - Raw inbox note ready for processing detected. Invoking scan-inbox...
/Users/lorenzo/Documents/GitHub/loackyPKM/99 - Meta/Scripts/brain_ingest.py:2: SyntaxWarning: invalid escape sequence '\ '
  """brain_ingest.py - Unified Second Brain Ingestion & GTD Intake Engine.
Processed 0 raw notes in Inbox.
2026-08-25 18:50:34 - Raw inbox note ready for processing detected. Invoking scan-inbox...
/Users/lorenzo/Documents/GitHub/loackyPKM/99 - Meta/Scripts/brain_ingest.py:2: SyntaxWarning: invalid escape sequence '\ '
  """brain_ingest.py - Unified Second Brain Ingestion & GTD Intake Engine.
Processed 0 raw notes in Inbox.
2026-08-25 18:50:40 - Raw inbox note ready for processing detected. Invoking scan-inbox...
/Users/lorenzo/Documents/GitHub/loackyPKM/99 - Meta/Scripts/brain_ingest.py:2: SyntaxWarning: invalid escape sequence '\ '
  """brain_ingest.py - Unified Second Brain Ingestion & GTD Intake Engine.
Processed 0 raw notes in Inbox.
2026-08-25 18:50:45 - Raw inbox note ready for processing detected. Invoking scan-inbox...
/Users/lorenzo/Documents/GitHub/loackyPKM/99 - Meta/Scripts/brain_ingest.py:2: SyntaxWarning: invalid escape sequence '\ '
  """brain_ingest.py - Unified Second Brain Ingestion & GTD Intake Engine.
Processed 0 raw notes in Inbox.
2026-08-25 18:50:50 - Raw inbox note ready for processing detected. Invoking scan-inbox...
/Users/lorenzo/Documents/GitHub/loackyPKM/99 - Meta/Scripts/brain_ingest.py:2: SyntaxWarning: invalid escape sequence '\ '
  """brain_ingest.py - Unified Second Brain Ingestion & GTD Intake Engine.
Processed 0 raw notes in Inbox.
2026-08-25 18:50:56 - Raw inbox note ready for processing detected. Invoking scan-inbox...
/Users/lorenzo/Documents/GitHub/loackyPKM/99 - Meta/Scripts/brain_ingest.py:2: SyntaxWarning: invalid escape sequence '\ '
  """brain_ingest.py - Unified Second Brain Ingestion & GTD Intake Engine.
Processed 0 raw notes in Inbox.
2026-08-25 18:51:01 - Raw inbox note ready for processing detected. Invoking scan-inbox...
/Users/lorenzo/Documents/GitHub/loackyPKM/99 - Meta/Scripts/brain_ingest.py:2: SyntaxWarning: invalid escape sequence '\ '
  """brain_ingest.py - Unified Second Brain Ingestion & GTD Intake Engine.
Processed 0 raw notes in Inbox.
2026-08-25 18:51:06 - Raw inbox note ready for processing detected. Invoking scan-inbox...
/Users/lorenzo/Documents/GitHub/loackyPKM/99 - Meta/Scripts/brain_ingest.py:2: SyntaxWarning: invalid escape sequence '\ '
  """brain_ingest.py - Unified Second Brain Ingestion & GTD Intake Engine.
Processed 0 raw notes in Inbox.
2026-08-25 18:51:11 - Raw inbox note ready for processing detected. Invoking scan-inbox...
/Users/lorenzo/Documents/GitHub/loackyPKM/99 - Meta/Scripts/brain_ingest.py:2: SyntaxWarning: invalid escape sequence '\ '
  """brain_ingest.py - Unified Second Brain Ingestion & GTD Intake Engine.
Processed 0 raw notes in Inbox.
2026-08-25 18:51:17 - Raw inbox note ready for processing detected. Invoking scan-inbox...
/Users/lorenzo/Documents/GitHub/loackyPKM/99 - Meta/Scripts/brain_ingest.py:2: SyntaxWarning: invalid escape sequence '\ '
  """brain_ingest.py - Unified Second Brain Ingestion & GTD Intake Engine.
Processed 0 raw notes in Inbox.
2026-08-25 18:51:22 - Raw inbox note ready for processing detected. Invoking scan-inbox...
/Users/lorenzo/Documents/GitHub/loackyPKM/99 - Meta/Scripts/brain_ingest.py:2: SyntaxWarning: invalid escape sequence '\ '
  """brain_ingest.py - Unified Second Brain Ingestion & GTD Intake Engine.
Processed 0 raw notes in Inbox.
2026-08-25 18:51:27 - Raw inbox note ready for processing detected. Invoking scan-inbox...
/Users/lorenzo/Documents/GitHub/loackyPKM/99 - Meta/Scripts/brain_ingest.py:2: SyntaxWarning: invalid escape sequence '\ '
  """brain_ingest.py - Unified Second Brain Ingestion & GTD Intake Engine.
Processed 0 raw notes in Inbox.
2026-08-25 18:51:33 - Raw inbox note ready for processing detected. Invoking scan-inbox...
/Users/lorenzo/Documents/GitHub/loackyPKM/99 - Meta/Scripts/brain_ingest.py:2: SyntaxWarning: invalid escape sequence '\ '
  """brain_ingest.py - Unified Second Brain Ingestion & GTD Intake Engine.
Processed 0 raw notes in Inbox.
2026-08-25 18:51:38 - Raw inbox note ready for processing detected. Invoking scan-inbox...
/Users/lorenzo/Documents/GitHub/loackyPKM/99 - Meta/Scripts/brain_ingest.py:2: SyntaxWarning: invalid escape sequence '\ '
  """brain_ingest.py - Unified Second Brain Ingestion & GTD Intake Engine.
Processed 0 raw notes in Inbox.
2026-08-25 18:51:43 - Raw inbox note ready for processing detected. Invoking scan-inbox...
/Users/lorenzo/Documents/GitHub/loackyPKM/99 - Meta/Scripts/brain_ingest.py:2: SyntaxWarning: invalid escape sequence '\ '
  """brain_ingest.py - Unified Second Brain Ingestion & GTD Intake Engine.
Processed 0 raw notes in Inbox.
2026-08-25 18:51:48 - Raw inbox note ready for processing detected. Invoking scan-inbox...
/Users/lorenzo/Documents/GitHub/loackyPKM/99 - Meta/Scripts/brain_ingest.py:2: SyntaxWarning: invalid escape sequence '\ '
  """brain_ingest.py - Unified Second Brain Ingestion & GTD Intake Engine.
Processed 0 raw notes in Inbox.
2026-08-25 18:51:54 - Raw inbox note ready for processing detected. Invoking scan-inbox...
/Users/lorenzo/Documents/GitHub/loackyPKM/99 - Meta/Scripts/brain_ingest.py:2: SyntaxWarning: invalid escape sequence '\ '
  """brain_ingest.py - Unified Second Brain Ingestion & GTD Intake Engine.
Processed 0 raw notes in Inbox.
2026-08-25 18:51:59 - Raw inbox note ready for processing detected. Invoking scan-inbox...
/Users/lorenzo/Documents/GitHub/loackyPKM/99 - Meta/Scripts/brain_ingest.py:2: SyntaxWarning: invalid escape sequence '\ '
  """brain_ingest.py - Unified Second Brain Ingestion & GTD Intake Engine.
Processed 0 raw notes in Inbox.
2026-08-25 18:52:04 - Raw inbox note ready for processing detected. Invoking scan-inbox...
/Users/lorenzo/Documents/GitHub/loackyPKM/99 - Meta/Scripts/brain_ingest.py:2: SyntaxWarning: invalid escape sequence '\ '
  """brain_ingest.py - Unified Second Brain Ingestion & GTD Intake Engine.
Processed 0 raw notes in Inbox.
2026-08-25 18:52:10 - Raw inbox note ready for processing detected. Invoking scan-inbox...
/Users/lorenzo/Documents/GitHub/loackyPKM/99 - Meta/Scripts/brain_ingest.py:2: SyntaxWarning: invalid escape sequence '\ '
  """brain_ingest.py - Unified Second Brain Ingestion & GTD Intake Engine.
Processed 0 raw notes in Inbox.
2026-08-25 18:52:15 - Raw inbox note ready for processing detected. Invoking scan-inbox...
/Users/lorenzo/Documents/GitHub/loackyPKM/99 - Meta/Scripts/brain_ingest.py:2: SyntaxWarning: invalid escape sequence '\ '
  """brain_ingest.py - Unified Second Brain Ingestion & GTD Intake Engine.
Processed 0 raw notes in Inbox.
2026-08-25 18:52:20 - Raw inbox note ready for processing detected. Invoking scan-inbox...
/Users/lorenzo/Documents/GitHub/loackyPKM/99 - Meta/Scripts/brain_ingest.py:2: SyntaxWarning: invalid escape sequence '\ '
  """brain_ingest.py - Unified Second Brain Ingestion & GTD Intake Engine.
Processed 0 raw notes in Inbox.
2026-08-25 18:52:25 - Raw inbox note ready for processing detected. Invoking scan-inbox...
/Users/lorenzo/Documents/GitHub/loackyPKM/99 - Meta/Scripts/brain_ingest.py:2: SyntaxWarning: invalid escape sequence '\ '
  """brain_ingest.py - Unified Second Brain Ingestion & GTD Intake Engine.
Processed 0 raw notes in Inbox.
2026-08-25 18:52:31 - Raw inbox note ready for processing detected. Invoking scan-inbox...
/Users/lorenzo/Documents/GitHub/loackyPKM/99 - Meta/Scripts/brain_ingest.py:2: SyntaxWarning: invalid escape sequence '\ '
  """brain_ingest.py - Unified Second Brain Ingestion & GTD Intake Engine.
Processed 0 raw notes in Inbox.
2026-08-25 18:52:36 - Raw inbox note ready for processing detected. Invoking scan-inbox...
/Users/lorenzo/Documents/GitHub/loackyPKM/99 - Meta/Scripts/brain_ingest.py:2: SyntaxWarning: invalid escape sequence '\ '
  """brain_ingest.py - Unified Second Brain Ingestion & GTD Intake Engine.
Processed 0 raw notes in Inbox.
2026-08-25 18:52:41 - Raw inbox note ready for processing detected. Invoking scan-inbox...
/Users/lorenzo/Documents/GitHub/loackyPKM/99 - Meta/Scripts/brain_ingest.py:2: SyntaxWarning: invalid escape sequence '\ '
  """brain_ingest.py - Unified Second Brain Ingestion & GTD Intake Engine.
Processed 0 raw notes in Inbox.
2026-08-25 18:52:46 - Raw inbox note ready for processing detected. Invoking scan-inbox...
/Users/lorenzo/Documents/GitHub/loackyPKM/99 - Meta/Scripts/brain_ingest.py:2: SyntaxWarning: invalid escape sequence '\ '
  """brain_ingest.py - Unified Second Brain Ingestion & GTD Intake Engine.
Processed 0 raw notes in Inbox.
2026-08-25 18:52:52 - Raw inbox note ready for processing detected. Invoking scan-inbox...
/Users/lorenzo/Documents/GitHub/loackyPKM/99 - Meta/Scripts/brain_ingest.py:2: SyntaxWarning: invalid escape sequence '\ '
  """brain_ingest.py - Unified Second Brain Ingestion & GTD Intake Engine.
Processed 0 raw notes in Inbox.
2026-08-25 18:52:57 - Raw inbox note ready for processing detected. Invoking scan-inbox...
/Users/lorenzo/Documents/GitHub/loackyPKM/99 - Meta/Scripts/brain_ingest.py:2: SyntaxWarning: invalid escape sequence '\ '
  """brain_ingest.py - Unified Second Brain Ingestion & GTD Intake Engine.
Processed 0 raw notes in Inbox.
2026-08-25 18:53:02 - Raw inbox note ready for processing detected. Invoking scan-inbox...
/Users/lorenzo/Documents/GitHub/loackyPKM/99 - Meta/Scripts/brain_ingest.py:2: SyntaxWarning: invalid escape sequence '\ '
  """brain_ingest.py - Unified Second Brain Ingestion & GTD Intake Engine.
Processed 0 raw notes in Inbox.
2026-08-25 18:53:08 - Raw inbox note ready for processing detected. Invoking scan-inbox...
/Users/lorenzo/Documents/GitHub/loackyPKM/99 - Meta/Scripts/brain_ingest.py:2: SyntaxWarning: invalid escape sequence '\ '
  """brain_ingest.py - Unified Second Brain Ingestion & GTD Intake Engine.
Processed 0 raw notes in Inbox.
2026-08-25 18:53:13 - Raw inbox note ready for processing detected. Invoking scan-inbox...
/Users/lorenzo/Documents/GitHub/loackyPKM/99 - Meta/Scripts/brain_ingest.py:2: SyntaxWarning: invalid escape sequence '\ '
  """brain_ingest.py - Unified Second Brain Ingestion & GTD Intake Engine.
Processed 0 raw notes in Inbox.
2026-08-25 18:53:18 - Raw inbox note ready for processing detected. Invoking scan-inbox...
/Users/lorenzo/Documents/GitHub/loackyPKM/99 - Meta/Scripts/brain_ingest.py:2: SyntaxWarning: invalid escape sequence '\ '
  """brain_ingest.py - Unified Second Brain Ingestion & GTD Intake Engine.
Processed 0 raw notes in Inbox.
2026-08-25 18:53:23 - Raw inbox note ready for processing detected. Invoking scan-inbox...
/Users/lorenzo/Documents/GitHub/loackyPKM/99 - Meta/Scripts/brain_ingest.py:2: SyntaxWarning: invalid escape sequence '\ '
  """brain_ingest.py - Unified Second Brain Ingestion & GTD Intake Engine.
Processed 0 raw notes in Inbox.
2026-08-25 18:53:29 - Raw inbox note ready for processing detected. Invoking scan-inbox...
/Users/lorenzo/Documents/GitHub/loackyPKM/99 - Meta/Scripts/brain_ingest.py:2: SyntaxWarning: invalid escape sequence '\ '
  """brain_ingest.py - Unified Second Brain Ingestion & GTD Intake Engine.
Processed 0 raw notes in Inbox.
2026-08-25 18:53:34 - Raw inbox note ready for processing detected. Invoking scan-inbox...
/Users/lorenzo/Documents/GitHub/loackyPKM/99 - Meta/Scripts/brain_ingest.py:2: SyntaxWarning: invalid escape sequence '\ '
  """brain_ingest.py - Unified Second Brain Ingestion & GTD Intake Engine.
Processed 0 raw notes in Inbox.
2026-08-25 18:53:39 - Raw inbox note ready for processing detected. Invoking scan-inbox...
/Users/lorenzo/Documents/GitHub/loackyPKM/99 - Meta/Scripts/brain_ingest.py:2: SyntaxWarning: invalid escape sequence '\ '
  """brain_ingest.py - Unified Second Brain Ingestion & GTD Intake Engine.
Processed 0 raw notes in Inbox.
2026-08-25 18:53:44 - Raw inbox note ready for processing detected. Invoking scan-inbox...
/Users/lorenzo/Documents/GitHub/loackyPKM/99 - Meta/Scripts/brain_ingest.py:2: SyntaxWarning: invalid escape sequence '\ '
  """brain_ingest.py - Unified Second Brain Ingestion & GTD Intake Engine.
Processed 0 raw notes in Inbox.
2026-08-25 18:53:50 - Raw inbox note ready for processing detected. Invoking scan-inbox...
/Users/lorenzo/Documents/GitHub/loackyPKM/99 - Meta/Scripts/brain_ingest.py:2: SyntaxWarning: invalid escape sequence '\ '
  """brain_ingest.py - Unified Second Brain Ingestion & GTD Intake Engine.
Processed 0 raw notes in Inbox.
2026-08-25 18:53:55 - Raw inbox note ready for processing detected. Invoking scan-inbox...
/Users/lorenzo/Documents/GitHub/loackyPKM/99 - Meta/Scripts/brain_ingest.py:2: SyntaxWarning: invalid escape sequence '\ '
  """brain_ingest.py - Unified Second Brain Ingestion & GTD Intake Engine.
Processed 0 raw notes in Inbox.
2026-08-25 18:54:00 - Raw inbox note ready for processing detected. Invoking scan-inbox...
/Users/lorenzo/Documents/GitHub/loackyPKM/99 - Meta/Scripts/brain_ingest.py:2: SyntaxWarning: invalid escape sequence '\ '
  """brain_ingest.py - Unified Second Brain Ingestion & GTD Intake Engine.
Processed 0 raw notes in Inbox.
2026-08-25 18:54:06 - Raw inbox note ready for processing detected. Invoking scan-inbox...
/Users/lorenzo/Documents/GitHub/loackyPKM/99 - Meta/Scripts/brain_ingest.py:2: SyntaxWarning: invalid escape sequence '\ '
  """brain_ingest.py - Unified Second Brain Ingestion & GTD Intake Engine.
Processed 0 raw notes in Inbox.
2026-08-25 18:54:11 - Raw inbox note ready for processing detected. Invoking scan-inbox...
/Users/lorenzo/Documents/GitHub/loackyPKM/99 - Meta/Scripts/brain_ingest.py:2: SyntaxWarning: invalid escape sequence '\ '
  """brain_ingest.py - Unified Second Brain Ingestion & GTD Intake Engine.
Processed 0 raw notes in Inbox.
2026-08-25 18:54:16 - Raw inbox note ready for processing detected. Invoking scan-inbox...
/Users/lorenzo/Documents/GitHub/loackyPKM/99 - Meta/Scripts/brain_ingest.py:2: SyntaxWarning: invalid escape sequence '\ '
  """brain_ingest.py - Unified Second Brain Ingestion & GTD Intake Engine.
Processed 0 raw notes in Inbox.
2026-08-25 18:54:21 - Raw inbox note ready for processing detected. Invoking scan-inbox...
/Users/lorenzo/Documents/GitHub/loackyPKM/99 - Meta/Scripts/brain_ingest.py:2: SyntaxWarning: invalid escape sequence '\ '
  """brain_ingest.py - Unified Second Brain Ingestion & GTD Intake Engine.
Processed 0 raw notes in Inbox.
2026-08-25 18:54:27 - Raw inbox note ready for processing detected. Invoking scan-inbox...
/Users/lorenzo/Documents/GitHub/loackyPKM/99 - Meta/Scripts/brain_ingest.py:2: SyntaxWarning: invalid escape sequence '\ '
  """brain_ingest.py - Unified Second Brain Ingestion & GTD Intake Engine.
Processed 0 raw notes in Inbox.
2026-08-25 18:54:32 - Raw inbox note ready for processing detected. Invoking scan-inbox...
/Users/lorenzo/Documents/GitHub/loackyPKM/99 - Meta/Scripts/brain_ingest.py:2: SyntaxWarning: invalid escape sequence '\ '
  """brain_ingest.py - Unified Second Brain Ingestion & GTD Intake Engine.
Processed 0 raw notes in Inbox.
2026-08-25 18:54:37 - Raw inbox note ready for processing detected. Invoking scan-inbox...
/Users/lorenzo/Documents/GitHub/loackyPKM/99 - Meta/Scripts/brain_ingest.py:2: SyntaxWarning: invalid escape sequence '\ '
  """brain_ingest.py - Unified Second Brain Ingestion & GTD Intake Engine.
Processed 0 raw notes in Inbox.
2026-08-25 18:54:42 - Raw inbox note ready for processing detected. Invoking scan-inbox...
/Users/lorenzo/Documents/GitHub/loackyPKM/99 - Meta/Scripts/brain_ingest.py:2: SyntaxWarning: invalid escape sequence '\ '
  """brain_ingest.py - Unified Second Brain Ingestion & GTD Intake Engine.
Processed 0 raw notes in Inbox.
2026-08-25 18:54:48 - Raw inbox note ready for processing detected. Invoking scan-inbox...
/Users/lorenzo/Documents/GitHub/loackyPKM/99 - Meta/Scripts/brain_ingest.py:2: SyntaxWarning: invalid escape sequence '\ '
  """brain_ingest.py - Unified Second Brain Ingestion & GTD Intake Engine.
Processed 0 raw notes in Inbox.
2026-08-25 18:54:53 - Raw inbox note ready for processing detected. Invoking scan-inbox...
/Users/lorenzo/Documents/GitHub/loackyPKM/99 - Meta/Scripts/brain_ingest.py:2: SyntaxWarning: invalid escape sequence '\ '
  """brain_ingest.py - Unified Second Brain Ingestion & GTD Intake Engine.
Processed 0 raw notes in Inbox.
2026-08-25 18:54:58 - Raw inbox note ready for processing detected. Invoking scan-inbox...
/Users/lorenzo/Documents/GitHub/loackyPKM/99 - Meta/Scripts/brain_ingest.py:2: SyntaxWarning: invalid escape sequence '\ '
  """brain_ingest.py - Unified Second Brain Ingestion & GTD Intake Engine.
Processed 0 raw notes in Inbox.
2026-08-25 18:55:04 - Raw inbox note ready for processing detected. Invoking scan-inbox...
/Users/lorenzo/Documents/GitHub/loackyPKM/99 - Meta/Scripts/brain_ingest.py:2: SyntaxWarning: invalid escape sequence '\ '
  """brain_ingest.py - Unified Second Brain Ingestion & GTD Intake Engine.
Processed 0 raw notes in Inbox.
2026-08-25 18:55:09 - Raw inbox note ready for processing detected. Invoking scan-inbox...
/Users/lorenzo/Documents/GitHub/loackyPKM/99 - Meta/Scripts/brain_ingest.py:2: SyntaxWarning: invalid escape sequence '\ '
  """brain_ingest.py - Unified Second Brain Ingestion & GTD Intake Engine.
Processed 0 raw notes in Inbox.
2026-08-25 18:55:14 - Raw inbox note ready for processing detected. Invoking scan-inbox...
/Users/lorenzo/Documents/GitHub/loackyPKM/99 - Meta/Scripts/brain_ingest.py:2: SyntaxWarning: invalid escape sequence '\ '
  """brain_ingest.py - Unified Second Brain Ingestion & GTD Intake Engine.
Processed 0 raw notes in Inbox.
2026-08-25 18:55:19 - Raw inbox note ready for processing detected. Invoking scan-inbox...
/Users/lorenzo/Documents/GitHub/loackyPKM/99 - Meta/Scripts/brain_ingest.py:2: SyntaxWarning: invalid escape sequence '\ '
  """brain_ingest.py - Unified Second Brain Ingestion & GTD Intake Engine.
Processed 0 raw notes in Inbox.
2026-08-25 18:55:25 - Raw inbox note ready for processing detected. Invoking scan-inbox...
/Users/lorenzo/Documents/GitHub/loackyPKM/99 - Meta/Scripts/brain_ingest.py:2: SyntaxWarning: invalid escape sequence '\ '
  """brain_ingest.py - Unified Second Brain Ingestion & GTD Intake Engine.
Processed 0 raw notes in Inbox.
2026-08-25 18:55:30 - Raw inbox note ready for processing detected. Invoking scan-inbox...
/Users/lorenzo/Documents/GitHub/loackyPKM/99 - Meta/Scripts/brain_ingest.py:2: SyntaxWarning: invalid escape sequence '\ '
  """brain_ingest.py - Unified Second Brain Ingestion & GTD Intake Engine.
Processed 0 raw notes in Inbox.
2026-08-25 18:55:35 - Raw inbox note ready for processing detected. Invoking scan-inbox...
/Users/lorenzo/Documents/GitHub/loackyPKM/99 - Meta/Scripts/brain_ingest.py:2: SyntaxWarning: invalid escape sequence '\ '
  """brain_ingest.py - Unified Second Brain Ingestion & GTD Intake Engine.
Processed 0 raw notes in Inbox.
2026-08-25 18:55:41 - Raw inbox note ready for processing detected. Invoking scan-inbox...
/Users/lorenzo/Documents/GitHub/loackyPKM/99 - Meta/Scripts/brain_ingest.py:2: SyntaxWarning: invalid escape sequence '\ '
  """brain_ingest.py - Unified Second Brain Ingestion & GTD Intake Engine.
Processed 0 raw notes in Inbox.
2026-08-25 18:55:46 - Raw inbox note ready for processing detected. Invoking scan-inbox...
/Users/lorenzo/Documents/GitHub/loackyPKM/99 - Meta/Scripts/brain_ingest.py:2: SyntaxWarning: invalid escape sequence '\ '
  """brain_ingest.py - Unified Second Brain Ingestion & GTD Intake Engine.
Processed 0 raw notes in Inbox.
2026-08-25 18:55:51 - Raw inbox note ready for processing detected. Invoking scan-inbox...
/Users/lorenzo/Documents/GitHub/loackyPKM/99 - Meta/Scripts/brain_ingest.py:2: SyntaxWarning: invalid escape sequence '\ '
  """brain_ingest.py - Unified Second Brain Ingestion & GTD Intake Engine.
Processed 0 raw notes in Inbox.
2026-08-25 18:55:56 - Raw inbox note ready for processing detected. Invoking scan-inbox...
/Users/lorenzo/Documents/GitHub/loackyPKM/99 - Meta/Scripts/brain_ingest.py:2: SyntaxWarning: invalid escape sequence '\ '
  """brain_ingest.py - Unified Second Brain Ingestion & GTD Intake Engine.
Processed 0 raw notes in Inbox.
2026-08-25 18:56:02 - Raw inbox note ready for processing detected. Invoking scan-inbox...
/Users/lorenzo/Documents/GitHub/loackyPKM/99 - Meta/Scripts/brain_ingest.py:2: SyntaxWarning: invalid escape sequence '\ '
  """brain_ingest.py - Unified Second Brain Ingestion & GTD Intake Engine.
Processed 0 raw notes in Inbox.
2026-08-25 18:56:07 - Raw inbox note ready for processing detected. Invoking scan-inbox...
/Users/lorenzo/Documents/GitHub/loackyPKM/99 - Meta/Scripts/brain_ingest.py:2: SyntaxWarning: invalid escape sequence '\ '
  """brain_ingest.py - Unified Second Brain Ingestion & GTD Intake Engine.
Processed 0 raw notes in Inbox.
2026-08-25 18:56:12 - Raw inbox note ready for processing detected. Invoking scan-inbox...
/Users/lorenzo/Documents/GitHub/loackyPKM/99 - Meta/Scripts/brain_ingest.py:2: SyntaxWarning: invalid escape sequence '\ '
  """brain_ingest.py - Unified Second Brain Ingestion & GTD Intake Engine.
Processed 0 raw notes in Inbox.
2026-08-25 18:56:18 - Raw inbox note ready for processing detected. Invoking scan-inbox...
/Users/lorenzo/Documents/GitHub/loackyPKM/99 - Meta/Scripts/brain_ingest.py:2: SyntaxWarning: invalid escape sequence '\ '
  """brain_ingest.py - Unified Second Brain Ingestion & GTD Intake Engine.
Processed 0 raw notes in Inbox.
2026-08-25 18:56:23 - Raw inbox note ready for processing detected. Invoking scan-inbox...
/Users/lorenzo/Documents/GitHub/loackyPKM/99 - Meta/Scripts/brain_ingest.py:2: SyntaxWarning: invalid escape sequence '\ '
  """brain_ingest.py - Unified Second Brain Ingestion & GTD Intake Engine.
Processed 0 raw notes in Inbox.
2026-08-25 18:56:28 - Raw inbox note ready for processing detected. Invoking scan-inbox...
/Users/lorenzo/Documents/GitHub/loackyPKM/99 - Meta/Scripts/brain_ingest.py:2: SyntaxWarning: invalid escape sequence '\ '
  """brain_ingest.py - Unified Second Brain Ingestion & GTD Intake Engine.
Processed 0 raw notes in Inbox.
2026-08-25 18:56:33 - Raw inbox note ready for processing detected. Invoking scan-inbox...
/Users/lorenzo/Documents/GitHub/loackyPKM/99 - Meta/Scripts/brain_ingest.py:2: SyntaxWarning: invalid escape sequence '\ '
  """brain_ingest.py - Unified Second Brain Ingestion & GTD Intake Engine.
Processed 0 raw notes in Inbox.
2026-08-25 18:56:39 - Raw inbox note ready for processing detected. Invoking scan-inbox...
/Users/lorenzo/Documents/GitHub/loackyPKM/99 - Meta/Scripts/brain_ingest.py:2: SyntaxWarning: invalid escape sequence '\ '
  """brain_ingest.py - Unified Second Brain Ingestion & GTD Intake Engine.
Processed 0 raw notes in Inbox.
2026-08-25 18:56:44 - Raw inbox note ready for processing detected. Invoking scan-inbox...
/Users/lorenzo/Documents/GitHub/loackyPKM/99 - Meta/Scripts/brain_ingest.py:2: SyntaxWarning: invalid escape sequence '\ '
  """brain_ingest.py - Unified Second Brain Ingestion & GTD Intake Engine.
Processed 0 raw notes in Inbox.
2026-08-25 18:56:49 - Raw inbox note ready for processing detected. Invoking scan-inbox...
/Users/lorenzo/Documents/GitHub/loackyPKM/99 - Meta/Scripts/brain_ingest.py:2: SyntaxWarning: invalid escape sequence '\ '
  """brain_ingest.py - Unified Second Brain Ingestion & GTD Intake Engine.
Processed 0 raw notes in Inbox.
2026-08-25 18:56:54 - Raw inbox note ready for processing detected. Invoking scan-inbox...
/Users/lorenzo/Documents/GitHub/loackyPKM/99 - Meta/Scripts/brain_ingest.py:2: SyntaxWarning: invalid escape sequence '\ '
  """brain_ingest.py - Unified Second Brain Ingestion & GTD Intake Engine.
Processed 0 raw notes in Inbox.
2026-08-25 18:57:00 - Raw inbox note ready for processing detected. Invoking scan-inbox...
/Users/lorenzo/Documents/GitHub/loackyPKM/99 - Meta/Scripts/brain_ingest.py:2: SyntaxWarning: invalid escape sequence '\ '
  """brain_ingest.py - Unified Second Brain Ingestion & GTD Intake Engine.
Processed 0 raw notes in Inbox.
2026-08-25 18:57:05 - Raw inbox note ready for processing detected. Invoking scan-inbox...
/Users/lorenzo/Documents/GitHub/loackyPKM/99 - Meta/Scripts/brain_ingest.py:2: SyntaxWarning: invalid escape sequence '\ '
  """brain_ingest.py - Unified Second Brain Ingestion & GTD Intake Engine.
Processed 0 raw notes in Inbox.
2026-08-25 18:57:10 - Raw inbox note ready for processing detected. Invoking scan-inbox...
/Users/lorenzo/Documents/GitHub/loackyPKM/99 - Meta/Scripts/brain_ingest.py:2: SyntaxWarning: invalid escape sequence '\ '
  """brain_ingest.py - Unified Second Brain Ingestion & GTD Intake Engine.
Processed 0 raw notes in Inbox.
2026-08-25 18:57:16 - Raw inbox note ready for processing detected. Invoking scan-inbox...
/Users/lorenzo/Documents/GitHub/loackyPKM/99 - Meta/Scripts/brain_ingest.py:2: SyntaxWarning: invalid escape sequence '\ '
  """brain_ingest.py - Unified Second Brain Ingestion & GTD Intake Engine.
Processed 0 raw notes in Inbox.
2026-08-25 18:57:21 - Raw inbox note ready for processing detected. Invoking scan-inbox...
/Users/lorenzo/Documents/GitHub/loackyPKM/99 - Meta/Scripts/brain_ingest.py:2: SyntaxWarning: invalid escape sequence '\ '
  """brain_ingest.py - Unified Second Brain Ingestion & GTD Intake Engine.
Processed 0 raw notes in Inbox.
2026-08-25 18:57:26 - Raw inbox note ready for processing detected. Invoking scan-inbox...
/Users/lorenzo/Documents/GitHub/loackyPKM/99 - Meta/Scripts/brain_ingest.py:2: SyntaxWarning: invalid escape sequence '\ '
  """brain_ingest.py - Unified Second Brain Ingestion & GTD Intake Engine.
Processed 0 raw notes in Inbox.
2026-08-25 18:57:31 - Raw inbox note ready for processing detected. Invoking scan-inbox...
/Users/lorenzo/Documents/GitHub/loackyPKM/99 - Meta/Scripts/brain_ingest.py:2: SyntaxWarning: invalid escape sequence '\ '
  """brain_ingest.py - Unified Second Brain Ingestion & GTD Intake Engine.
Processed 0 raw notes in Inbox.
2026-08-25 18:57:37 - Raw inbox note ready for processing detected. Invoking scan-inbox...
/Users/lorenzo/Documents/GitHub/loackyPKM/99 - Meta/Scripts/brain_ingest.py:2: SyntaxWarning: invalid escape sequence '\ '
  """brain_ingest.py - Unified Second Brain Ingestion & GTD Intake Engine.
Processed 0 raw notes in Inbox.
2026-08-25 18:57:42 - Raw inbox note ready for processing detected. Invoking scan-inbox...
/Users/lorenzo/Documents/GitHub/loackyPKM/99 - Meta/Scripts/brain_ingest.py:2: SyntaxWarning: invalid escape sequence '\ '
  """brain_ingest.py - Unified Second Brain Ingestion & GTD Intake Engine.
Processed 0 raw notes in Inbox.
2026-08-25 18:57:47 - Raw inbox note ready for processing detected. Invoking scan-inbox...
/Users/lorenzo/Documents/GitHub/loackyPKM/99 - Meta/Scripts/brain_ingest.py:2: SyntaxWarning: invalid escape sequence '\ '
  """brain_ingest.py - Unified Second Brain Ingestion & GTD Intake Engine.
Processed 0 raw notes in Inbox.
2026-08-25 18:57:53 - Raw inbox note ready for processing detected. Invoking scan-inbox...
/Users/lorenzo/Documents/GitHub/loackyPKM/99 - Meta/Scripts/brain_ingest.py:2: SyntaxWarning: invalid escape sequence '\ '
  """brain_ingest.py - Unified Second Brain Ingestion & GTD Intake Engine.
Processed 0 raw notes in Inbox.
2026-08-25 18:57:58 - Raw inbox note ready for processing detected. Invoking scan-inbox...
/Users/lorenzo/Documents/GitHub/loackyPKM/99 - Meta/Scripts/brain_ingest.py:2: SyntaxWarning: invalid escape sequence '\ '
  """brain_ingest.py - Unified Second Brain Ingestion & GTD Intake Engine.
Processed 0 raw notes in Inbox.
2026-08-25 18:58:03 - Raw inbox note ready for processing detected. Invoking scan-inbox...
/Users/lorenzo/Documents/GitHub/loackyPKM/99 - Meta/Scripts/brain_ingest.py:2: SyntaxWarning: invalid escape sequence '\ '
  """brain_ingest.py - Unified Second Brain Ingestion & GTD Intake Engine.
Processed 0 raw notes in Inbox.
2026-08-25 18:58:08 - Raw inbox note ready for processing detected. Invoking scan-inbox...
/Users/lorenzo/Documents/GitHub/loackyPKM/99 - Meta/Scripts/brain_ingest.py:2: SyntaxWarning: invalid escape sequence '\ '
  """brain_ingest.py - Unified Second Brain Ingestion & GTD Intake Engine.
Processed 0 raw notes in Inbox.
2026-08-25 18:58:14 - Raw inbox note ready for processing detected. Invoking scan-inbox...
/Users/lorenzo/Documents/GitHub/loackyPKM/99 - Meta/Scripts/brain_ingest.py:2: SyntaxWarning: invalid escape sequence '\ '
  """brain_ingest.py - Unified Second Brain Ingestion & GTD Intake Engine.
Processed 0 raw notes in Inbox.
2026-08-25 18:58:19 - Raw inbox note ready for processing detected. Invoking scan-inbox...
/Users/lorenzo/Documents/GitHub/loackyPKM/99 - Meta/Scripts/brain_ingest.py:2: SyntaxWarning: invalid escape sequence '\ '
  """brain_ingest.py - Unified Second Brain Ingestion & GTD Intake Engine.
Processed 0 raw notes in Inbox.
2026-08-25 18:58:24 - Raw inbox note ready for processing detected. Invoking scan-inbox...
/Users/lorenzo/Documents/GitHub/loackyPKM/99 - Meta/Scripts/brain_ingest.py:2: SyntaxWarning: invalid escape sequence '\ '
  """brain_ingest.py - Unified Second Brain Ingestion & GTD Intake Engine.
Processed 0 raw notes in Inbox.
2026-08-25 18:58:29 - Raw inbox note ready for processing detected. Invoking scan-inbox...
/Users/lorenzo/Documents/GitHub/loackyPKM/99 - Meta/Scripts/brain_ingest.py:2: SyntaxWarning: invalid escape sequence '\ '
  """brain_ingest.py - Unified Second Brain Ingestion & GTD Intake Engine.
Processed 0 raw notes in Inbox.
2026-08-25 18:58:35 - Raw inbox note ready for processing detected. Invoking scan-inbox...
/Users/lorenzo/Documents/GitHub/loackyPKM/99 - Meta/Scripts/brain_ingest.py:2: SyntaxWarning: invalid escape sequence '\ '
  """brain_ingest.py - Unified Second Brain Ingestion & GTD Intake Engine.
Processed 0 raw notes in Inbox.
2026-08-25 18:58:40 - Raw inbox note ready for processing detected. Invoking scan-inbox...
/Users/lorenzo/Documents/GitHub/loackyPKM/99 - Meta/Scripts/brain_ingest.py:2: SyntaxWarning: invalid escape sequence '\ '
  """brain_ingest.py - Unified Second Brain Ingestion & GTD Intake Engine.
Processed 0 raw notes in Inbox.
2026-08-25 18:58:45 - Raw inbox note ready for processing detected. Invoking scan-inbox...
/Users/lorenzo/Documents/GitHub/loackyPKM/99 - Meta/Scripts/brain_ingest.py:2: SyntaxWarning: invalid escape sequence '\ '
  """brain_ingest.py - Unified Second Brain Ingestion & GTD Intake Engine.
Processed 0 raw notes in Inbox.
2026-08-25 18:58:51 - Raw inbox note ready for processing detected. Invoking scan-inbox...
/Users/lorenzo/Documents/GitHub/loackyPKM/99 - Meta/Scripts/brain_ingest.py:2: SyntaxWarning: invalid escape sequence '\ '
  """brain_ingest.py - Unified Second Brain Ingestion & GTD Intake Engine.
Processed 0 raw notes in Inbox.
2026-08-25 18:58:56 - Raw inbox note ready for processing detected. Invoking scan-inbox...
/Users/lorenzo/Documents/GitHub/loackyPKM/99 - Meta/Scripts/brain_ingest.py:2: SyntaxWarning: invalid escape sequence '\ '
  """brain_ingest.py - Unified Second Brain Ingestion & GTD Intake Engine.
Processed 0 raw notes in Inbox.
2026-08-25 18:59:01 - Raw inbox note ready for processing detected. Invoking scan-inbox...
/Users/lorenzo/Documents/GitHub/loackyPKM/99 - Meta/Scripts/brain_ingest.py:2: SyntaxWarning: invalid escape sequence '\ '
  """brain_ingest.py - Unified Second Brain Ingestion & GTD Intake Engine.
Processed 0 raw notes in Inbox.
2026-08-25 18:59:06 - Raw inbox note ready for processing detected. Invoking scan-inbox...
/Users/lorenzo/Documents/GitHub/loackyPKM/99 - Meta/Scripts/brain_ingest.py:2: SyntaxWarning: invalid escape sequence '\ '
  """brain_ingest.py - Unified Second Brain Ingestion & GTD Intake Engine.
Processed 0 raw notes in Inbox.
2026-08-25 18:59:12 - Raw inbox note ready for processing detected. Invoking scan-inbox...
/Users/lorenzo/Documents/GitHub/loackyPKM/99 - Meta/Scripts/brain_ingest.py:2: SyntaxWarning: invalid escape sequence '\ '
  """brain_ingest.py - Unified Second Brain Ingestion & GTD Intake Engine.
Processed 0 raw notes in Inbox.
2026-08-25 18:59:17 - Raw inbox note ready for processing detected. Invoking scan-inbox...
/Users/lorenzo/Documents/GitHub/loackyPKM/99 - Meta/Scripts/brain_ingest.py:2: SyntaxWarning: invalid escape sequence '\ '
  """brain_ingest.py - Unified Second Brain Ingestion & GTD Intake Engine.
Processed 0 raw notes in Inbox.
2026-08-25 18:59:22 - Raw inbox note ready for processing detected. Invoking scan-inbox...
/Users/lorenzo/Documents/GitHub/loackyPKM/99 - Meta/Scripts/brain_ingest.py:2: SyntaxWarning: invalid escape sequence '\ '
  """brain_ingest.py - Unified Second Brain Ingestion & GTD Intake Engine.
Processed 0 raw notes in Inbox.
2026-08-25 18:59:28 - Raw inbox note ready for processing detected. Invoking scan-inbox...
/Users/lorenzo/Documents/GitHub/loackyPKM/99 - Meta/Scripts/brain_ingest.py:2: SyntaxWarning: invalid escape sequence '\ '
  """brain_ingest.py - Unified Second Brain Ingestion & GTD Intake Engine.
Processed 0 raw notes in Inbox.
2026-08-25 18:59:33 - Raw inbox note ready for processing detected. Invoking scan-inbox...
/Users/lorenzo/Documents/GitHub/loackyPKM/99 - Meta/Scripts/brain_ingest.py:2: SyntaxWarning: invalid escape sequence '\ '
  """brain_ingest.py - Unified Second Brain Ingestion & GTD Intake Engine.
Processed 0 raw notes in Inbox.
2026-08-25 18:59:38 - Raw inbox note ready for processing detected. Invoking scan-inbox...
/Users/lorenzo/Documents/GitHub/loackyPKM/99 - Meta/Scripts/brain_ingest.py:2: SyntaxWarning: invalid escape sequence '\ '
  """brain_ingest.py - Unified Second Brain Ingestion & GTD Intake Engine.
Processed 0 raw notes in Inbox.
2026-08-25 18:59:43 - Raw inbox note ready for processing detected. Invoking scan-inbox...
/Users/lorenzo/Documents/GitHub/loackyPKM/99 - Meta/Scripts/brain_ingest.py:2: SyntaxWarning: invalid escape sequence '\ '
  """brain_ingest.py - Unified Second Brain Ingestion & GTD Intake Engine.
Processed 0 raw notes in Inbox.
2026-08-25 18:59:49 - Raw inbox note ready for processing detected. Invoking scan-inbox...
/Users/lorenzo/Documents/GitHub/loackyPKM/99 - Meta/Scripts/brain_ingest.py:2: SyntaxWarning: invalid escape sequence '\ '
  """brain_ingest.py - Unified Second Brain Ingestion & GTD Intake Engine.
Processed 0 raw notes in Inbox.
2026-08-25 18:59:54 - Raw inbox note ready for processing detected. Invoking scan-inbox...
/Users/lorenzo/Documents/GitHub/loackyPKM/99 - Meta/Scripts/brain_ingest.py:2: SyntaxWarning: invalid escape sequence '\ '
  """brain_ingest.py - Unified Second Brain Ingestion & GTD Intake Engine.
Processed 0 raw notes in Inbox.
2026-08-25 18:59:59 - Raw inbox note ready for processing detected. Invoking scan-inbox...
/Users/lorenzo/Documents/GitHub/loackyPKM/99 - Meta/Scripts/brain_ingest.py:2: SyntaxWarning: invalid escape sequence '\ '
  """brain_ingest.py - Unified Second Brain Ingestion & GTD Intake Engine.
Processed 0 raw notes in Inbox.
2026-08-25 19:00:05 - Raw inbox note ready for processing detected. Invoking scan-inbox...
/Users/lorenzo/Documents/GitHub/loackyPKM/99 - Meta/Scripts/brain_ingest.py:2: SyntaxWarning: invalid escape sequence '\ '
  """brain_ingest.py - Unified Second Brain Ingestion & GTD Intake Engine.
Processed 0 raw notes in Inbox.
2026-08-25 19:00:10 - Raw inbox note ready for processing detected. Invoking scan-inbox...
/Users/lorenzo/Documents/GitHub/loackyPKM/99 - Meta/Scripts/brain_ingest.py:2: SyntaxWarning: invalid escape sequence '\ '
  """brain_ingest.py - Unified Second Brain Ingestion & GTD Intake Engine.
Processed 0 raw notes in Inbox.
2026-08-25 19:00:15 - Raw inbox note ready for processing detected. Invoking scan-inbox...
/Users/lorenzo/Documents/GitHub/loackyPKM/99 - Meta/Scripts/brain_ingest.py:2: SyntaxWarning: invalid escape sequence '\ '
  """brain_ingest.py - Unified Second Brain Ingestion & GTD Intake Engine.
Processed 0 raw notes in Inbox.
2026-08-25 19:00:21 - Raw inbox note ready for processing detected. Invoking scan-inbox...
/Users/lorenzo/Documents/GitHub/loackyPKM/99 - Meta/Scripts/brain_ingest.py:2: SyntaxWarning: invalid escape sequence '\ '
  """brain_ingest.py - Unified Second Brain Ingestion & GTD Intake Engine.
Processed 0 raw notes in Inbox.
2026-08-25 19:00:26 - Raw inbox note ready for processing detected. Invoking scan-inbox...
/Users/lorenzo/Documents/GitHub/loackyPKM/99 - Meta/Scripts/brain_ingest.py:2: SyntaxWarning: invalid escape sequence '\ '
  """brain_ingest.py - Unified Second Brain Ingestion & GTD Intake Engine.
Processed 0 raw notes in Inbox.
2026-08-25 19:00:31 - Raw inbox note ready for processing detected. Invoking scan-inbox...
/Users/lorenzo/Documents/GitHub/loackyPKM/99 - Meta/Scripts/brain_ingest.py:2: SyntaxWarning: invalid escape sequence '\ '
  """brain_ingest.py - Unified Second Brain Ingestion & GTD Intake Engine.
Processed 0 raw notes in Inbox.
2026-08-25 19:00:36 - Raw inbox note ready for processing detected. Invoking scan-inbox...
/Users/lorenzo/Documents/GitHub/loackyPKM/99 - Meta/Scripts/brain_ingest.py:2: SyntaxWarning: invalid escape sequence '\ '
  """brain_ingest.py - Unified Second Brain Ingestion & GTD Intake Engine.
Processed 0 raw notes in Inbox.
2026-08-25 19:00:42 - Raw inbox note ready for processing detected. Invoking scan-inbox...
/Users/lorenzo/Documents/GitHub/loackyPKM/99 - Meta/Scripts/brain_ingest.py:2: SyntaxWarning: invalid escape sequence '\ '
  """brain_ingest.py - Unified Second Brain Ingestion & GTD Intake Engine.
Processed 0 raw notes in Inbox.
2026-08-25 19:00:47 - Raw inbox note ready for processing detected. Invoking scan-inbox...
/Users/lorenzo/Documents/GitHub/loackyPKM/99 - Meta/Scripts/brain_ingest.py:2: SyntaxWarning: invalid escape sequence '\ '
  """brain_ingest.py - Unified Second Brain Ingestion & GTD Intake Engine.
Processed 0 raw notes in Inbox.
2026-08-25 19:00:52 - Raw inbox note ready for processing detected. Invoking scan-inbox...
/Users/lorenzo/Documents/GitHub/loackyPKM/99 - Meta/Scripts/brain_ingest.py:2: SyntaxWarning: invalid escape sequence '\ '
  """brain_ingest.py - Unified Second Brain Ingestion & GTD Intake Engine.
Processed 0 raw notes in Inbox.
2026-08-25 19:00:57 - Raw inbox note ready for processing detected. Invoking scan-inbox...
/Users/lorenzo/Documents/GitHub/loackyPKM/99 - Meta/Scripts/brain_ingest.py:2: SyntaxWarning: invalid escape sequence '\ '
  """brain_ingest.py - Unified Second Brain Ingestion & GTD Intake Engine.
Processed 0 raw notes in Inbox.
2026-08-25 19:01:03 - Raw inbox note ready for processing detected. Invoking scan-inbox...
/Users/lorenzo/Documents/GitHub/loackyPKM/99 - Meta/Scripts/brain_ingest.py:2: SyntaxWarning: invalid escape sequence '\ '
  """brain_ingest.py - Unified Second Brain Ingestion & GTD Intake Engine.
Processed 0 raw notes in Inbox.
2026-08-25 19:01:08 - Raw inbox note ready for processing detected. Invoking scan-inbox...
/Users/lorenzo/Documents/GitHub/loackyPKM/99 - Meta/Scripts/brain_ingest.py:2: SyntaxWarning: invalid escape sequence '\ '
  """brain_ingest.py - Unified Second Brain Ingestion & GTD Intake Engine.
Processed 0 raw notes in Inbox.
2026-08-25 19:01:13 - Raw inbox note ready for processing detected. Invoking scan-inbox...
/Users/lorenzo/Documents/GitHub/loackyPKM/99 - Meta/Scripts/brain_ingest.py:2: SyntaxWarning: invalid escape sequence '\ '
  """brain_ingest.py - Unified Second Brain Ingestion & GTD Intake Engine.
Processed 0 raw notes in Inbox.
2026-08-25 19:01:19 - Raw inbox note ready for processing detected. Invoking scan-inbox...
/Users/lorenzo/Documents/GitHub/loackyPKM/99 - Meta/Scripts/brain_ingest.py:2: SyntaxWarning: invalid escape sequence '\ '
  """brain_ingest.py - Unified Second Brain Ingestion & GTD Intake Engine.
Processed 0 raw notes in Inbox.
2026-08-25 19:01:24 - Raw inbox note ready for processing detected. Invoking scan-inbox...
/Users/lorenzo/Documents/GitHub/loackyPKM/99 - Meta/Scripts/brain_ingest.py:2: SyntaxWarning: invalid escape sequence '\ '
  """brain_ingest.py - Unified Second Brain Ingestion & GTD Intake Engine.
Processed 0 raw notes in Inbox.
2026-08-25 19:01:29 - Raw inbox note ready for processing detected. Invoking scan-inbox...
/Users/lorenzo/Documents/GitHub/loackyPKM/99 - Meta/Scripts/brain_ingest.py:2: SyntaxWarning: invalid escape sequence '\ '
  """brain_ingest.py - Unified Second Brain Ingestion & GTD Intake Engine.
Processed 0 raw notes in Inbox.
2026-08-25 19:01:34 - Raw inbox note ready for processing detected. Invoking scan-inbox...
/Users/lorenzo/Documents/GitHub/loackyPKM/99 - Meta/Scripts/brain_ingest.py:2: SyntaxWarning: invalid escape sequence '\ '
  """brain_ingest.py - Unified Second Brain Ingestion & GTD Intake Engine.
Processed 0 raw notes in Inbox.
2026-08-25 19:01:40 - Raw inbox note ready for processing detected. Invoking scan-inbox...
/Users/lorenzo/Documents/GitHub/loackyPKM/99 - Meta/Scripts/brain_ingest.py:2: SyntaxWarning: invalid escape sequence '\ '
  """brain_ingest.py - Unified Second Brain Ingestion & GTD Intake Engine.
Processed 0 raw notes in Inbox.
2026-08-25 19:01:45 - Raw inbox note ready for processing detected. Invoking scan-inbox...
/Users/lorenzo/Documents/GitHub/loackyPKM/99 - Meta/Scripts/brain_ingest.py:2: SyntaxWarning: invalid escape sequence '\ '
  """brain_ingest.py - Unified Second Brain Ingestion & GTD Intake Engine.
Processed 0 raw notes in Inbox.
2026-08-25 19:01:50 - Raw inbox note ready for processing detected. Invoking scan-inbox...
/Users/lorenzo/Documents/GitHub/loackyPKM/99 - Meta/Scripts/brain_ingest.py:2: SyntaxWarning: invalid escape sequence '\ '
  """brain_ingest.py - Unified Second Brain Ingestion & GTD Intake Engine.
Processed 0 raw notes in Inbox.
2026-08-25 19:01:56 - Raw inbox note ready for processing detected. Invoking scan-inbox...
/Users/lorenzo/Documents/GitHub/loackyPKM/99 - Meta/Scripts/brain_ingest.py:2: SyntaxWarning: invalid escape sequence '\ '
  """brain_ingest.py - Unified Second Brain Ingestion & GTD Intake Engine.
Processed 0 raw notes in Inbox.
2026-08-25 19:02:01 - Raw inbox note ready for processing detected. Invoking scan-inbox...
/Users/lorenzo/Documents/GitHub/loackyPKM/99 - Meta/Scripts/brain_ingest.py:2: SyntaxWarning: invalid escape sequence '\ '
  """brain_ingest.py - Unified Second Brain Ingestion & GTD Intake Engine.
Processed 0 raw notes in Inbox.
2026-08-25 19:02:06 - Raw inbox note ready for processing detected. Invoking scan-inbox...
/Users/lorenzo/Documents/GitHub/loackyPKM/99 - Meta/Scripts/brain_ingest.py:2: SyntaxWarning: invalid escape sequence '\ '
  """brain_ingest.py - Unified Second Brain Ingestion & GTD Intake Engine.
Processed 0 raw notes in Inbox.
2026-08-25 19:02:11 - Raw inbox note ready for processing detected. Invoking scan-inbox...
/Users/lorenzo/Documents/GitHub/loackyPKM/99 - Meta/Scripts/brain_ingest.py:2: SyntaxWarning: invalid escape sequence '\ '
  """brain_ingest.py - Unified Second Brain Ingestion & GTD Intake Engine.
Processed 0 raw notes in Inbox.
2026-08-25 19:02:17 - Raw inbox note ready for processing detected. Invoking scan-inbox...
/Users/lorenzo/Documents/GitHub/loackyPKM/99 - Meta/Scripts/brain_ingest.py:2: SyntaxWarning: invalid escape sequence '\ '
  """brain_ingest.py - Unified Second Brain Ingestion & GTD Intake Engine.
Processed 0 raw notes in Inbox.
2026-08-25 19:02:22 - Raw inbox note ready for processing detected. Invoking scan-inbox...
/Users/lorenzo/Documents/GitHub/loackyPKM/99 - Meta/Scripts/brain_ingest.py:2: SyntaxWarning: invalid escape sequence '\ '
  """brain_ingest.py - Unified Second Brain Ingestion & GTD Intake Engine.
Processed 0 raw notes in Inbox.
2026-08-25 19:02:27 - Raw inbox note ready for processing detected. Invoking scan-inbox...
/Users/lorenzo/Documents/GitHub/loackyPKM/99 - Meta/Scripts/brain_ingest.py:2: SyntaxWarning: invalid escape sequence '\ '
  """brain_ingest.py - Unified Second Brain Ingestion & GTD Intake Engine.
Processed 0 raw notes in Inbox.
2026-08-25 19:02:33 - Raw inbox note ready for processing detected. Invoking scan-inbox...
/Users/lorenzo/Documents/GitHub/loackyPKM/99 - Meta/Scripts/brain_ingest.py:2: SyntaxWarning: invalid escape sequence '\ '
  """brain_ingest.py - Unified Second Brain Ingestion & GTD Intake Engine.
Processed 0 raw notes in Inbox.
2026-08-25 19:02:38 - Raw inbox note ready for processing detected. Invoking scan-inbox...
/Users/lorenzo/Documents/GitHub/loackyPKM/99 - Meta/Scripts/brain_ingest.py:2: SyntaxWarning: invalid escape sequence '\ '
  """brain_ingest.py - Unified Second Brain Ingestion & GTD Intake Engine.
Processed 0 raw notes in Inbox.
2026-08-25 19:02:43 - Raw inbox note ready for processing detected. Invoking scan-inbox...
/Users/lorenzo/Documents/GitHub/loackyPKM/99 - Meta/Scripts/brain_ingest.py:2: SyntaxWarning: invalid escape sequence '\ '
  """brain_ingest.py - Unified Second Brain Ingestion & GTD Intake Engine.
Processed 0 raw notes in Inbox.
2026-08-25 19:02:48 - Raw inbox note ready for processing detected. Invoking scan-inbox...
/Users/lorenzo/Documents/GitHub/loackyPKM/99 - Meta/Scripts/brain_ingest.py:2: SyntaxWarning: invalid escape sequence '\ '
  """brain_ingest.py - Unified Second Brain Ingestion & GTD Intake Engine.
Processed 0 raw notes in Inbox.
2026-08-25 19:02:54 - Raw inbox note ready for processing detected. Invoking scan-inbox...
/Users/lorenzo/Documents/GitHub/loackyPKM/99 - Meta/Scripts/brain_ingest.py:2: SyntaxWarning: invalid escape sequence '\ '
  """brain_ingest.py - Unified Second Brain Ingestion & GTD Intake Engine.
Processed 0 raw notes in Inbox.
2026-08-25 19:02:59 - Raw inbox note ready for processing detected. Invoking scan-inbox...
/Users/lorenzo/Documents/GitHub/loackyPKM/99 - Meta/Scripts/brain_ingest.py:2: SyntaxWarning: invalid escape sequence '\ '
  """brain_ingest.py - Unified Second Brain Ingestion & GTD Intake Engine.
Processed 0 raw notes in Inbox.
2026-08-25 19:03:04 - Raw inbox note ready for processing detected. Invoking scan-inbox...
/Users/lorenzo/Documents/GitHub/loackyPKM/99 - Meta/Scripts/brain_ingest.py:2: SyntaxWarning: invalid escape sequence '\ '
  """brain_ingest.py - Unified Second Brain Ingestion & GTD Intake Engine.
Processed 0 raw notes in Inbox.
2026-08-25 19:03:10 - Raw inbox note ready for processing detected. Invoking scan-inbox...
/Users/lorenzo/Documents/GitHub/loackyPKM/99 - Meta/Scripts/brain_ingest.py:2: SyntaxWarning: invalid escape sequence '\ '
  """brain_ingest.py - Unified Second Brain Ingestion & GTD Intake Engine.
Processed 0 raw notes in Inbox.
2026-08-25 19:03:15 - Raw inbox note ready for processing detected. Invoking scan-inbox...
/Users/lorenzo/Documents/GitHub/loackyPKM/99 - Meta/Scripts/brain_ingest.py:2: SyntaxWarning: invalid escape sequence '\ '
  """brain_ingest.py - Unified Second Brain Ingestion & GTD Intake Engine.
Processed 0 raw notes in Inbox.
2026-08-25 19:03:20 - Raw inbox note ready for processing detected. Invoking scan-inbox...
/Users/lorenzo/Documents/GitHub/loackyPKM/99 - Meta/Scripts/brain_ingest.py:2: SyntaxWarning: invalid escape sequence '\ '
  """brain_ingest.py - Unified Second Brain Ingestion & GTD Intake Engine.
Processed 0 raw notes in Inbox.
2026-08-25 19:03:25 - Raw inbox note ready for processing detected. Invoking scan-inbox...
/Users/lorenzo/Documents/GitHub/loackyPKM/99 - Meta/Scripts/brain_ingest.py:2: SyntaxWarning: invalid escape sequence '\ '
  """brain_ingest.py - Unified Second Brain Ingestion & GTD Intake Engine.
Processed 0 raw notes in Inbox.
2026-08-25 19:03:31 - Raw inbox note ready for processing detected. Invoking scan-inbox...
/Users/lorenzo/Documents/GitHub/loackyPKM/99 - Meta/Scripts/brain_ingest.py:2: SyntaxWarning: invalid escape sequence '\ '
  """brain_ingest.py - Unified Second Brain Ingestion & GTD Intake Engine.
Processed 0 raw notes in Inbox.
2026-08-25 19:03:36 - Raw inbox note ready for processing detected. Invoking scan-inbox...
/Users/lorenzo/Documents/GitHub/loackyPKM/99 - Meta/Scripts/brain_ingest.py:2: SyntaxWarning: invalid escape sequence '\ '
  """brain_ingest.py - Unified Second Brain Ingestion & GTD Intake Engine.
Processed 0 raw notes in Inbox.
2026-08-25 19:03:41 - Raw inbox note ready for processing detected. Invoking scan-inbox...
/Users/lorenzo/Documents/GitHub/loackyPKM/99 - Meta/Scripts/brain_ingest.py:2: SyntaxWarning: invalid escape sequence '\ '
  """brain_ingest.py - Unified Second Brain Ingestion & GTD Intake Engine.
Processed 0 raw notes in Inbox.
2026-08-25 19:03:47 - Raw inbox note ready for processing detected. Invoking scan-inbox...
/Users/lorenzo/Documents/GitHub/loackyPKM/99 - Meta/Scripts/brain_ingest.py:2: SyntaxWarning: invalid escape sequence '\ '
  """brain_ingest.py - Unified Second Brain Ingestion & GTD Intake Engine.
Processed 0 raw notes in Inbox.
2026-08-25 19:03:52 - Raw inbox note ready for processing detected. Invoking scan-inbox...
/Users/lorenzo/Documents/GitHub/loackyPKM/99 - Meta/Scripts/brain_ingest.py:2: SyntaxWarning: invalid escape sequence '\ '
  """brain_ingest.py - Unified Second Brain Ingestion & GTD Intake Engine.
Processed 0 raw notes in Inbox.
2026-08-25 19:03:57 - Raw inbox note ready for processing detected. Invoking scan-inbox...
/Users/lorenzo/Documents/GitHub/loackyPKM/99 - Meta/Scripts/brain_ingest.py:2: SyntaxWarning: invalid escape sequence '\ '
  """brain_ingest.py - Unified Second Brain Ingestion & GTD Intake Engine.
Processed 0 raw notes in Inbox.
2026-08-25 19:04:02 - Raw inbox note ready for processing detected. Invoking scan-inbox...
/Users/lorenzo/Documents/GitHub/loackyPKM/99 - Meta/Scripts/brain_ingest.py:2: SyntaxWarning: invalid escape sequence '\ '
  """brain_ingest.py - Unified Second Brain Ingestion & GTD Intake Engine.
Processed 0 raw notes in Inbox.
2026-08-25 19:04:08 - Raw inbox note ready for processing detected. Invoking scan-inbox...
/Users/lorenzo/Documents/GitHub/loackyPKM/99 - Meta/Scripts/brain_ingest.py:2: SyntaxWarning: invalid escape sequence '\ '
  """brain_ingest.py - Unified Second Brain Ingestion & GTD Intake Engine.
Processed 0 raw notes in Inbox.
2026-08-25 19:04:13 - Raw inbox note ready for processing detected. Invoking scan-inbox...
/Users/lorenzo/Documents/GitHub/loackyPKM/99 - Meta/Scripts/brain_ingest.py:2: SyntaxWarning: invalid escape sequence '\ '
  """brain_ingest.py - Unified Second Brain Ingestion & GTD Intake Engine.
Processed 0 raw notes in Inbox.
2026-08-25 19:04:18 - Raw inbox note ready for processing detected. Invoking scan-inbox...
/Users/lorenzo/Documents/GitHub/loackyPKM/99 - Meta/Scripts/brain_ingest.py:2: SyntaxWarning: invalid escape sequence '\ '
  """brain_ingest.py - Unified Second Brain Ingestion & GTD Intake Engine.
Processed 0 raw notes in Inbox.
2026-08-25 19:04:23 - Raw inbox note ready for processing detected. Invoking scan-inbox...
/Users/lorenzo/Documents/GitHub/loackyPKM/99 - Meta/Scripts/brain_ingest.py:2: SyntaxWarning: invalid escape sequence '\ '
  """brain_ingest.py - Unified Second Brain Ingestion & GTD Intake Engine.
Processed 0 raw notes in Inbox.
2026-08-25 19:04:29 - Raw inbox note ready for processing detected. Invoking scan-inbox...
/Users/lorenzo/Documents/GitHub/loackyPKM/99 - Meta/Scripts/brain_ingest.py:2: SyntaxWarning: invalid escape sequence '\ '
  """brain_ingest.py - Unified Second Brain Ingestion & GTD Intake Engine.
Processed 0 raw notes in Inbox.
2026-08-25 19:04:34 - Raw inbox note ready for processing detected. Invoking scan-inbox...
/Users/lorenzo/Documents/GitHub/loackyPKM/99 - Meta/Scripts/brain_ingest.py:2: SyntaxWarning: invalid escape sequence '\ '
  """brain_ingest.py - Unified Second Brain Ingestion & GTD Intake Engine.
Processed 0 raw notes in Inbox.
2026-08-25 19:04:39 - Raw inbox note ready for processing detected. Invoking scan-inbox...
/Users/lorenzo/Documents/GitHub/loackyPKM/99 - Meta/Scripts/brain_ingest.py:2: SyntaxWarning: invalid escape sequence '\ '
  """brain_ingest.py - Unified Second Brain Ingestion & GTD Intake Engine.
Processed 0 raw notes in Inbox.
2026-08-25 19:04:45 - Raw inbox note ready for processing detected. Invoking scan-inbox...
/Users/lorenzo/Documents/GitHub/loackyPKM/99 - Meta/Scripts/brain_ingest.py:2: SyntaxWarning: invalid escape sequence '\ '
  """brain_ingest.py - Unified Second Brain Ingestion & GTD Intake Engine.
Processed 0 raw notes in Inbox.
2026-08-25 19:04:50 - Raw inbox note ready for processing detected. Invoking scan-inbox...
/Users/lorenzo/Documents/GitHub/loackyPKM/99 - Meta/Scripts/brain_ingest.py:2: SyntaxWarning: invalid escape sequence '\ '
  """brain_ingest.py - Unified Second Brain Ingestion & GTD Intake Engine.
Processed 0 raw notes in Inbox.
2026-08-25 19:04:55 - Raw inbox note ready for processing detected. Invoking scan-inbox...
/Users/lorenzo/Documents/GitHub/loackyPKM/99 - Meta/Scripts/brain_ingest.py:2: SyntaxWarning: invalid escape sequence '\ '
  """brain_ingest.py - Unified Second Brain Ingestion & GTD Intake Engine.
Processed 0 raw notes in Inbox.
2026-08-25 19:05:00 - Raw inbox note ready for processing detected. Invoking scan-inbox...
/Users/lorenzo/Documents/GitHub/loackyPKM/99 - Meta/Scripts/brain_ingest.py:2: SyntaxWarning: invalid escape sequence '\ '
  """brain_ingest.py - Unified Second Brain Ingestion & GTD Intake Engine.
Processed 0 raw notes in Inbox.
2026-08-25 19:05:06 - Raw inbox note ready for processing detected. Invoking scan-inbox...
/Users/lorenzo/Documents/GitHub/loackyPKM/99 - Meta/Scripts/brain_ingest.py:2: SyntaxWarning: invalid escape sequence '\ '
  """brain_ingest.py - Unified Second Brain Ingestion & GTD Intake Engine.
Processed 0 raw notes in Inbox.
2026-08-25 19:05:11 - Raw inbox note ready for processing detected. Invoking scan-inbox...
/Users/lorenzo/Documents/GitHub/loackyPKM/99 - Meta/Scripts/brain_ingest.py:2: SyntaxWarning: invalid escape sequence '\ '
  """brain_ingest.py - Unified Second Brain Ingestion & GTD Intake Engine.
Processed 0 raw notes in Inbox.
2026-08-25 19:05:16 - Raw inbox note ready for processing detected. Invoking scan-inbox...
/Users/lorenzo/Documents/GitHub/loackyPKM/99 - Meta/Scripts/brain_ingest.py:2: SyntaxWarning: invalid escape sequence '\ '
  """brain_ingest.py - Unified Second Brain Ingestion & GTD Intake Engine.
Processed 0 raw notes in Inbox.
2026-08-25 19:05:21 - Raw inbox note ready for processing detected. Invoking scan-inbox...
/Users/lorenzo/Documents/GitHub/loackyPKM/99 - Meta/Scripts/brain_ingest.py:2: SyntaxWarning: invalid escape sequence '\ '
  """brain_ingest.py - Unified Second Brain Ingestion & GTD Intake Engine.
Processed 0 raw notes in Inbox.
2026-08-25 19:05:27 - Raw inbox note ready for processing detected. Invoking scan-inbox...
/Users/lorenzo/Documents/GitHub/loackyPKM/99 - Meta/Scripts/brain_ingest.py:2: SyntaxWarning: invalid escape sequence '\ '
  """brain_ingest.py - Unified Second Brain Ingestion & GTD Intake Engine.
Processed 0 raw notes in Inbox.
2026-08-25 19:05:32 - Raw inbox note ready for processing detected. Invoking scan-inbox...
/Users/lorenzo/Documents/GitHub/loackyPKM/99 - Meta/Scripts/brain_ingest.py:2: SyntaxWarning: invalid escape sequence '\ '
  """brain_ingest.py - Unified Second Brain Ingestion & GTD Intake Engine.
Processed 0 raw notes in Inbox.
2026-08-25 19:05:37 - Raw inbox note ready for processing detected. Invoking scan-inbox...
/Users/lorenzo/Documents/GitHub/loackyPKM/99 - Meta/Scripts/brain_ingest.py:2: SyntaxWarning: invalid escape sequence '\ '
  """brain_ingest.py - Unified Second Brain Ingestion & GTD Intake Engine.
Processed 0 raw notes in Inbox.
2026-08-25 19:05:43 - Raw inbox note ready for processing detected. Invoking scan-inbox...
/Users/lorenzo/Documents/GitHub/loackyPKM/99 - Meta/Scripts/brain_ingest.py:2: SyntaxWarning: invalid escape sequence '\ '
  """brain_ingest.py - Unified Second Brain Ingestion & GTD Intake Engine.
Processed 0 raw notes in Inbox.
2026-08-25 19:05:48 - Raw inbox note ready for processing detected. Invoking scan-inbox...
/Users/lorenzo/Documents/GitHub/loackyPKM/99 - Meta/Scripts/brain_ingest.py:2: SyntaxWarning: invalid escape sequence '\ '
  """brain_ingest.py - Unified Second Brain Ingestion & GTD Intake Engine.
Processed 0 raw notes in Inbox.
2026-08-25 19:05:53 - Raw inbox note ready for processing detected. Invoking scan-inbox...
/Users/lorenzo/Documents/GitHub/loackyPKM/99 - Meta/Scripts/brain_ingest.py:2: SyntaxWarning: invalid escape sequence '\ '
  """brain_ingest.py - Unified Second Brain Ingestion & GTD Intake Engine.
Processed 0 raw notes in Inbox.
2026-08-25 19:05:59 - Raw inbox note ready for processing detected. Invoking scan-inbox...
/Users/lorenzo/Documents/GitHub/loackyPKM/99 - Meta/Scripts/brain_ingest.py:2: SyntaxWarning: invalid escape sequence '\ '
  """brain_ingest.py - Unified Second Brain Ingestion & GTD Intake Engine.
Processed 0 raw notes in Inbox.
2026-08-25 19:06:04 - Raw inbox note ready for processing detected. Invoking scan-inbox...
/Users/lorenzo/Documents/GitHub/loackyPKM/99 - Meta/Scripts/brain_ingest.py:2: SyntaxWarning: invalid escape sequence '\ '
  """brain_ingest.py - Unified Second Brain Ingestion & GTD Intake Engine.
Processed 0 raw notes in Inbox.
2026-08-25 19:06:09 - Raw inbox note ready for processing detected. Invoking scan-inbox...
/Users/lorenzo/Documents/GitHub/loackyPKM/99 - Meta/Scripts/brain_ingest.py:2: SyntaxWarning: invalid escape sequence '\ '
  """brain_ingest.py - Unified Second Brain Ingestion & GTD Intake Engine.
Processed 0 raw notes in Inbox.
2026-08-25 19:06:15 - Raw inbox note ready for processing detected. Invoking scan-inbox...
/Users/lorenzo/Documents/GitHub/loackyPKM/99 - Meta/Scripts/brain_ingest.py:2: SyntaxWarning: invalid escape sequence '\ '
  """brain_ingest.py - Unified Second Brain Ingestion & GTD Intake Engine.
Processed 0 raw notes in Inbox.
2026-08-25 19:06:20 - Raw inbox note ready for processing detected. Invoking scan-inbox...
/Users/lorenzo/Documents/GitHub/loackyPKM/99 - Meta/Scripts/brain_ingest.py:2: SyntaxWarning: invalid escape sequence '\ '
  """brain_ingest.py - Unified Second Brain Ingestion & GTD Intake Engine.
Processed 0 raw notes in Inbox.
2026-08-25 19:06:25 - Raw inbox note ready for processing detected. Invoking scan-inbox...
/Users/lorenzo/Documents/GitHub/loackyPKM/99 - Meta/Scripts/brain_ingest.py:2: SyntaxWarning: invalid escape sequence '\ '
  """brain_ingest.py - Unified Second Brain Ingestion & GTD Intake Engine.
Processed 0 raw notes in Inbox.
2026-08-25 19:06:30 - Raw inbox note ready for processing detected. Invoking scan-inbox...
/Users/lorenzo/Documents/GitHub/loackyPKM/99 - Meta/Scripts/brain_ingest.py:2: SyntaxWarning: invalid escape sequence '\ '
  """brain_ingest.py - Unified Second Brain Ingestion & GTD Intake Engine.
Processed 0 raw notes in Inbox.
2026-08-25 19:06:36 - Raw inbox note ready for processing detected. Invoking scan-inbox...
/Users/lorenzo/Documents/GitHub/loackyPKM/99 - Meta/Scripts/brain_ingest.py:2: SyntaxWarning: invalid escape sequence '\ '
  """brain_ingest.py - Unified Second Brain Ingestion & GTD Intake Engine.
Processed 0 raw notes in Inbox.
2026-08-25 19:06:41 - Raw inbox note ready for processing detected. Invoking scan-inbox...
/Users/lorenzo/Documents/GitHub/loackyPKM/99 - Meta/Scripts/brain_ingest.py:2: SyntaxWarning: invalid escape sequence '\ '
  """brain_ingest.py - Unified Second Brain Ingestion & GTD Intake Engine.
Processed 0 raw notes in Inbox.
2026-08-25 19:06:46 - Raw inbox note ready for processing detected. Invoking scan-inbox...
/Users/lorenzo/Documents/GitHub/loackyPKM/99 - Meta/Scripts/brain_ingest.py:2: SyntaxWarning: invalid escape sequence '\ '
  """brain_ingest.py - Unified Second Brain Ingestion & GTD Intake Engine.
Processed 0 raw notes in Inbox.
2026-08-25 19:06:52 - Raw inbox note ready for processing detected. Invoking scan-inbox...
/Users/lorenzo/Documents/GitHub/loackyPKM/99 - Meta/Scripts/brain_ingest.py:2: SyntaxWarning: invalid escape sequence '\ '
  """brain_ingest.py - Unified Second Brain Ingestion & GTD Intake Engine.
Processed 0 raw notes in Inbox.
2026-08-25 19:14:40 - Raw inbox note ready for processing detected. Invoking scan-inbox...
/Users/lorenzo/Documents/GitHub/loackyPKM/99 - Meta/Scripts/brain_ingest.py:2: SyntaxWarning: invalid escape sequence '\ '
  """brain_ingest.py - Unified Second Brain Ingestion & GTD Intake Engine.
Processed 0 raw notes in Inbox.
2026-08-25 19:14:46 - Raw inbox note ready for processing detected. Invoking scan-inbox...
/Users/lorenzo/Documents/GitHub/loackyPKM/99 - Meta/Scripts/brain_ingest.py:2: SyntaxWarning: invalid escape sequence '\ '
  """brain_ingest.py - Unified Second Brain Ingestion & GTD Intake Engine.
Processed 0 raw notes in Inbox.
2026-08-25 19:14:51 - Raw inbox note ready for processing detected. Invoking scan-inbox...
/Users/lorenzo/Documents/GitHub/loackyPKM/99 - Meta/Scripts/brain_ingest.py:2: SyntaxWarning: invalid escape sequence '\ '
  """brain_ingest.py - Unified Second Brain Ingestion & GTD Intake Engine.
Processed 0 raw notes in Inbox.
2026-08-25 19:14:56 - Raw inbox note ready for processing detected. Invoking scan-inbox...
/Users/lorenzo/Documents/GitHub/loackyPKM/99 - Meta/Scripts/brain_ingest.py:2: SyntaxWarning: invalid escape sequence '\ '
  """brain_ingest.py - Unified Second Brain Ingestion & GTD Intake Engine.
Processed 0 raw notes in Inbox.
2026-08-25 19:15:01 - Raw inbox note ready for processing detected. Invoking scan-inbox...
/Users/lorenzo/Documents/GitHub/loackyPKM/99 - Meta/Scripts/brain_ingest.py:2: SyntaxWarning: invalid escape sequence '\ '
  """brain_ingest.py - Unified Second Brain Ingestion & GTD Intake Engine.
Processed 0 raw notes in Inbox.
2026-08-25 19:15:07 - Raw inbox note ready for processing detected. Invoking scan-inbox...
/Users/lorenzo/Documents/GitHub/loackyPKM/99 - Meta/Scripts/brain_ingest.py:2: SyntaxWarning: invalid escape sequence '\ '
  """brain_ingest.py - Unified Second Brain Ingestion & GTD Intake Engine.
Processed 0 raw notes in Inbox.
2026-08-25 19:15:12 - Raw inbox note ready for processing detected. Invoking scan-inbox...
/Users/lorenzo/Documents/GitHub/loackyPKM/99 - Meta/Scripts/brain_ingest.py:2: SyntaxWarning: invalid escape sequence '\ '
  """brain_ingest.py - Unified Second Brain Ingestion & GTD Intake Engine.
Processed 0 raw notes in Inbox.
2026-08-25 19:15:17 - Raw inbox note ready for processing detected. Invoking scan-inbox...
/Users/lorenzo/Documents/GitHub/loackyPKM/99 - Meta/Scripts/brain_ingest.py:2: SyntaxWarning: invalid escape sequence '\ '
  """brain_ingest.py - Unified Second Brain Ingestion & GTD Intake Engine.
Processed 0 raw notes in Inbox.
2026-08-25 19:15:23 - Raw inbox note ready for processing detected. Invoking scan-inbox...
/Users/lorenzo/Documents/GitHub/loackyPKM/99 - Meta/Scripts/brain_ingest.py:2: SyntaxWarning: invalid escape sequence '\ '
  """brain_ingest.py - Unified Second Brain Ingestion & GTD Intake Engine.
Processed 0 raw notes in Inbox.
2026-08-25 19:15:28 - Raw inbox note ready for processing detected. Invoking scan-inbox...
/Users/lorenzo/Documents/GitHub/loackyPKM/99 - Meta/Scripts/brain_ingest.py:2: SyntaxWarning: invalid escape sequence '\ '
  """brain_ingest.py - Unified Second Brain Ingestion & GTD Intake Engine.
Processed 0 raw notes in Inbox.
2026-08-25 19:15:33 - Raw inbox note ready for processing detected. Invoking scan-inbox...
/Users/lorenzo/Documents/GitHub/loackyPKM/99 - Meta/Scripts/brain_ingest.py:2: SyntaxWarning: invalid escape sequence '\ '
  """brain_ingest.py - Unified Second Brain Ingestion & GTD Intake Engine.
Processed 0 raw notes in Inbox.
2026-08-25 19:15:38 - Raw inbox note ready for processing detected. Invoking scan-inbox...
/Users/lorenzo/Documents/GitHub/loackyPKM/99 - Meta/Scripts/brain_ingest.py:2: SyntaxWarning: invalid escape sequence '\ '
  """brain_ingest.py - Unified Second Brain Ingestion & GTD Intake Engine.
Processed 0 raw notes in Inbox.
2026-08-25 19:15:44 - Raw inbox note ready for processing detected. Invoking scan-inbox...
/Users/lorenzo/Documents/GitHub/loackyPKM/99 - Meta/Scripts/brain_ingest.py:2: SyntaxWarning: invalid escape sequence '\ '
  """brain_ingest.py - Unified Second Brain Ingestion & GTD Intake Engine.
Processed 0 raw notes in Inbox.
2026-08-25 19:15:49 - Raw inbox note ready for processing detected. Invoking scan-inbox...
/Users/lorenzo/Documents/GitHub/loackyPKM/99 - Meta/Scripts/brain_ingest.py:2: SyntaxWarning: invalid escape sequence '\ '
  """brain_ingest.py - Unified Second Brain Ingestion & GTD Intake Engine.
Processed 0 raw notes in Inbox.
2026-08-25 19:15:54 - Raw inbox note ready for processing detected. Invoking scan-inbox...
/Users/lorenzo/Documents/GitHub/loackyPKM/99 - Meta/Scripts/brain_ingest.py:2: SyntaxWarning: invalid escape sequence '\ '
  """brain_ingest.py - Unified Second Brain Ingestion & GTD Intake Engine.
Processed 0 raw notes in Inbox.
2026-08-25 19:15:59 - Raw inbox note ready for processing detected. Invoking scan-inbox...
/Users/lorenzo/Documents/GitHub/loackyPKM/99 - Meta/Scripts/brain_ingest.py:2: SyntaxWarning: invalid escape sequence '\ '
  """brain_ingest.py - Unified Second Brain Ingestion & GTD Intake Engine.
Processed 0 raw notes in Inbox.
2026-08-25 19:16:05 - Raw inbox note ready for processing detected. Invoking scan-inbox...
/Users/lorenzo/Documents/GitHub/loackyPKM/99 - Meta/Scripts/brain_ingest.py:2: SyntaxWarning: invalid escape sequence '\ '
  """brain_ingest.py - Unified Second Brain Ingestion & GTD Intake Engine.
Processed 0 raw notes in Inbox.
2026-08-25 19:16:10 - Raw inbox note ready for processing detected. Invoking scan-inbox...
/Users/lorenzo/Documents/GitHub/loackyPKM/99 - Meta/Scripts/brain_ingest.py:2: SyntaxWarning: invalid escape sequence '\ '
  """brain_ingest.py - Unified Second Brain Ingestion & GTD Intake Engine.
Processed 0 raw notes in Inbox.
2026-08-25 19:16:15 - Raw inbox note ready for processing detected. Invoking scan-inbox...
/Users/lorenzo/Documents/GitHub/loackyPKM/99 - Meta/Scripts/brain_ingest.py:2: SyntaxWarning: invalid escape sequence '\ '
  """brain_ingest.py - Unified Second Brain Ingestion & GTD Intake Engine.
Processed 0 raw notes in Inbox.
2026-08-25 19:16:21 - Raw inbox note ready for processing detected. Invoking scan-inbox...
/Users/lorenzo/Documents/GitHub/loackyPKM/99 - Meta/Scripts/brain_ingest.py:2: SyntaxWarning: invalid escape sequence '\ '
  """brain_ingest.py - Unified Second Brain Ingestion & GTD Intake Engine.
Processed 0 raw notes in Inbox.
2026-08-25 19:16:26 - Raw inbox note ready for processing detected. Invoking scan-inbox...
/Users/lorenzo/Documents/GitHub/loackyPKM/99 - Meta/Scripts/brain_ingest.py:2: SyntaxWarning: invalid escape sequence '\ '
  """brain_ingest.py - Unified Second Brain Ingestion & GTD Intake Engine.
Processed 0 raw notes in Inbox.
2026-08-25 19:16:31 - Raw inbox note ready for processing detected. Invoking scan-inbox...
/Users/lorenzo/Documents/GitHub/loackyPKM/99 - Meta/Scripts/brain_ingest.py:2: SyntaxWarning: invalid escape sequence '\ '
  """brain_ingest.py - Unified Second Brain Ingestion & GTD Intake Engine.
Processed 0 raw notes in Inbox.
2026-08-25 19:16:36 - Raw inbox note ready for processing detected. Invoking scan-inbox...
/Users/lorenzo/Documents/GitHub/loackyPKM/99 - Meta/Scripts/brain_ingest.py:2: SyntaxWarning: invalid escape sequence '\ '
  """brain_ingest.py - Unified Second Brain Ingestion & GTD Intake Engine.
Processed 0 raw notes in Inbox.
2026-08-25 19:16:42 - Raw inbox note ready for processing detected. Invoking scan-inbox...
/Users/lorenzo/Documents/GitHub/loackyPKM/99 - Meta/Scripts/brain_ingest.py:2: SyntaxWarning: invalid escape sequence '\ '
  """brain_ingest.py - Unified Second Brain Ingestion & GTD Intake Engine.
Processed 0 raw notes in Inbox.
2026-08-25 19:16:47 - Raw inbox note ready for processing detected. Invoking scan-inbox...
/Users/lorenzo/Documents/GitHub/loackyPKM/99 - Meta/Scripts/brain_ingest.py:2: SyntaxWarning: invalid escape sequence '\ '
  """brain_ingest.py - Unified Second Brain Ingestion & GTD Intake Engine.
Processed 0 raw notes in Inbox.
2026-08-25 19:16:52 - Raw inbox note ready for processing detected. Invoking scan-inbox...
/Users/lorenzo/Documents/GitHub/loackyPKM/99 - Meta/Scripts/brain_ingest.py:2: SyntaxWarning: invalid escape sequence '\ '
  """brain_ingest.py - Unified Second Brain Ingestion & GTD Intake Engine.
Processed 0 raw notes in Inbox.
2026-08-25 19:16:58 - Raw inbox note ready for processing detected. Invoking scan-inbox...
/Users/lorenzo/Documents/GitHub/loackyPKM/99 - Meta/Scripts/brain_ingest.py:2: SyntaxWarning: invalid escape sequence '\ '
  """brain_ingest.py - Unified Second Brain Ingestion & GTD Intake Engine.
Processed 0 raw notes in Inbox.
2026-08-25 19:17:03 - Raw inbox note ready for processing detected. Invoking scan-inbox...
/Users/lorenzo/Documents/GitHub/loackyPKM/99 - Meta/Scripts/brain_ingest.py:2: SyntaxWarning: invalid escape sequence '\ '
  """brain_ingest.py - Unified Second Brain Ingestion & GTD Intake Engine.
Processed 0 raw notes in Inbox.
2026-08-25 19:17:08 - Raw inbox note ready for processing detected. Invoking scan-inbox...
/Users/lorenzo/Documents/GitHub/loackyPKM/99 - Meta/Scripts/brain_ingest.py:2: SyntaxWarning: invalid escape sequence '\ '
  """brain_ingest.py - Unified Second Brain Ingestion & GTD Intake Engine.
Processed 0 raw notes in Inbox.
2026-08-25 19:17:13 - Raw inbox note ready for processing detected. Invoking scan-inbox...
/Users/lorenzo/Documents/GitHub/loackyPKM/99 - Meta/Scripts/brain_ingest.py:2: SyntaxWarning: invalid escape sequence '\ '
  """brain_ingest.py - Unified Second Brain Ingestion & GTD Intake Engine.
Processed 0 raw notes in Inbox.
2026-08-25 19:17:19 - Raw inbox note ready for processing detected. Invoking scan-inbox...
/Users/lorenzo/Documents/GitHub/loackyPKM/99 - Meta/Scripts/brain_ingest.py:2: SyntaxWarning: invalid escape sequence '\ '
  """brain_ingest.py - Unified Second Brain Ingestion & GTD Intake Engine.
Processed 0 raw notes in Inbox.
2026-08-25 19:17:24 - Raw inbox note ready for processing detected. Invoking scan-inbox...
/Users/lorenzo/Documents/GitHub/loackyPKM/99 - Meta/Scripts/brain_ingest.py:2: SyntaxWarning: invalid escape sequence '\ '
  """brain_ingest.py - Unified Second Brain Ingestion & GTD Intake Engine.
Processed 0 raw notes in Inbox.
2026-08-25 19:17:29 - Raw inbox note ready for processing detected. Invoking scan-inbox...
/Users/lorenzo/Documents/GitHub/loackyPKM/99 - Meta/Scripts/brain_ingest.py:2: SyntaxWarning: invalid escape sequence '\ '
  """brain_ingest.py - Unified Second Brain Ingestion & GTD Intake Engine.
Processed 0 raw notes in Inbox.
2026-08-25 19:17:34 - Raw inbox note ready for processing detected. Invoking scan-inbox...
/Users/lorenzo/Documents/GitHub/loackyPKM/99 - Meta/Scripts/brain_ingest.py:2: SyntaxWarning: invalid escape sequence '\ '
  """brain_ingest.py - Unified Second Brain Ingestion & GTD Intake Engine.
Processed 0 raw notes in Inbox.
2026-08-25 19:17:40 - Raw inbox note ready for processing detected. Invoking scan-inbox...
/Users/lorenzo/Documents/GitHub/loackyPKM/99 - Meta/Scripts/brain_ingest.py:2: SyntaxWarning: invalid escape sequence '\ '
  """brain_ingest.py - Unified Second Brain Ingestion & GTD Intake Engine.
Processed 0 raw notes in Inbox.
2026-08-25 19:17:45 - Raw inbox note ready for processing detected. Invoking scan-inbox...
/Users/lorenzo/Documents/GitHub/loackyPKM/99 - Meta/Scripts/brain_ingest.py:2: SyntaxWarning: invalid escape sequence '\ '
  """brain_ingest.py - Unified Second Brain Ingestion & GTD Intake Engine.
Processed 0 raw notes in Inbox.
2026-08-25 19:17:50 - Raw inbox note ready for processing detected. Invoking scan-inbox...
/Users/lorenzo/Documents/GitHub/loackyPKM/99 - Meta/Scripts/brain_ingest.py:2: SyntaxWarning: invalid escape sequence '\ '
  """brain_ingest.py - Unified Second Brain Ingestion & GTD Intake Engine.
Processed 0 raw notes in Inbox.
2026-08-25 19:17:56 - Raw inbox note ready for processing detected. Invoking scan-inbox...
/Users/lorenzo/Documents/GitHub/loackyPKM/99 - Meta/Scripts/brain_ingest.py:2: SyntaxWarning: invalid escape sequence '\ '
  """brain_ingest.py - Unified Second Brain Ingestion & GTD Intake Engine.
Processed 0 raw notes in Inbox.
2026-08-25 19:18:01 - Raw inbox note ready for processing detected. Invoking scan-inbox...
/Users/lorenzo/Documents/GitHub/loackyPKM/99 - Meta/Scripts/brain_ingest.py:2: SyntaxWarning: invalid escape sequence '\ '
  """brain_ingest.py - Unified Second Brain Ingestion & GTD Intake Engine.
Processed 0 raw notes in Inbox.
2026-08-25 19:18:06 - Raw inbox note ready for processing detected. Invoking scan-inbox...
/Users/lorenzo/Documents/GitHub/loackyPKM/99 - Meta/Scripts/brain_ingest.py:2: SyntaxWarning: invalid escape sequence '\ '
  """brain_ingest.py - Unified Second Brain Ingestion & GTD Intake Engine.
Processed 0 raw notes in Inbox.
2026-08-25 19:18:11 - Raw inbox note ready for processing detected. Invoking scan-inbox...
/Users/lorenzo/Documents/GitHub/loackyPKM/99 - Meta/Scripts/brain_ingest.py:2: SyntaxWarning: invalid escape sequence '\ '
  """brain_ingest.py - Unified Second Brain Ingestion & GTD Intake Engine.
Processed 0 raw notes in Inbox.
2026-08-25 19:18:17 - Raw inbox note ready for processing detected. Invoking scan-inbox...
/Users/lorenzo/Documents/GitHub/loackyPKM/99 - Meta/Scripts/brain_ingest.py:2: SyntaxWarning: invalid escape sequence '\ '
  """brain_ingest.py - Unified Second Brain Ingestion & GTD Intake Engine.
Processed 0 raw notes in Inbox.
2026-08-25 19:18:22 - Raw inbox note ready for processing detected. Invoking scan-inbox...
/Users/lorenzo/Documents/GitHub/loackyPKM/99 - Meta/Scripts/brain_ingest.py:2: SyntaxWarning: invalid escape sequence '\ '
  """brain_ingest.py - Unified Second Brain Ingestion & GTD Intake Engine.
Processed 0 raw notes in Inbox.
2026-08-25 19:18:27 - Raw inbox note ready for processing detected. Invoking scan-inbox...
/Users/lorenzo/Documents/GitHub/loackyPKM/99 - Meta/Scripts/brain_ingest.py:2: SyntaxWarning: invalid escape sequence '\ '
  """brain_ingest.py - Unified Second Brain Ingestion & GTD Intake Engine.
Processed 0 raw notes in Inbox.
2026-08-25 19:18:32 - Raw inbox note ready for processing detected. Invoking scan-inbox...
/Users/lorenzo/Documents/GitHub/loackyPKM/99 - Meta/Scripts/brain_ingest.py:2: SyntaxWarning: invalid escape sequence '\ '
  """brain_ingest.py - Unified Second Brain Ingestion & GTD Intake Engine.
Processed 0 raw notes in Inbox.
2026-08-25 19:18:38 - Raw inbox note ready for processing detected. Invoking scan-inbox...
/Users/lorenzo/Documents/GitHub/loackyPKM/99 - Meta/Scripts/brain_ingest.py:2: SyntaxWarning: invalid escape sequence '\ '
  """brain_ingest.py - Unified Second Brain Ingestion & GTD Intake Engine.
Processed 0 raw notes in Inbox.
2026-08-25 19:18:43 - Raw inbox note ready for processing detected. Invoking scan-inbox...
/Users/lorenzo/Documents/GitHub/loackyPKM/99 - Meta/Scripts/brain_ingest.py:2: SyntaxWarning: invalid escape sequence '\ '
  """brain_ingest.py - Unified Second Brain Ingestion & GTD Intake Engine.
Processed 0 raw notes in Inbox.
2026-08-25 19:18:48 - Raw inbox note ready for processing detected. Invoking scan-inbox...
/Users/lorenzo/Documents/GitHub/loackyPKM/99 - Meta/Scripts/brain_ingest.py:2: SyntaxWarning: invalid escape sequence '\ '
  """brain_ingest.py - Unified Second Brain Ingestion & GTD Intake Engine.
Processed 0 raw notes in Inbox.
2026-08-25 19:18:54 - Raw inbox note ready for processing detected. Invoking scan-inbox...
/Users/lorenzo/Documents/GitHub/loackyPKM/99 - Meta/Scripts/brain_ingest.py:2: SyntaxWarning: invalid escape sequence '\ '
  """brain_ingest.py - Unified Second Brain Ingestion & GTD Intake Engine.
Processed 0 raw notes in Inbox.
2026-08-25 19:18:59 - Raw inbox note ready for processing detected. Invoking scan-inbox...
/Users/lorenzo/Documents/GitHub/loackyPKM/99 - Meta/Scripts/brain_ingest.py:2: SyntaxWarning: invalid escape sequence '\ '
  """brain_ingest.py - Unified Second Brain Ingestion & GTD Intake Engine.
Processed 0 raw notes in Inbox.
2026-08-25 19:19:04 - Raw inbox note ready for processing detected. Invoking scan-inbox...
/Users/lorenzo/Documents/GitHub/loackyPKM/99 - Meta/Scripts/brain_ingest.py:2: SyntaxWarning: invalid escape sequence '\ '
  """brain_ingest.py - Unified Second Brain Ingestion & GTD Intake Engine.
Processed 0 raw notes in Inbox.
2026-08-25 19:19:09 - Raw inbox note ready for processing detected. Invoking scan-inbox...
/Users/lorenzo/Documents/GitHub/loackyPKM/99 - Meta/Scripts/brain_ingest.py:2: SyntaxWarning: invalid escape sequence '\ '
  """brain_ingest.py - Unified Second Brain Ingestion & GTD Intake Engine.
Processed 0 raw notes in Inbox.
2026-08-25 19:19:15 - Raw inbox note ready for processing detected. Invoking scan-inbox...
/Users/lorenzo/Documents/GitHub/loackyPKM/99 - Meta/Scripts/brain_ingest.py:2: SyntaxWarning: invalid escape sequence '\ '
  """brain_ingest.py - Unified Second Brain Ingestion & GTD Intake Engine.
Processed 0 raw notes in Inbox.
2026-08-25 19:19:20 - Raw inbox note ready for processing detected. Invoking scan-inbox...
/Users/lorenzo/Documents/GitHub/loackyPKM/99 - Meta/Scripts/brain_ingest.py:2: SyntaxWarning: invalid escape sequence '\ '
  """brain_ingest.py - Unified Second Brain Ingestion & GTD Intake Engine.
Processed 0 raw notes in Inbox.
2026-08-25 19:19:25 - Raw inbox note ready for processing detected. Invoking scan-inbox...
/Users/lorenzo/Documents/GitHub/loackyPKM/99 - Meta/Scripts/brain_ingest.py:2: SyntaxWarning: invalid escape sequence '\ '
  """brain_ingest.py - Unified Second Brain Ingestion & GTD Intake Engine.
Processed 0 raw notes in Inbox.
2026-08-25 19:19:30 - Raw inbox note ready for processing detected. Invoking scan-inbox...
/Users/lorenzo/Documents/GitHub/loackyPKM/99 - Meta/Scripts/brain_ingest.py:2: SyntaxWarning: invalid escape sequence '\ '
  """brain_ingest.py - Unified Second Brain Ingestion & GTD Intake Engine.
Processed 0 raw notes in Inbox.
2026-08-25 19:19:36 - Raw inbox note ready for processing detected. Invoking scan-inbox...
/Users/lorenzo/Documents/GitHub/loackyPKM/99 - Meta/Scripts/brain_ingest.py:2: SyntaxWarning: invalid escape sequence '\ '
  """brain_ingest.py - Unified Second Brain Ingestion & GTD Intake Engine.
Processed 0 raw notes in Inbox.
2026-08-25 19:19:41 - Raw inbox note ready for processing detected. Invoking scan-inbox...
/Users/lorenzo/Documents/GitHub/loackyPKM/99 - Meta/Scripts/brain_ingest.py:2: SyntaxWarning: invalid escape sequence '\ '
  """brain_ingest.py - Unified Second Brain Ingestion & GTD Intake Engine.
Processed 0 raw notes in Inbox.
2026-08-25 19:19:46 - Raw inbox note ready for processing detected. Invoking scan-inbox...
/Users/lorenzo/Documents/GitHub/loackyPKM/99 - Meta/Scripts/brain_ingest.py:2: SyntaxWarning: invalid escape sequence '\ '
  """brain_ingest.py - Unified Second Brain Ingestion & GTD Intake Engine.
Processed 0 raw notes in Inbox.
2026-08-25 19:19:52 - Raw inbox note ready for processing detected. Invoking scan-inbox...
/Users/lorenzo/Documents/GitHub/loackyPKM/99 - Meta/Scripts/brain_ingest.py:2: SyntaxWarning: invalid escape sequence '\ '
  """brain_ingest.py - Unified Second Brain Ingestion & GTD Intake Engine.
Processed 0 raw notes in Inbox.
2026-08-25 19:19:57 - Raw inbox note ready for processing detected. Invoking scan-inbox...
/Users/lorenzo/Documents/GitHub/loackyPKM/99 - Meta/Scripts/brain_ingest.py:2: SyntaxWarning: invalid escape sequence '\ '
  """brain_ingest.py - Unified Second Brain Ingestion & GTD Intake Engine.
Processed 0 raw notes in Inbox.
2026-08-25 19:20:02 - Raw inbox note ready for processing detected. Invoking scan-inbox...
/Users/lorenzo/Documents/GitHub/loackyPKM/99 - Meta/Scripts/brain_ingest.py:2: SyntaxWarning: invalid escape sequence '\ '
  """brain_ingest.py - Unified Second Brain Ingestion & GTD Intake Engine.
Processed 0 raw notes in Inbox.
2026-08-25 19:20:07 - Raw inbox note ready for processing detected. Invoking scan-inbox...
/Users/lorenzo/Documents/GitHub/loackyPKM/99 - Meta/Scripts/brain_ingest.py:2: SyntaxWarning: invalid escape sequence '\ '
  """brain_ingest.py - Unified Second Brain Ingestion & GTD Intake Engine.
Processed 0 raw notes in Inbox.
2026-08-25 19:20:13 - Raw inbox note ready for processing detected. Invoking scan-inbox...
/Users/lorenzo/Documents/GitHub/loackyPKM/99 - Meta/Scripts/brain_ingest.py:2: SyntaxWarning: invalid escape sequence '\ '
  """brain_ingest.py - Unified Second Brain Ingestion & GTD Intake Engine.
Processed 0 raw notes in Inbox.
2026-08-25 19:20:18 - Raw inbox note ready for processing detected. Invoking scan-inbox...
/Users/lorenzo/Documents/GitHub/loackyPKM/99 - Meta/Scripts/brain_ingest.py:2: SyntaxWarning: invalid escape sequence '\ '
  """brain_ingest.py - Unified Second Brain Ingestion & GTD Intake Engine.
Processed 0 raw notes in Inbox.
2026-08-25 19:20:23 - Raw inbox note ready for processing detected. Invoking scan-inbox...
/Users/lorenzo/Documents/GitHub/loackyPKM/99 - Meta/Scripts/brain_ingest.py:2: SyntaxWarning: invalid escape sequence '\ '
  """brain_ingest.py - Unified Second Brain Ingestion & GTD Intake Engine.
Processed 0 raw notes in Inbox.
2026-08-25 19:20:29 - Raw inbox note ready for processing detected. Invoking scan-inbox...
/Users/lorenzo/Documents/GitHub/loackyPKM/99 - Meta/Scripts/brain_ingest.py:2: SyntaxWarning: invalid escape sequence '\ '
  """brain_ingest.py - Unified Second Brain Ingestion & GTD Intake Engine.
Processed 0 raw notes in Inbox.
2026-08-25 19:20:34 - Raw inbox note ready for processing detected. Invoking scan-inbox...
/Users/lorenzo/Documents/GitHub/loackyPKM/99 - Meta/Scripts/brain_ingest.py:2: SyntaxWarning: invalid escape sequence '\ '
  """brain_ingest.py - Unified Second Brain Ingestion & GTD Intake Engine.
Processed 0 raw notes in Inbox.
2026-08-25 19:20:39 - Raw inbox note ready for processing detected. Invoking scan-inbox...
/Users/lorenzo/Documents/GitHub/loackyPKM/99 - Meta/Scripts/brain_ingest.py:2: SyntaxWarning: invalid escape sequence '\ '
  """brain_ingest.py - Unified Second Brain Ingestion & GTD Intake Engine.
Processed 0 raw notes in Inbox.
2026-08-25 19:20:44 - Raw inbox note ready for processing detected. Invoking scan-inbox...
/Users/lorenzo/Documents/GitHub/loackyPKM/99 - Meta/Scripts/brain_ingest.py:2: SyntaxWarning: invalid escape sequence '\ '
  """brain_ingest.py - Unified Second Brain Ingestion & GTD Intake Engine.
Processed 0 raw notes in Inbox.
2026-08-25 19:20:50 - Raw inbox note ready for processing detected. Invoking scan-inbox...
/Users/lorenzo/Documents/GitHub/loackyPKM/99 - Meta/Scripts/brain_ingest.py:2: SyntaxWarning: invalid escape sequence '\ '
  """brain_ingest.py - Unified Second Brain Ingestion & GTD Intake Engine.
Processed 0 raw notes in Inbox.
2026-08-25 19:20:55 - Raw inbox note ready for processing detected. Invoking scan-inbox...
/Users/lorenzo/Documents/GitHub/loackyPKM/99 - Meta/Scripts/brain_ingest.py:2: SyntaxWarning: invalid escape sequence '\ '
  """brain_ingest.py - Unified Second Brain Ingestion & GTD Intake Engine.
Processed 0 raw notes in Inbox.
2026-08-25 19:21:00 - Raw inbox note ready for processing detected. Invoking scan-inbox...
/Users/lorenzo/Documents/GitHub/loackyPKM/99 - Meta/Scripts/brain_ingest.py:2: SyntaxWarning: invalid escape sequence '\ '
  """brain_ingest.py - Unified Second Brain Ingestion & GTD Intake Engine.
Processed 0 raw notes in Inbox.
2026-08-25 19:21:05 - Raw inbox note ready for processing detected. Invoking scan-inbox...
/Users/lorenzo/Documents/GitHub/loackyPKM/99 - Meta/Scripts/brain_ingest.py:2: SyntaxWarning: invalid escape sequence '\ '
  """brain_ingest.py - Unified Second Brain Ingestion & GTD Intake Engine.
Processed 0 raw notes in Inbox.
2026-08-25 19:21:11 - Raw inbox note ready for processing detected. Invoking scan-inbox...
/Users/lorenzo/Documents/GitHub/loackyPKM/99 - Meta/Scripts/brain_ingest.py:2: SyntaxWarning: invalid escape sequence '\ '
  """brain_ingest.py - Unified Second Brain Ingestion & GTD Intake Engine.
Processed 0 raw notes in Inbox.
2026-08-25 19:21:16 - Raw inbox note ready for processing detected. Invoking scan-inbox...
/Users/lorenzo/Documents/GitHub/loackyPKM/99 - Meta/Scripts/brain_ingest.py:2: SyntaxWarning: invalid escape sequence '\ '
  """brain_ingest.py - Unified Second Brain Ingestion & GTD Intake Engine.
Processed 0 raw notes in Inbox.
2026-08-25 19:21:21 - Raw inbox note ready for processing detected. Invoking scan-inbox...
/Users/lorenzo/Documents/GitHub/loackyPKM/99 - Meta/Scripts/brain_ingest.py:2: SyntaxWarning: invalid escape sequence '\ '
  """brain_ingest.py - Unified Second Brain Ingestion & GTD Intake Engine.
Processed 0 raw notes in Inbox.
2026-08-25 19:21:27 - Raw inbox note ready for processing detected. Invoking scan-inbox...
/Users/lorenzo/Documents/GitHub/loackyPKM/99 - Meta/Scripts/brain_ingest.py:2: SyntaxWarning: invalid escape sequence '\ '
  """brain_ingest.py - Unified Second Brain Ingestion & GTD Intake Engine.
Processed 0 raw notes in Inbox.
2026-08-25 19:21:32 - Raw inbox note ready for processing detected. Invoking scan-inbox...
/Users/lorenzo/Documents/GitHub/loackyPKM/99 - Meta/Scripts/brain_ingest.py:2: SyntaxWarning: invalid escape sequence '\ '
  """brain_ingest.py - Unified Second Brain Ingestion & GTD Intake Engine.
Processed 0 raw notes in Inbox.
2026-08-25 19:21:37 - Raw inbox note ready for processing detected. Invoking scan-inbox...
/Users/lorenzo/Documents/GitHub/loackyPKM/99 - Meta/Scripts/brain_ingest.py:2: SyntaxWarning: invalid escape sequence '\ '
  """brain_ingest.py - Unified Second Brain Ingestion & GTD Intake Engine.
Processed 0 raw notes in Inbox.
2026-08-25 19:21:42 - Raw inbox note ready for processing detected. Invoking scan-inbox...
/Users/lorenzo/Documents/GitHub/loackyPKM/99 - Meta/Scripts/brain_ingest.py:2: SyntaxWarning: invalid escape sequence '\ '
  """brain_ingest.py - Unified Second Brain Ingestion & GTD Intake Engine.
Processed 0 raw notes in Inbox.
2026-08-25 19:21:48 - Raw inbox note ready for processing detected. Invoking scan-inbox...
/Users/lorenzo/Documents/GitHub/loackyPKM/99 - Meta/Scripts/brain_ingest.py:2: SyntaxWarning: invalid escape sequence '\ '
  """brain_ingest.py - Unified Second Brain Ingestion & GTD Intake Engine.
Processed 0 raw notes in Inbox.
2026-08-25 19:21:53 - Raw inbox note ready for processing detected. Invoking scan-inbox...
/Users/lorenzo/Documents/GitHub/loackyPKM/99 - Meta/Scripts/brain_ingest.py:2: SyntaxWarning: invalid escape sequence '\ '
  """brain_ingest.py - Unified Second Brain Ingestion & GTD Intake Engine.
Processed 0 raw notes in Inbox.
2026-08-25 19:21:58 - Raw inbox note ready for processing detected. Invoking scan-inbox...
/Users/lorenzo/Documents/GitHub/loackyPKM/99 - Meta/Scripts/brain_ingest.py:2: SyntaxWarning: invalid escape sequence '\ '
  """brain_ingest.py - Unified Second Brain Ingestion & GTD Intake Engine.
Processed 0 raw notes in Inbox.
2026-08-25 19:22:03 - Raw inbox note ready for processing detected. Invoking scan-inbox...
/Users/lorenzo/Documents/GitHub/loackyPKM/99 - Meta/Scripts/brain_ingest.py:2: SyntaxWarning: invalid escape sequence '\ '
  """brain_ingest.py - Unified Second Brain Ingestion & GTD Intake Engine.
Processed 0 raw notes in Inbox.
2026-08-25 19:22:09 - Raw inbox note ready for processing detected. Invoking scan-inbox...
/Users/lorenzo/Documents/GitHub/loackyPKM/99 - Meta/Scripts/brain_ingest.py:2: SyntaxWarning: invalid escape sequence '\ '
  """brain_ingest.py - Unified Second Brain Ingestion & GTD Intake Engine.
Processed 0 raw notes in Inbox.
2026-08-25 19:22:14 - Raw inbox note ready for processing detected. Invoking scan-inbox...
/Users/lorenzo/Documents/GitHub/loackyPKM/99 - Meta/Scripts/brain_ingest.py:2: SyntaxWarning: invalid escape sequence '\ '
  """brain_ingest.py - Unified Second Brain Ingestion & GTD Intake Engine.
Processed 0 raw notes in Inbox.
2026-08-25 19:22:19 - Raw inbox note ready for processing detected. Invoking scan-inbox...
/Users/lorenzo/Documents/GitHub/loackyPKM/99 - Meta/Scripts/brain_ingest.py:2: SyntaxWarning: invalid escape sequence '\ '
  """brain_ingest.py - Unified Second Brain Ingestion & GTD Intake Engine.
Processed 0 raw notes in Inbox.
2026-08-25 19:22:25 - Raw inbox note ready for processing detected. Invoking scan-inbox...
/Users/lorenzo/Documents/GitHub/loackyPKM/99 - Meta/Scripts/brain_ingest.py:2: SyntaxWarning: invalid escape sequence '\ '
  """brain_ingest.py - Unified Second Brain Ingestion & GTD Intake Engine.
Processed 0 raw notes in Inbox.
2026-08-25 19:22:30 - Raw inbox note ready for processing detected. Invoking scan-inbox...
/Users/lorenzo/Documents/GitHub/loackyPKM/99 - Meta/Scripts/brain_ingest.py:2: SyntaxWarning: invalid escape sequence '\ '
  """brain_ingest.py - Unified Second Brain Ingestion & GTD Intake Engine.
Processed 0 raw notes in Inbox.
2026-08-25 19:22:35 - Raw inbox note ready for processing detected. Invoking scan-inbox...
/Users/lorenzo/Documents/GitHub/loackyPKM/99 - Meta/Scripts/brain_ingest.py:2: SyntaxWarning: invalid escape sequence '\ '
  """brain_ingest.py - Unified Second Brain Ingestion & GTD Intake Engine.
Processed 0 raw notes in Inbox.
2026-08-25 19:22:40 - Raw inbox note ready for processing detected. Invoking scan-inbox...
/Users/lorenzo/Documents/GitHub/loackyPKM/99 - Meta/Scripts/brain_ingest.py:2: SyntaxWarning: invalid escape sequence '\ '
  """brain_ingest.py - Unified Second Brain Ingestion & GTD Intake Engine.
Processed 0 raw notes in Inbox.
2026-08-25 19:22:46 - Raw inbox note ready for processing detected. Invoking scan-inbox...
/Users/lorenzo/Documents/GitHub/loackyPKM/99 - Meta/Scripts/brain_ingest.py:2: SyntaxWarning: invalid escape sequence '\ '
  """brain_ingest.py - Unified Second Brain Ingestion & GTD Intake Engine.
Processed 0 raw notes in Inbox.
2026-08-25 19:22:51 - Raw inbox note ready for processing detected. Invoking scan-inbox...
/Users/lorenzo/Documents/GitHub/loackyPKM/99 - Meta/Scripts/brain_ingest.py:2: SyntaxWarning: invalid escape sequence '\ '
  """brain_ingest.py - Unified Second Brain Ingestion & GTD Intake Engine.
Processed 0 raw notes in Inbox.
2026-08-25 19:22:56 - Raw inbox note ready for processing detected. Invoking scan-inbox...
/Users/lorenzo/Documents/GitHub/loackyPKM/99 - Meta/Scripts/brain_ingest.py:2: SyntaxWarning: invalid escape sequence '\ '
  """brain_ingest.py - Unified Second Brain Ingestion & GTD Intake Engine.
Processed 0 raw notes in Inbox.
2026-08-25 19:23:02 - Raw inbox note ready for processing detected. Invoking scan-inbox...
/Users/lorenzo/Documents/GitHub/loackyPKM/99 - Meta/Scripts/brain_ingest.py:2: SyntaxWarning: invalid escape sequence '\ '
  """brain_ingest.py - Unified Second Brain Ingestion & GTD Intake Engine.
Processed 0 raw notes in Inbox.
2026-08-25 19:23:07 - Raw inbox note ready for processing detected. Invoking scan-inbox...
/Users/lorenzo/Documents/GitHub/loackyPKM/99 - Meta/Scripts/brain_ingest.py:2: SyntaxWarning: invalid escape sequence '\ '
  """brain_ingest.py - Unified Second Brain Ingestion & GTD Intake Engine.
Processed 0 raw notes in Inbox.
2026-08-25 19:23:12 - Raw inbox note ready for processing detected. Invoking scan-inbox...
/Users/lorenzo/Documents/GitHub/loackyPKM/99 - Meta/Scripts/brain_ingest.py:2: SyntaxWarning: invalid escape sequence '\ '
  """brain_ingest.py - Unified Second Brain Ingestion & GTD Intake Engine.
Processed 0 raw notes in Inbox.
2026-08-25 19:23:17 - Raw inbox note ready for processing detected. Invoking scan-inbox...
/Users/lorenzo/Documents/GitHub/loackyPKM/99 - Meta/Scripts/brain_ingest.py:2: SyntaxWarning: invalid escape sequence '\ '
  """brain_ingest.py - Unified Second Brain Ingestion & GTD Intake Engine.
Processed 0 raw notes in Inbox.
2026-08-25 19:23:23 - Raw inbox note ready for processing detected. Invoking scan-inbox...
/Users/lorenzo/Documents/GitHub/loackyPKM/99 - Meta/Scripts/brain_ingest.py:2: SyntaxWarning: invalid escape sequence '\ '
  """brain_ingest.py - Unified Second Brain Ingestion & GTD Intake Engine.
Processed 0 raw notes in Inbox.
2026-08-25 19:23:28 - Raw inbox note ready for processing detected. Invoking scan-inbox...
/Users/lorenzo/Documents/GitHub/loackyPKM/99 - Meta/Scripts/brain_ingest.py:2: SyntaxWarning: invalid escape sequence '\ '
  """brain_ingest.py - Unified Second Brain Ingestion & GTD Intake Engine.
Processed 0 raw notes in Inbox.
2026-08-25 19:23:33 - Raw inbox note ready for processing detected. Invoking scan-inbox...
/Users/lorenzo/Documents/GitHub/loackyPKM/99 - Meta/Scripts/brain_ingest.py:2: SyntaxWarning: invalid escape sequence '\ '
  """brain_ingest.py - Unified Second Brain Ingestion & GTD Intake Engine.
Processed 0 raw notes in Inbox.
2026-08-25 19:23:38 - Raw inbox note ready for processing detected. Invoking scan-inbox...
/Users/lorenzo/Documents/GitHub/loackyPKM/99 - Meta/Scripts/brain_ingest.py:2: SyntaxWarning: invalid escape sequence '\ '
  """brain_ingest.py - Unified Second Brain Ingestion & GTD Intake Engine.
Processed 0 raw notes in Inbox.
2026-08-25 19:23:44 - Raw inbox note ready for processing detected. Invoking scan-inbox...
/Users/lorenzo/Documents/GitHub/loackyPKM/99 - Meta/Scripts/brain_ingest.py:2: SyntaxWarning: invalid escape sequence '\ '
  """brain_ingest.py - Unified Second Brain Ingestion & GTD Intake Engine.
Processed 0 raw notes in Inbox.
2026-08-25 19:23:49 - Raw inbox note ready for processing detected. Invoking scan-inbox...
/Users/lorenzo/Documents/GitHub/loackyPKM/99 - Meta/Scripts/brain_ingest.py:2: SyntaxWarning: invalid escape sequence '\ '
  """brain_ingest.py - Unified Second Brain Ingestion & GTD Intake Engine.
Processed 0 raw notes in Inbox.
2026-08-25 19:23:54 - Raw inbox note ready for processing detected. Invoking scan-inbox...
/Users/lorenzo/Documents/GitHub/loackyPKM/99 - Meta/Scripts/brain_ingest.py:2: SyntaxWarning: invalid escape sequence '\ '
  """brain_ingest.py - Unified Second Brain Ingestion & GTD Intake Engine.
Processed 0 raw notes in Inbox.
2026-08-25 19:24:00 - Raw inbox note ready for processing detected. Invoking scan-inbox...
/Users/lorenzo/Documents/GitHub/loackyPKM/99 - Meta/Scripts/brain_ingest.py:2: SyntaxWarning: invalid escape sequence '\ '
  """brain_ingest.py - Unified Second Brain Ingestion & GTD Intake Engine.
Processed 0 raw notes in Inbox.
2026-08-25 19:24:05 - Raw inbox note ready for processing detected. Invoking scan-inbox...
/Users/lorenzo/Documents/GitHub/loackyPKM/99 - Meta/Scripts/brain_ingest.py:2: SyntaxWarning: invalid escape sequence '\ '
  """brain_ingest.py - Unified Second Brain Ingestion & GTD Intake Engine.
Processed 0 raw notes in Inbox.
2026-08-25 19:24:10 - Raw inbox note ready for processing detected. Invoking scan-inbox...
/Users/lorenzo/Documents/GitHub/loackyPKM/99 - Meta/Scripts/brain_ingest.py:2: SyntaxWarning: invalid escape sequence '\ '
  """brain_ingest.py - Unified Second Brain Ingestion & GTD Intake Engine.
Processed 0 raw notes in Inbox.
2026-08-25 19:24:15 - Raw inbox note ready for processing detected. Invoking scan-inbox...
/Users/lorenzo/Documents/GitHub/loackyPKM/99 - Meta/Scripts/brain_ingest.py:2: SyntaxWarning: invalid escape sequence '\ '
  """brain_ingest.py - Unified Second Brain Ingestion & GTD Intake Engine.
Processed 0 raw notes in Inbox.
2026-08-25 19:24:21 - Raw inbox note ready for processing detected. Invoking scan-inbox...
/Users/lorenzo/Documents/GitHub/loackyPKM/99 - Meta/Scripts/brain_ingest.py:2: SyntaxWarning: invalid escape sequence '\ '
  """brain_ingest.py - Unified Second Brain Ingestion & GTD Intake Engine.
Processed 0 raw notes in Inbox.
2026-08-25 19:24:26 - Raw inbox note ready for processing detected. Invoking scan-inbox...
/Users/lorenzo/Documents/GitHub/loackyPKM/99 - Meta/Scripts/brain_ingest.py:2: SyntaxWarning: invalid escape sequence '\ '
  """brain_ingest.py - Unified Second Brain Ingestion & GTD Intake Engine.
Processed 0 raw notes in Inbox.
2026-08-25 19:24:31 - Raw inbox note ready for processing detected. Invoking scan-inbox...
/Users/lorenzo/Documents/GitHub/loackyPKM/99 - Meta/Scripts/brain_ingest.py:2: SyntaxWarning: invalid escape sequence '\ '
  """brain_ingest.py - Unified Second Brain Ingestion & GTD Intake Engine.
Processed 0 raw notes in Inbox.
2026-08-25 19:24:36 - Raw inbox note ready for processing detected. Invoking scan-inbox...
/Users/lorenzo/Documents/GitHub/loackyPKM/99 - Meta/Scripts/brain_ingest.py:2: SyntaxWarning: invalid escape sequence '\ '
  """brain_ingest.py - Unified Second Brain Ingestion & GTD Intake Engine.
Processed 0 raw notes in Inbox.
2026-08-25 19:24:42 - Raw inbox note ready for processing detected. Invoking scan-inbox...
/Users/lorenzo/Documents/GitHub/loackyPKM/99 - Meta/Scripts/brain_ingest.py:2: SyntaxWarning: invalid escape sequence '\ '
  """brain_ingest.py - Unified Second Brain Ingestion & GTD Intake Engine.
Processed 0 raw notes in Inbox.
2026-08-25 19:24:47 - Raw inbox note ready for processing detected. Invoking scan-inbox...
/Users/lorenzo/Documents/GitHub/loackyPKM/99 - Meta/Scripts/brain_ingest.py:2: SyntaxWarning: invalid escape sequence '\ '
  """brain_ingest.py - Unified Second Brain Ingestion & GTD Intake Engine.
Processed 0 raw notes in Inbox.
2026-08-25 19:24:52 - Raw inbox note ready for processing detected. Invoking scan-inbox...
/Users/lorenzo/Documents/GitHub/loackyPKM/99 - Meta/Scripts/brain_ingest.py:2: SyntaxWarning: invalid escape sequence '\ '
  """brain_ingest.py - Unified Second Brain Ingestion & GTD Intake Engine.
Processed 0 raw notes in Inbox.
2026-08-25 19:24:58 - Raw inbox note ready for processing detected. Invoking scan-inbox...
/Users/lorenzo/Documents/GitHub/loackyPKM/99 - Meta/Scripts/brain_ingest.py:2: SyntaxWarning: invalid escape sequence '\ '
  """brain_ingest.py - Unified Second Brain Ingestion & GTD Intake Engine.
Processed 0 raw notes in Inbox.
2026-08-25 19:25:03 - Raw inbox note ready for processing detected. Invoking scan-inbox...
/Users/lorenzo/Documents/GitHub/loackyPKM/99 - Meta/Scripts/brain_ingest.py:2: SyntaxWarning: invalid escape sequence '\ '
  """brain_ingest.py - Unified Second Brain Ingestion & GTD Intake Engine.
Processed 0 raw notes in Inbox.
2026-08-25 19:25:08 - Raw inbox note ready for processing detected. Invoking scan-inbox...
/Users/lorenzo/Documents/GitHub/loackyPKM/99 - Meta/Scripts/brain_ingest.py:2: SyntaxWarning: invalid escape sequence '\ '
  """brain_ingest.py - Unified Second Brain Ingestion & GTD Intake Engine.
Processed 0 raw notes in Inbox.
2026-08-25 19:25:13 - Raw inbox note ready for processing detected. Invoking scan-inbox...
/Users/lorenzo/Documents/GitHub/loackyPKM/99 - Meta/Scripts/brain_ingest.py:2: SyntaxWarning: invalid escape sequence '\ '
  """brain_ingest.py - Unified Second Brain Ingestion & GTD Intake Engine.
Processed 0 raw notes in Inbox.
2026-08-25 19:25:19 - Raw inbox note ready for processing detected. Invoking scan-inbox...
/Users/lorenzo/Documents/GitHub/loackyPKM/99 - Meta/Scripts/brain_ingest.py:2: SyntaxWarning: invalid escape sequence '\ '
  """brain_ingest.py - Unified Second Brain Ingestion & GTD Intake Engine.
Processed 0 raw notes in Inbox.
2026-08-25 19:25:24 - Raw inbox note ready for processing detected. Invoking scan-inbox...
/Users/lorenzo/Documents/GitHub/loackyPKM/99 - Meta/Scripts/brain_ingest.py:2: SyntaxWarning: invalid escape sequence '\ '
  """brain_ingest.py - Unified Second Brain Ingestion & GTD Intake Engine.
Processed 0 raw notes in Inbox.
2026-08-25 19:25:29 - Raw inbox note ready for processing detected. Invoking scan-inbox...
/Users/lorenzo/Documents/GitHub/loackyPKM/99 - Meta/Scripts/brain_ingest.py:2: SyntaxWarning: invalid escape sequence '\ '
  """brain_ingest.py - Unified Second Brain Ingestion & GTD Intake Engine.
Processed 0 raw notes in Inbox.
2026-08-25 19:25:35 - Raw inbox note ready for processing detected. Invoking scan-inbox...
/Users/lorenzo/Documents/GitHub/loackyPKM/99 - Meta/Scripts/brain_ingest.py:2: SyntaxWarning: invalid escape sequence '\ '
  """brain_ingest.py - Unified Second Brain Ingestion & GTD Intake Engine.
Processed 0 raw notes in Inbox.
2026-08-25 19:25:40 - Raw inbox note ready for processing detected. Invoking scan-inbox...
/Users/lorenzo/Documents/GitHub/loackyPKM/99 - Meta/Scripts/brain_ingest.py:2: SyntaxWarning: invalid escape sequence '\ '
  """brain_ingest.py - Unified Second Brain Ingestion & GTD Intake Engine.
Processed 0 raw notes in Inbox.
2026-08-25 19:25:45 - Raw inbox note ready for processing detected. Invoking scan-inbox...
/Users/lorenzo/Documents/GitHub/loackyPKM/99 - Meta/Scripts/brain_ingest.py:2: SyntaxWarning: invalid escape sequence '\ '
  """brain_ingest.py - Unified Second Brain Ingestion & GTD Intake Engine.
Processed 0 raw notes in Inbox.
2026-08-25 19:25:50 - Raw inbox note ready for processing detected. Invoking scan-inbox...
/Users/lorenzo/Documents/GitHub/loackyPKM/99 - Meta/Scripts/brain_ingest.py:2: SyntaxWarning: invalid escape sequence '\ '
  """brain_ingest.py - Unified Second Brain Ingestion & GTD Intake Engine.
Processed 0 raw notes in Inbox.
2026-08-25 19:25:56 - Raw inbox note ready for processing detected. Invoking scan-inbox...
/Users/lorenzo/Documents/GitHub/loackyPKM/99 - Meta/Scripts/brain_ingest.py:2: SyntaxWarning: invalid escape sequence '\ '
  """brain_ingest.py - Unified Second Brain Ingestion & GTD Intake Engine.
Processed 0 raw notes in Inbox.
2026-08-25 19:26:01 - Raw inbox note ready for processing detected. Invoking scan-inbox...
/Users/lorenzo/Documents/GitHub/loackyPKM/99 - Meta/Scripts/brain_ingest.py:2: SyntaxWarning: invalid escape sequence '\ '
  """brain_ingest.py - Unified Second Brain Ingestion & GTD Intake Engine.
Processed 0 raw notes in Inbox.
2026-08-25 19:26:06 - Raw inbox note ready for processing detected. Invoking scan-inbox...
/Users/lorenzo/Documents/GitHub/loackyPKM/99 - Meta/Scripts/brain_ingest.py:2: SyntaxWarning: invalid escape sequence '\ '
  """brain_ingest.py - Unified Second Brain Ingestion & GTD Intake Engine.
Processed 0 raw notes in Inbox.
2026-08-25 19:26:12 - Raw inbox note ready for processing detected. Invoking scan-inbox...
/Users/lorenzo/Documents/GitHub/loackyPKM/99 - Meta/Scripts/brain_ingest.py:2: SyntaxWarning: invalid escape sequence '\ '
  """brain_ingest.py - Unified Second Brain Ingestion & GTD Intake Engine.
Processed 0 raw notes in Inbox.
2026-08-25 19:26:17 - Raw inbox note ready for processing detected. Invoking scan-inbox...
/Users/lorenzo/Documents/GitHub/loackyPKM/99 - Meta/Scripts/brain_ingest.py:2: SyntaxWarning: invalid escape sequence '\ '
  """brain_ingest.py - Unified Second Brain Ingestion & GTD Intake Engine.
Processed 0 raw notes in Inbox.
2026-08-25 19:26:22 - Raw inbox note ready for processing detected. Invoking scan-inbox...
/Users/lorenzo/Documents/GitHub/loackyPKM/99 - Meta/Scripts/brain_ingest.py:2: SyntaxWarning: invalid escape sequence '\ '
  """brain_ingest.py - Unified Second Brain Ingestion & GTD Intake Engine.
Processed 0 raw notes in Inbox.
2026-08-25 19:26:27 - Raw inbox note ready for processing detected. Invoking scan-inbox...
/Users/lorenzo/Documents/GitHub/loackyPKM/99 - Meta/Scripts/brain_ingest.py:2: SyntaxWarning: invalid escape sequence '\ '
  """brain_ingest.py - Unified Second Brain Ingestion & GTD Intake Engine.
Processed 0 raw notes in Inbox.
2026-08-25 19:26:33 - Raw inbox note ready for processing detected. Invoking scan-inbox...
/Users/lorenzo/Documents/GitHub/loackyPKM/99 - Meta/Scripts/brain_ingest.py:2: SyntaxWarning: invalid escape sequence '\ '
  """brain_ingest.py - Unified Second Brain Ingestion & GTD Intake Engine.
Processed 0 raw notes in Inbox.
2026-08-25 19:26:38 - Raw inbox note ready for processing detected. Invoking scan-inbox...
/Users/lorenzo/Documents/GitHub/loackyPKM/99 - Meta/Scripts/brain_ingest.py:2: SyntaxWarning: invalid escape sequence '\ '
  """brain_ingest.py - Unified Second Brain Ingestion & GTD Intake Engine.
Processed 0 raw notes in Inbox.
2026-08-25 19:26:43 - Raw inbox note ready for processing detected. Invoking scan-inbox...
/Users/lorenzo/Documents/GitHub/loackyPKM/99 - Meta/Scripts/brain_ingest.py:2: SyntaxWarning: invalid escape sequence '\ '
  """brain_ingest.py - Unified Second Brain Ingestion & GTD Intake Engine.
Processed 0 raw notes in Inbox.
2026-08-25 19:26:48 - Raw inbox note ready for processing detected. Invoking scan-inbox...
/Users/lorenzo/Documents/GitHub/loackyPKM/99 - Meta/Scripts/brain_ingest.py:2: SyntaxWarning: invalid escape sequence '\ '
  """brain_ingest.py - Unified Second Brain Ingestion & GTD Intake Engine.
Processed 0 raw notes in Inbox.
2026-08-25 19:26:54 - Raw inbox note ready for processing detected. Invoking scan-inbox...
/Users/lorenzo/Documents/GitHub/loackyPKM/99 - Meta/Scripts/brain_ingest.py:2: SyntaxWarning: invalid escape sequence '\ '
  """brain_ingest.py - Unified Second Brain Ingestion & GTD Intake Engine.
Processed 0 raw notes in Inbox.
2026-08-25 19:26:59 - Raw inbox note ready for processing detected. Invoking scan-inbox...
/Users/lorenzo/Documents/GitHub/loackyPKM/99 - Meta/Scripts/brain_ingest.py:2: SyntaxWarning: invalid escape sequence '\ '
  """brain_ingest.py - Unified Second Brain Ingestion & GTD Intake Engine.
Processed 0 raw notes in Inbox.
2026-08-25 19:27:04 - Raw inbox note ready for processing detected. Invoking scan-inbox...
/Users/lorenzo/Documents/GitHub/loackyPKM/99 - Meta/Scripts/brain_ingest.py:2: SyntaxWarning: invalid escape sequence '\ '
  """brain_ingest.py - Unified Second Brain Ingestion & GTD Intake Engine.
Processed 0 raw notes in Inbox.
2026-08-25 19:27:10 - Raw inbox note ready for processing detected. Invoking scan-inbox...
/Users/lorenzo/Documents/GitHub/loackyPKM/99 - Meta/Scripts/brain_ingest.py:2: SyntaxWarning: invalid escape sequence '\ '
  """brain_ingest.py - Unified Second Brain Ingestion & GTD Intake Engine.
Processed 0 raw notes in Inbox.
2026-08-25 19:27:15 - Raw inbox note ready for processing detected. Invoking scan-inbox...
/Users/lorenzo/Documents/GitHub/loackyPKM/99 - Meta/Scripts/brain_ingest.py:2: SyntaxWarning: invalid escape sequence '\ '
  """brain_ingest.py - Unified Second Brain Ingestion & GTD Intake Engine.
Processed 0 raw notes in Inbox.
2026-08-25 19:27:20 - Raw inbox note ready for processing detected. Invoking scan-inbox...
/Users/lorenzo/Documents/GitHub/loackyPKM/99 - Meta/Scripts/brain_ingest.py:2: SyntaxWarning: invalid escape sequence '\ '
  """brain_ingest.py - Unified Second Brain Ingestion & GTD Intake Engine.
Processed 0 raw notes in Inbox.
2026-08-25 19:27:25 - Raw inbox note ready for processing detected. Invoking scan-inbox...
/Users/lorenzo/Documents/GitHub/loackyPKM/99 - Meta/Scripts/brain_ingest.py:2: SyntaxWarning: invalid escape sequence '\ '
  """brain_ingest.py - Unified Second Brain Ingestion & GTD Intake Engine.
Processed 0 raw notes in Inbox.
2026-08-25 19:27:31 - Raw inbox note ready for processing detected. Invoking scan-inbox...
/Users/lorenzo/Documents/GitHub/loackyPKM/99 - Meta/Scripts/brain_ingest.py:2: SyntaxWarning: invalid escape sequence '\ '
  """brain_ingest.py - Unified Second Brain Ingestion & GTD Intake Engine.
Processed 0 raw notes in Inbox.
2026-08-25 19:27:36 - Raw inbox note ready for processing detected. Invoking scan-inbox...
/Users/lorenzo/Documents/GitHub/loackyPKM/99 - Meta/Scripts/brain_ingest.py:2: SyntaxWarning: invalid escape sequence '\ '
  """brain_ingest.py - Unified Second Brain Ingestion & GTD Intake Engine.
Processed 0 raw notes in Inbox.
2026-08-25 19:27:41 - Raw inbox note ready for processing detected. Invoking scan-inbox...
/Users/lorenzo/Documents/GitHub/loackyPKM/99 - Meta/Scripts/brain_ingest.py:2: SyntaxWarning: invalid escape sequence '\ '
  """brain_ingest.py - Unified Second Brain Ingestion & GTD Intake Engine.
Processed 0 raw notes in Inbox.
2026-08-25 19:27:47 - Raw inbox note ready for processing detected. Invoking scan-inbox...
/Users/lorenzo/Documents/GitHub/loackyPKM/99 - Meta/Scripts/brain_ingest.py:2: SyntaxWarning: invalid escape sequence '\ '
  """brain_ingest.py - Unified Second Brain Ingestion & GTD Intake Engine.
Processed 0 raw notes in Inbox.
2026-08-25 19:27:52 - Raw inbox note ready for processing detected. Invoking scan-inbox...
/Users/lorenzo/Documents/GitHub/loackyPKM/99 - Meta/Scripts/brain_ingest.py:2: SyntaxWarning: invalid escape sequence '\ '
  """brain_ingest.py - Unified Second Brain Ingestion & GTD Intake Engine.
Processed 0 raw notes in Inbox.
2026-08-25 19:27:57 - Raw inbox note ready for processing detected. Invoking scan-inbox...
/Users/lorenzo/Documents/GitHub/loackyPKM/99 - Meta/Scripts/brain_ingest.py:2: SyntaxWarning: invalid escape sequence '\ '
  """brain_ingest.py - Unified Second Brain Ingestion & GTD Intake Engine.
Processed 0 raw notes in Inbox.
2026-08-25 19:28:02 - Raw inbox note ready for processing detected. Invoking scan-inbox...
/Users/lorenzo/Documents/GitHub/loackyPKM/99 - Meta/Scripts/brain_ingest.py:2: SyntaxWarning: invalid escape sequence '\ '
  """brain_ingest.py - Unified Second Brain Ingestion & GTD Intake Engine.
Processed 0 raw notes in Inbox.
2026-08-25 19:28:08 - Raw inbox note ready for processing detected. Invoking scan-inbox...
/Users/lorenzo/Documents/GitHub/loackyPKM/99 - Meta/Scripts/brain_ingest.py:2: SyntaxWarning: invalid escape sequence '\ '
  """brain_ingest.py - Unified Second Brain Ingestion & GTD Intake Engine.
Processed 0 raw notes in Inbox.
2026-08-25 19:28:13 - Raw inbox note ready for processing detected. Invoking scan-inbox...
/Users/lorenzo/Documents/GitHub/loackyPKM/99 - Meta/Scripts/brain_ingest.py:2: SyntaxWarning: invalid escape sequence '\ '
  """brain_ingest.py - Unified Second Brain Ingestion & GTD Intake Engine.
Processed 0 raw notes in Inbox.
2026-08-25 19:28:18 - Raw inbox note ready for processing detected. Invoking scan-inbox...
/Users/lorenzo/Documents/GitHub/loackyPKM/99 - Meta/Scripts/brain_ingest.py:2: SyntaxWarning: invalid escape sequence '\ '
  """brain_ingest.py - Unified Second Brain Ingestion & GTD Intake Engine.
Processed 0 raw notes in Inbox.
2026-08-25 19:28:23 - Raw inbox note ready for processing detected. Invoking scan-inbox...
/Users/lorenzo/Documents/GitHub/loackyPKM/99 - Meta/Scripts/brain_ingest.py:2: SyntaxWarning: invalid escape sequence '\ '
  """brain_ingest.py - Unified Second Brain Ingestion & GTD Intake Engine.
Processed 0 raw notes in Inbox.
2026-08-25 19:28:29 - Raw inbox note ready for processing detected. Invoking scan-inbox...
/Users/lorenzo/Documents/GitHub/loackyPKM/99 - Meta/Scripts/brain_ingest.py:2: SyntaxWarning: invalid escape sequence '\ '
  """brain_ingest.py - Unified Second Brain Ingestion & GTD Intake Engine.
Processed 0 raw notes in Inbox.
2026-08-25 19:28:34 - Raw inbox note ready for processing detected. Invoking scan-inbox...
/Users/lorenzo/Documents/GitHub/loackyPKM/99 - Meta/Scripts/brain_ingest.py:2: SyntaxWarning: invalid escape sequence '\ '
  """brain_ingest.py - Unified Second Brain Ingestion & GTD Intake Engine.
Processed 0 raw notes in Inbox.
2026-08-25 19:28:39 - Raw inbox note ready for processing detected. Invoking scan-inbox...
/Users/lorenzo/Documents/GitHub/loackyPKM/99 - Meta/Scripts/brain_ingest.py:2: SyntaxWarning: invalid escape sequence '\ '
  """brain_ingest.py - Unified Second Brain Ingestion & GTD Intake Engine.
Processed 0 raw notes in Inbox.
2026-08-25 19:28:45 - Raw inbox note ready for processing detected. Invoking scan-inbox...
/Users/lorenzo/Documents/GitHub/loackyPKM/99 - Meta/Scripts/brain_ingest.py:2: SyntaxWarning: invalid escape sequence '\ '
  """brain_ingest.py - Unified Second Brain Ingestion & GTD Intake Engine.
Processed 0 raw notes in Inbox.
2026-08-25 19:28:50 - Raw inbox note ready for processing detected. Invoking scan-inbox...
/Users/lorenzo/Documents/GitHub/loackyPKM/99 - Meta/Scripts/brain_ingest.py:2: SyntaxWarning: invalid escape sequence '\ '
  """brain_ingest.py - Unified Second Brain Ingestion & GTD Intake Engine.
Processed 0 raw notes in Inbox.
2026-08-25 19:28:55 - Raw inbox note ready for processing detected. Invoking scan-inbox...
/Users/lorenzo/Documents/GitHub/loackyPKM/99 - Meta/Scripts/brain_ingest.py:2: SyntaxWarning: invalid escape sequence '\ '
  """brain_ingest.py - Unified Second Brain Ingestion & GTD Intake Engine.
Processed 0 raw notes in Inbox.
2026-08-25 19:29:00 - Raw inbox note ready for processing detected. Invoking scan-inbox...
/Users/lorenzo/Documents/GitHub/loackyPKM/99 - Meta/Scripts/brain_ingest.py:2: SyntaxWarning: invalid escape sequence '\ '
  """brain_ingest.py - Unified Second Brain Ingestion & GTD Intake Engine.
Processed 0 raw notes in Inbox.
2026-08-25 19:29:06 - Raw inbox note ready for processing detected. Invoking scan-inbox...
/Users/lorenzo/Documents/GitHub/loackyPKM/99 - Meta/Scripts/brain_ingest.py:2: SyntaxWarning: invalid escape sequence '\ '
  """brain_ingest.py - Unified Second Brain Ingestion & GTD Intake Engine.
Processed 0 raw notes in Inbox.
2026-08-25 19:29:11 - Raw inbox note ready for processing detected. Invoking scan-inbox...
/Users/lorenzo/Documents/GitHub/loackyPKM/99 - Meta/Scripts/brain_ingest.py:2: SyntaxWarning: invalid escape sequence '\ '
  """brain_ingest.py - Unified Second Brain Ingestion & GTD Intake Engine.
Processed 0 raw notes in Inbox.
2026-08-25 19:29:16 - Raw inbox note ready for processing detected. Invoking scan-inbox...
/Users/lorenzo/Documents/GitHub/loackyPKM/99 - Meta/Scripts/brain_ingest.py:2: SyntaxWarning: invalid escape sequence '\ '
  """brain_ingest.py - Unified Second Brain Ingestion & GTD Intake Engine.
Processed 0 raw notes in Inbox.
2026-08-25 19:29:22 - Raw inbox note ready for processing detected. Invoking scan-inbox...
/Users/lorenzo/Documents/GitHub/loackyPKM/99 - Meta/Scripts/brain_ingest.py:2: SyntaxWarning: invalid escape sequence '\ '
  """brain_ingest.py - Unified Second Brain Ingestion & GTD Intake Engine.
Processed 0 raw notes in Inbox.
2026-08-25 19:29:27 - Raw inbox note ready for processing detected. Invoking scan-inbox...
/Users/lorenzo/Documents/GitHub/loackyPKM/99 - Meta/Scripts/brain_ingest.py:2: SyntaxWarning: invalid escape sequence '\ '
  """brain_ingest.py - Unified Second Brain Ingestion & GTD Intake Engine.
Processed 0 raw notes in Inbox.
2026-08-25 19:29:32 - Raw inbox note ready for processing detected. Invoking scan-inbox...
/Users/lorenzo/Documents/GitHub/loackyPKM/99 - Meta/Scripts/brain_ingest.py:2: SyntaxWarning: invalid escape sequence '\ '
  """brain_ingest.py - Unified Second Brain Ingestion & GTD Intake Engine.
Processed 0 raw notes in Inbox.
2026-08-25 19:29:37 - Raw inbox note ready for processing detected. Invoking scan-inbox...
/Users/lorenzo/Documents/GitHub/loackyPKM/99 - Meta/Scripts/brain_ingest.py:2: SyntaxWarning: invalid escape sequence '\ '
  """brain_ingest.py - Unified Second Brain Ingestion & GTD Intake Engine.
Processed 0 raw notes in Inbox.
2026-08-25 19:29:43 - Raw inbox note ready for processing detected. Invoking scan-inbox...
/Users/lorenzo/Documents/GitHub/loackyPKM/99 - Meta/Scripts/brain_ingest.py:2: SyntaxWarning: invalid escape sequence '\ '
  """brain_ingest.py - Unified Second Brain Ingestion & GTD Intake Engine.
Processed 0 raw notes in Inbox.
2026-08-25 19:29:48 - Raw inbox note ready for processing detected. Invoking scan-inbox...
/Users/lorenzo/Documents/GitHub/loackyPKM/99 - Meta/Scripts/brain_ingest.py:2: SyntaxWarning: invalid escape sequence '\ '
  """brain_ingest.py - Unified Second Brain Ingestion & GTD Intake Engine.
Processed 0 raw notes in Inbox.
2026-08-25 19:29:53 - Raw inbox note ready for processing detected. Invoking scan-inbox...
/Users/lorenzo/Documents/GitHub/loackyPKM/99 - Meta/Scripts/brain_ingest.py:2: SyntaxWarning: invalid escape sequence '\ '
  """brain_ingest.py - Unified Second Brain Ingestion & GTD Intake Engine.
Processed 0 raw notes in Inbox.
2026-08-25 19:29:58 - Raw inbox note ready for processing detected. Invoking scan-inbox...
/Users/lorenzo/Documents/GitHub/loackyPKM/99 - Meta/Scripts/brain_ingest.py:2: SyntaxWarning: invalid escape sequence '\ '
  """brain_ingest.py - Unified Second Brain Ingestion & GTD Intake Engine.
Processed 0 raw notes in Inbox.
2026-08-25 19:30:04 - Raw inbox note ready for processing detected. Invoking scan-inbox...
/Users/lorenzo/Documents/GitHub/loackyPKM/99 - Meta/Scripts/brain_ingest.py:2: SyntaxWarning: invalid escape sequence '\ '
  """brain_ingest.py - Unified Second Brain Ingestion & GTD Intake Engine.
Processed 0 raw notes in Inbox.
2026-08-25 19:30:09 - Raw inbox note ready for processing detected. Invoking scan-inbox...
/Users/lorenzo/Documents/GitHub/loackyPKM/99 - Meta/Scripts/brain_ingest.py:2: SyntaxWarning: invalid escape sequence '\ '
  """brain_ingest.py - Unified Second Brain Ingestion & GTD Intake Engine.
Processed 0 raw notes in Inbox.
2026-08-25 19:30:14 - Raw inbox note ready for processing detected. Invoking scan-inbox...
/Users/lorenzo/Documents/GitHub/loackyPKM/99 - Meta/Scripts/brain_ingest.py:2: SyntaxWarning: invalid escape sequence '\ '
  """brain_ingest.py - Unified Second Brain Ingestion & GTD Intake Engine.
Processed 0 raw notes in Inbox.
2026-08-25 19:30:20 - Raw inbox note ready for processing detected. Invoking scan-inbox...
/Users/lorenzo/Documents/GitHub/loackyPKM/99 - Meta/Scripts/brain_ingest.py:2: SyntaxWarning: invalid escape sequence '\ '
  """brain_ingest.py - Unified Second Brain Ingestion & GTD Intake Engine.
Processed 0 raw notes in Inbox.
2026-08-25 19:30:25 - Raw inbox note ready for processing detected. Invoking scan-inbox...
/Users/lorenzo/Documents/GitHub/loackyPKM/99 - Meta/Scripts/brain_ingest.py:2: SyntaxWarning: invalid escape sequence '\ '
  """brain_ingest.py - Unified Second Brain Ingestion & GTD Intake Engine.
Processed 0 raw notes in Inbox.
2026-08-25 19:30:30 - Raw inbox note ready for processing detected. Invoking scan-inbox...
/Users/lorenzo/Documents/GitHub/loackyPKM/99 - Meta/Scripts/brain_ingest.py:2: SyntaxWarning: invalid escape sequence '\ '
  """brain_ingest.py - Unified Second Brain Ingestion & GTD Intake Engine.
Processed 0 raw notes in Inbox.
2026-08-25 19:30:35 - Raw inbox note ready for processing detected. Invoking scan-inbox...
/Users/lorenzo/Documents/GitHub/loackyPKM/99 - Meta/Scripts/brain_ingest.py:2: SyntaxWarning: invalid escape sequence '\ '
  """brain_ingest.py - Unified Second Brain Ingestion & GTD Intake Engine.
Processed 0 raw notes in Inbox.
2026-08-25 19:30:41 - Raw inbox note ready for processing detected. Invoking scan-inbox...
/Users/lorenzo/Documents/GitHub/loackyPKM/99 - Meta/Scripts/brain_ingest.py:2: SyntaxWarning: invalid escape sequence '\ '
  """brain_ingest.py - Unified Second Brain Ingestion & GTD Intake Engine.
Processed 0 raw notes in Inbox.
2026-08-25 19:30:46 - Raw inbox note ready for processing detected. Invoking scan-inbox...
/Users/lorenzo/Documents/GitHub/loackyPKM/99 - Meta/Scripts/brain_ingest.py:2: SyntaxWarning: invalid escape sequence '\ '
  """brain_ingest.py - Unified Second Brain Ingestion & GTD Intake Engine.
Processed 0 raw notes in Inbox.
2026-08-25 19:30:51 - Raw inbox note ready for processing detected. Invoking scan-inbox...
/Users/lorenzo/Documents/GitHub/loackyPKM/99 - Meta/Scripts/brain_ingest.py:2: SyntaxWarning: invalid escape sequence '\ '
  """brain_ingest.py - Unified Second Brain Ingestion & GTD Intake Engine.
Processed 0 raw notes in Inbox.
2026-08-25 19:30:57 - Raw inbox note ready for processing detected. Invoking scan-inbox...
/Users/lorenzo/Documents/GitHub/loackyPKM/99 - Meta/Scripts/brain_ingest.py:2: SyntaxWarning: invalid escape sequence '\ '
  """brain_ingest.py - Unified Second Brain Ingestion & GTD Intake Engine.
Processed 0 raw notes in Inbox.
2026-08-25 19:31:02 - Raw inbox note ready for processing detected. Invoking scan-inbox...
/Users/lorenzo/Documents/GitHub/loackyPKM/99 - Meta/Scripts/brain_ingest.py:2: SyntaxWarning: invalid escape sequence '\ '
  """brain_ingest.py - Unified Second Brain Ingestion & GTD Intake Engine.
Processed 0 raw notes in Inbox.
2026-08-25 19:31:07 - Raw inbox note ready for processing detected. Invoking scan-inbox...
/Users/lorenzo/Documents/GitHub/loackyPKM/99 - Meta/Scripts/brain_ingest.py:2: SyntaxWarning: invalid escape sequence '\ '
  """brain_ingest.py - Unified Second Brain Ingestion & GTD Intake Engine.
Processed 0 raw notes in Inbox.
2026-08-25 19:31:12 - Raw inbox note ready for processing detected. Invoking scan-inbox...
/Users/lorenzo/Documents/GitHub/loackyPKM/99 - Meta/Scripts/brain_ingest.py:2: SyntaxWarning: invalid escape sequence '\ '
  """brain_ingest.py - Unified Second Brain Ingestion & GTD Intake Engine.
Processed 0 raw notes in Inbox.
2026-08-25 19:31:18 - Raw inbox note ready for processing detected. Invoking scan-inbox...
/Users/lorenzo/Documents/GitHub/loackyPKM/99 - Meta/Scripts/brain_ingest.py:2: SyntaxWarning: invalid escape sequence '\ '
  """brain_ingest.py - Unified Second Brain Ingestion & GTD Intake Engine.
Processed 0 raw notes in Inbox.
2026-08-25 19:31:23 - Raw inbox note ready for processing detected. Invoking scan-inbox...
/Users/lorenzo/Documents/GitHub/loackyPKM/99 - Meta/Scripts/brain_ingest.py:2: SyntaxWarning: invalid escape sequence '\ '
  """brain_ingest.py - Unified Second Brain Ingestion & GTD Intake Engine.
Processed 0 raw notes in Inbox.
2026-08-25 19:31:28 - Raw inbox note ready for processing detected. Invoking scan-inbox...
/Users/lorenzo/Documents/GitHub/loackyPKM/99 - Meta/Scripts/brain_ingest.py:2: SyntaxWarning: invalid escape sequence '\ '
  """brain_ingest.py - Unified Second Brain Ingestion & GTD Intake Engine.
Processed 0 raw notes in Inbox.
2026-08-25 19:31:33 - Raw inbox note ready for processing detected. Invoking scan-inbox...
/Users/lorenzo/Documents/GitHub/loackyPKM/99 - Meta/Scripts/brain_ingest.py:2: SyntaxWarning: invalid escape sequence '\ '
  """brain_ingest.py - Unified Second Brain Ingestion & GTD Intake Engine.
Processed 0 raw notes in Inbox.
2026-08-25 19:31:39 - Raw inbox note ready for processing detected. Invoking scan-inbox...
/Users/lorenzo/Documents/GitHub/loackyPKM/99 - Meta/Scripts/brain_ingest.py:2: SyntaxWarning: invalid escape sequence '\ '
  """brain_ingest.py - Unified Second Brain Ingestion & GTD Intake Engine.
Processed 0 raw notes in Inbox.
2026-08-25 19:31:44 - Raw inbox note ready for processing detected. Invoking scan-inbox...
/Users/lorenzo/Documents/GitHub/loackyPKM/99 - Meta/Scripts/brain_ingest.py:2: SyntaxWarning: invalid escape sequence '\ '
  """brain_ingest.py - Unified Second Brain Ingestion & GTD Intake Engine.
Processed 0 raw notes in Inbox.
2026-08-25 19:31:49 - Raw inbox note ready for processing detected. Invoking scan-inbox...
/Users/lorenzo/Documents/GitHub/loackyPKM/99 - Meta/Scripts/brain_ingest.py:2: SyntaxWarning: invalid escape sequence '\ '
  """brain_ingest.py - Unified Second Brain Ingestion & GTD Intake Engine.
Processed 0 raw notes in Inbox.
2026-08-25 19:31:55 - Raw inbox note ready for processing detected. Invoking scan-inbox...
/Users/lorenzo/Documents/GitHub/loackyPKM/99 - Meta/Scripts/brain_ingest.py:2: SyntaxWarning: invalid escape sequence '\ '
  """brain_ingest.py - Unified Second Brain Ingestion & GTD Intake Engine.
Processed 0 raw notes in Inbox.
2026-08-25 19:32:00 - Raw inbox note ready for processing detected. Invoking scan-inbox...
/Users/lorenzo/Documents/GitHub/loackyPKM/99 - Meta/Scripts/brain_ingest.py:2: SyntaxWarning: invalid escape sequence '\ '
  """brain_ingest.py - Unified Second Brain Ingestion & GTD Intake Engine.
Processed 0 raw notes in Inbox.
2026-08-25 19:32:05 - Raw inbox note ready for processing detected. Invoking scan-inbox...
/Users/lorenzo/Documents/GitHub/loackyPKM/99 - Meta/Scripts/brain_ingest.py:2: SyntaxWarning: invalid escape sequence '\ '
  """brain_ingest.py - Unified Second Brain Ingestion & GTD Intake Engine.
Processed 0 raw notes in Inbox.
2026-08-25 19:32:10 - Raw inbox note ready for processing detected. Invoking scan-inbox...
/Users/lorenzo/Documents/GitHub/loackyPKM/99 - Meta/Scripts/brain_ingest.py:2: SyntaxWarning: invalid escape sequence '\ '
  """brain_ingest.py - Unified Second Brain Ingestion & GTD Intake Engine.
Processed 0 raw notes in Inbox.
2026-08-25 19:32:16 - Raw inbox note ready for processing detected. Invoking scan-inbox...
/Users/lorenzo/Documents/GitHub/loackyPKM/99 - Meta/Scripts/brain_ingest.py:2: SyntaxWarning: invalid escape sequence '\ '
  """brain_ingest.py - Unified Second Brain Ingestion & GTD Intake Engine.
Processed 0 raw notes in Inbox.
2026-08-25 19:32:21 - Raw inbox note ready for processing detected. Invoking scan-inbox...
/Users/lorenzo/Documents/GitHub/loackyPKM/99 - Meta/Scripts/brain_ingest.py:2: SyntaxWarning: invalid escape sequence '\ '
  """brain_ingest.py - Unified Second Brain Ingestion & GTD Intake Engine.
Processed 0 raw notes in Inbox.
2026-08-25 19:32:26 - Raw inbox note ready for processing detected. Invoking scan-inbox...
/Users/lorenzo/Documents/GitHub/loackyPKM/99 - Meta/Scripts/brain_ingest.py:2: SyntaxWarning: invalid escape sequence '\ '
  """brain_ingest.py - Unified Second Brain Ingestion & GTD Intake Engine.
Processed 0 raw notes in Inbox.
2026-08-25 19:32:31 - Raw inbox note ready for processing detected. Invoking scan-inbox...
/Users/lorenzo/Documents/GitHub/loackyPKM/99 - Meta/Scripts/brain_ingest.py:2: SyntaxWarning: invalid escape sequence '\ '
  """brain_ingest.py - Unified Second Brain Ingestion & GTD Intake Engine.
Processed 0 raw notes in Inbox.
2026-08-25 19:32:37 - Raw inbox note ready for processing detected. Invoking scan-inbox...
/Users/lorenzo/Documents/GitHub/loackyPKM/99 - Meta/Scripts/brain_ingest.py:2: SyntaxWarning: invalid escape sequence '\ '
  """brain_ingest.py - Unified Second Brain Ingestion & GTD Intake Engine.
Processed 0 raw notes in Inbox.
2026-08-25 19:32:42 - Raw inbox note ready for processing detected. Invoking scan-inbox...
/Users/lorenzo/Documents/GitHub/loackyPKM/99 - Meta/Scripts/brain_ingest.py:2: SyntaxWarning: invalid escape sequence '\ '
  """brain_ingest.py - Unified Second Brain Ingestion & GTD Intake Engine.
Processed 0 raw notes in Inbox.
2026-08-25 19:32:47 - Raw inbox note ready for processing detected. Invoking scan-inbox...
/Users/lorenzo/Documents/GitHub/loackyPKM/99 - Meta/Scripts/brain_ingest.py:2: SyntaxWarning: invalid escape sequence '\ '
  """brain_ingest.py - Unified Second Brain Ingestion & GTD Intake Engine.
Processed 0 raw notes in Inbox.
2026-08-25 19:32:53 - Raw inbox note ready for processing detected. Invoking scan-inbox...
/Users/lorenzo/Documents/GitHub/loackyPKM/99 - Meta/Scripts/brain_ingest.py:2: SyntaxWarning: invalid escape sequence '\ '
  """brain_ingest.py - Unified Second Brain Ingestion & GTD Intake Engine.
Processed 0 raw notes in Inbox.
2026-08-25 19:32:58 - Raw inbox note ready for processing detected. Invoking scan-inbox...
/Users/lorenzo/Documents/GitHub/loackyPKM/99 - Meta/Scripts/brain_ingest.py:2: SyntaxWarning: invalid escape sequence '\ '
  """brain_ingest.py - Unified Second Brain Ingestion & GTD Intake Engine.
Processed 0 raw notes in Inbox.
2026-08-25 19:33:03 - Raw inbox note ready for processing detected. Invoking scan-inbox...
/Users/lorenzo/Documents/GitHub/loackyPKM/99 - Meta/Scripts/brain_ingest.py:2: SyntaxWarning: invalid escape sequence '\ '
  """brain_ingest.py - Unified Second Brain Ingestion & GTD Intake Engine.
Processed 0 raw notes in Inbox.
2026-08-25 19:33:08 - Raw inbox note ready for processing detected. Invoking scan-inbox...
/Users/lorenzo/Documents/GitHub/loackyPKM/99 - Meta/Scripts/brain_ingest.py:2: SyntaxWarning: invalid escape sequence '\ '
  """brain_ingest.py - Unified Second Brain Ingestion & GTD Intake Engine.
Processed 0 raw notes in Inbox.
2026-08-25 19:33:14 - Raw inbox note ready for processing detected. Invoking scan-inbox...
/Users/lorenzo/Documents/GitHub/loackyPKM/99 - Meta/Scripts/brain_ingest.py:2: SyntaxWarning: invalid escape sequence '\ '
  """brain_ingest.py - Unified Second Brain Ingestion & GTD Intake Engine.
Processed 0 raw notes in Inbox.
2026-08-25 19:33:19 - Raw inbox note ready for processing detected. Invoking scan-inbox...
/Users/lorenzo/Documents/GitHub/loackyPKM/99 - Meta/Scripts/brain_ingest.py:2: SyntaxWarning: invalid escape sequence '\ '
  """brain_ingest.py - Unified Second Brain Ingestion & GTD Intake Engine.
Processed 0 raw notes in Inbox.
2026-08-25 19:33:24 - Raw inbox note ready for processing detected. Invoking scan-inbox...
/Users/lorenzo/Documents/GitHub/loackyPKM/99 - Meta/Scripts/brain_ingest.py:2: SyntaxWarning: invalid escape sequence '\ '
  """brain_ingest.py - Unified Second Brain Ingestion & GTD Intake Engine.
Processed 0 raw notes in Inbox.
2026-08-25 19:33:30 - Raw inbox note ready for processing detected. Invoking scan-inbox...
/Users/lorenzo/Documents/GitHub/loackyPKM/99 - Meta/Scripts/brain_ingest.py:2: SyntaxWarning: invalid escape sequence '\ '
  """brain_ingest.py - Unified Second Brain Ingestion & GTD Intake Engine.
Processed 0 raw notes in Inbox.
2026-08-25 19:33:35 - Raw inbox note ready for processing detected. Invoking scan-inbox...
/Users/lorenzo/Documents/GitHub/loackyPKM/99 - Meta/Scripts/brain_ingest.py:2: SyntaxWarning: invalid escape sequence '\ '
  """brain_ingest.py - Unified Second Brain Ingestion & GTD Intake Engine.
Processed 0 raw notes in Inbox.
2026-08-25 19:33:40 - Raw inbox note ready for processing detected. Invoking scan-inbox...
/Users/lorenzo/Documents/GitHub/loackyPKM/99 - Meta/Scripts/brain_ingest.py:2: SyntaxWarning: invalid escape sequence '\ '
  """brain_ingest.py - Unified Second Brain Ingestion & GTD Intake Engine.
Processed 0 raw notes in Inbox.
2026-08-25 19:33:45 - Raw inbox note ready for processing detected. Invoking scan-inbox...
/Users/lorenzo/Documents/GitHub/loackyPKM/99 - Meta/Scripts/brain_ingest.py:2: SyntaxWarning: invalid escape sequence '\ '
  """brain_ingest.py - Unified Second Brain Ingestion & GTD Intake Engine.
Processed 0 raw notes in Inbox.
2026-08-25 19:33:51 - Raw inbox note ready for processing detected. Invoking scan-inbox...
/Users/lorenzo/Documents/GitHub/loackyPKM/99 - Meta/Scripts/brain_ingest.py:2: SyntaxWarning: invalid escape sequence '\ '
  """brain_ingest.py - Unified Second Brain Ingestion & GTD Intake Engine.
Processed 0 raw notes in Inbox.
2026-08-25 19:33:56 - Raw inbox note ready for processing detected. Invoking scan-inbox...
/Users/lorenzo/Documents/GitHub/loackyPKM/99 - Meta/Scripts/brain_ingest.py:2: SyntaxWarning: invalid escape sequence '\ '
  """brain_ingest.py - Unified Second Brain Ingestion & GTD Intake Engine.
Processed 0 raw notes in Inbox.
2026-08-25 19:34:01 - Raw inbox note ready for processing detected. Invoking scan-inbox...
/Users/lorenzo/Documents/GitHub/loackyPKM/99 - Meta/Scripts/brain_ingest.py:2: SyntaxWarning: invalid escape sequence '\ '
  """brain_ingest.py - Unified Second Brain Ingestion & GTD Intake Engine.
Processed 0 raw notes in Inbox.
2026-08-25 19:34:06 - Raw inbox note ready for processing detected. Invoking scan-inbox...
/Users/lorenzo/Documents/GitHub/loackyPKM/99 - Meta/Scripts/brain_ingest.py:2: SyntaxWarning: invalid escape sequence '\ '
  """brain_ingest.py - Unified Second Brain Ingestion & GTD Intake Engine.
Processed 0 raw notes in Inbox.
2026-08-25 19:34:12 - Raw inbox note ready for processing detected. Invoking scan-inbox...
/Users/lorenzo/Documents/GitHub/loackyPKM/99 - Meta/Scripts/brain_ingest.py:2: SyntaxWarning: invalid escape sequence '\ '
  """brain_ingest.py - Unified Second Brain Ingestion & GTD Intake Engine.
Processed 0 raw notes in Inbox.
2026-08-25 19:34:17 - Raw inbox note ready for processing detected. Invoking scan-inbox...
/Users/lorenzo/Documents/GitHub/loackyPKM/99 - Meta/Scripts/brain_ingest.py:2: SyntaxWarning: invalid escape sequence '\ '
  """brain_ingest.py - Unified Second Brain Ingestion & GTD Intake Engine.
Processed 0 raw notes in Inbox.
2026-08-25 19:34:22 - Raw inbox note ready for processing detected. Invoking scan-inbox...
/Users/lorenzo/Documents/GitHub/loackyPKM/99 - Meta/Scripts/brain_ingest.py:2: SyntaxWarning: invalid escape sequence '\ '
  """brain_ingest.py - Unified Second Brain Ingestion & GTD Intake Engine.
Processed 0 raw notes in Inbox.
2026-08-25 19:34:28 - Raw inbox note ready for processing detected. Invoking scan-inbox...
/Users/lorenzo/Documents/GitHub/loackyPKM/99 - Meta/Scripts/brain_ingest.py:2: SyntaxWarning: invalid escape sequence '\ '
  """brain_ingest.py - Unified Second Brain Ingestion & GTD Intake Engine.
Processed 0 raw notes in Inbox.
2026-08-25 19:34:33 - Raw inbox note ready for processing detected. Invoking scan-inbox...
/Users/lorenzo/Documents/GitHub/loackyPKM/99 - Meta/Scripts/brain_ingest.py:2: SyntaxWarning: invalid escape sequence '\ '
  """brain_ingest.py - Unified Second Brain Ingestion & GTD Intake Engine.
Processed 0 raw notes in Inbox.
2026-08-25 19:34:38 - Raw inbox note ready for processing detected. Invoking scan-inbox...
/Users/lorenzo/Documents/GitHub/loackyPKM/99 - Meta/Scripts/brain_ingest.py:2: SyntaxWarning: invalid escape sequence '\ '
  """brain_ingest.py - Unified Second Brain Ingestion & GTD Intake Engine.
Processed 0 raw notes in Inbox.
2026-08-25 19:34:43 - Raw inbox note ready for processing detected. Invoking scan-inbox...
/Users/lorenzo/Documents/GitHub/loackyPKM/99 - Meta/Scripts/brain_ingest.py:2: SyntaxWarning: invalid escape sequence '\ '
  """brain_ingest.py - Unified Second Brain Ingestion & GTD Intake Engine.
Processed 0 raw notes in Inbox.
2026-08-25 19:34:49 - Raw inbox note ready for processing detected. Invoking scan-inbox...
/Users/lorenzo/Documents/GitHub/loackyPKM/99 - Meta/Scripts/brain_ingest.py:2: SyntaxWarning: invalid escape sequence '\ '
  """brain_ingest.py - Unified Second Brain Ingestion & GTD Intake Engine.
Processed 0 raw notes in Inbox.
2026-08-25 19:34:54 - Raw inbox note ready for processing detected. Invoking scan-inbox...
/Users/lorenzo/Documents/GitHub/loackyPKM/99 - Meta/Scripts/brain_ingest.py:2: SyntaxWarning: invalid escape sequence '\ '
  """brain_ingest.py - Unified Second Brain Ingestion & GTD Intake Engine.
Processed 0 raw notes in Inbox.
2026-08-25 19:34:59 - Raw inbox note ready for processing detected. Invoking scan-inbox...
/Users/lorenzo/Documents/GitHub/loackyPKM/99 - Meta/Scripts/brain_ingest.py:2: SyntaxWarning: invalid escape sequence '\ '
  """brain_ingest.py - Unified Second Brain Ingestion & GTD Intake Engine.
Processed 0 raw notes in Inbox.
2026-08-25 19:35:05 - Raw inbox note ready for processing detected. Invoking scan-inbox...
/Users/lorenzo/Documents/GitHub/loackyPKM/99 - Meta/Scripts/brain_ingest.py:2: SyntaxWarning: invalid escape sequence '\ '
  """brain_ingest.py - Unified Second Brain Ingestion & GTD Intake Engine.
Processed 0 raw notes in Inbox.
2026-08-25 19:35:10 - Raw inbox note ready for processing detected. Invoking scan-inbox...
/Users/lorenzo/Documents/GitHub/loackyPKM/99 - Meta/Scripts/brain_ingest.py:2: SyntaxWarning: invalid escape sequence '\ '
  """brain_ingest.py - Unified Second Brain Ingestion & GTD Intake Engine.
Processed 0 raw notes in Inbox.
2026-08-25 19:35:15 - Raw inbox note ready for processing detected. Invoking scan-inbox...
/Users/lorenzo/Documents/GitHub/loackyPKM/99 - Meta/Scripts/brain_ingest.py:2: SyntaxWarning: invalid escape sequence '\ '
  """brain_ingest.py - Unified Second Brain Ingestion & GTD Intake Engine.
Processed 0 raw notes in Inbox.
2026-08-25 19:35:20 - Raw inbox note ready for processing detected. Invoking scan-inbox...
/Users/lorenzo/Documents/GitHub/loackyPKM/99 - Meta/Scripts/brain_ingest.py:2: SyntaxWarning: invalid escape sequence '\ '
  """brain_ingest.py - Unified Second Brain Ingestion & GTD Intake Engine.
Processed 0 raw notes in Inbox.
2026-08-25 19:35:26 - Raw inbox note ready for processing detected. Invoking scan-inbox...
/Users/lorenzo/Documents/GitHub/loackyPKM/99 - Meta/Scripts/brain_ingest.py:2: SyntaxWarning: invalid escape sequence '\ '
  """brain_ingest.py - Unified Second Brain Ingestion & GTD Intake Engine.
Processed 0 raw notes in Inbox.
2026-08-25 19:35:31 - Raw inbox note ready for processing detected. Invoking scan-inbox...
/Users/lorenzo/Documents/GitHub/loackyPKM/99 - Meta/Scripts/brain_ingest.py:2: SyntaxWarning: invalid escape sequence '\ '
  """brain_ingest.py - Unified Second Brain Ingestion & GTD Intake Engine.
Processed 0 raw notes in Inbox.
2026-08-25 19:35:36 - Raw inbox note ready for processing detected. Invoking scan-inbox...
/Users/lorenzo/Documents/GitHub/loackyPKM/99 - Meta/Scripts/brain_ingest.py:2: SyntaxWarning: invalid escape sequence '\ '
  """brain_ingest.py - Unified Second Brain Ingestion & GTD Intake Engine.
Processed 0 raw notes in Inbox.
2026-08-25 19:35:41 - Raw inbox note ready for processing detected. Invoking scan-inbox...
/Users/lorenzo/Documents/GitHub/loackyPKM/99 - Meta/Scripts/brain_ingest.py:2: SyntaxWarning: invalid escape sequence '\ '
  """brain_ingest.py - Unified Second Brain Ingestion & GTD Intake Engine.
Processed 0 raw notes in Inbox.
2026-08-25 19:35:47 - Raw inbox note ready for processing detected. Invoking scan-inbox...
/Users/lorenzo/Documents/GitHub/loackyPKM/99 - Meta/Scripts/brain_ingest.py:2: SyntaxWarning: invalid escape sequence '\ '
  """brain_ingest.py - Unified Second Brain Ingestion & GTD Intake Engine.
Processed 0 raw notes in Inbox.
2026-08-25 19:35:52 - Raw inbox note ready for processing detected. Invoking scan-inbox...
/Users/lorenzo/Documents/GitHub/loackyPKM/99 - Meta/Scripts/brain_ingest.py:2: SyntaxWarning: invalid escape sequence '\ '
  """brain_ingest.py - Unified Second Brain Ingestion & GTD Intake Engine.
Processed 0 raw notes in Inbox.
2026-08-25 19:35:57 - Raw inbox note ready for processing detected. Invoking scan-inbox...
/Users/lorenzo/Documents/GitHub/loackyPKM/99 - Meta/Scripts/brain_ingest.py:2: SyntaxWarning: invalid escape sequence '\ '
  """brain_ingest.py - Unified Second Brain Ingestion & GTD Intake Engine.
Processed 0 raw notes in Inbox.
2026-08-25 19:36:03 - Raw inbox note ready for processing detected. Invoking scan-inbox...
/Users/lorenzo/Documents/GitHub/loackyPKM/99 - Meta/Scripts/brain_ingest.py:2: SyntaxWarning: invalid escape sequence '\ '
  """brain_ingest.py - Unified Second Brain Ingestion & GTD Intake Engine.
Processed 0 raw notes in Inbox.
2026-08-25 19:36:08 - Raw inbox note ready for processing detected. Invoking scan-inbox...
/Users/lorenzo/Documents/GitHub/loackyPKM/99 - Meta/Scripts/brain_ingest.py:2: SyntaxWarning: invalid escape sequence '\ '
  """brain_ingest.py - Unified Second Brain Ingestion & GTD Intake Engine.
Processed 0 raw notes in Inbox.
2026-08-25 19:36:13 - Raw inbox note ready for processing detected. Invoking scan-inbox...
/Users/lorenzo/Documents/GitHub/loackyPKM/99 - Meta/Scripts/brain_ingest.py:2: SyntaxWarning: invalid escape sequence '\ '
  """brain_ingest.py - Unified Second Brain Ingestion & GTD Intake Engine.
Processed 0 raw notes in Inbox.
2026-08-25 19:36:18 - Raw inbox note ready for processing detected. Invoking scan-inbox...
/Users/lorenzo/Documents/GitHub/loackyPKM/99 - Meta/Scripts/brain_ingest.py:2: SyntaxWarning: invalid escape sequence '\ '
  """brain_ingest.py - Unified Second Brain Ingestion & GTD Intake Engine.
Processed 0 raw notes in Inbox.
2026-08-25 19:36:24 - Raw inbox note ready for processing detected. Invoking scan-inbox...
/Users/lorenzo/Documents/GitHub/loackyPKM/99 - Meta/Scripts/brain_ingest.py:2: SyntaxWarning: invalid escape sequence '\ '
  """brain_ingest.py - Unified Second Brain Ingestion & GTD Intake Engine.
Processed 0 raw notes in Inbox.
2026-08-25 19:36:29 - Raw inbox note ready for processing detected. Invoking scan-inbox...
/Users/lorenzo/Documents/GitHub/loackyPKM/99 - Meta/Scripts/brain_ingest.py:2: SyntaxWarning: invalid escape sequence '\ '
  """brain_ingest.py - Unified Second Brain Ingestion & GTD Intake Engine.
Processed 0 raw notes in Inbox.
2026-08-25 19:36:34 - Raw inbox note ready for processing detected. Invoking scan-inbox...
/Users/lorenzo/Documents/GitHub/loackyPKM/99 - Meta/Scripts/brain_ingest.py:2: SyntaxWarning: invalid escape sequence '\ '
  """brain_ingest.py - Unified Second Brain Ingestion & GTD Intake Engine.
Processed 0 raw notes in Inbox.
2026-08-25 19:36:40 - Raw inbox note ready for processing detected. Invoking scan-inbox...
/Users/lorenzo/Documents/GitHub/loackyPKM/99 - Meta/Scripts/brain_ingest.py:2: SyntaxWarning: invalid escape sequence '\ '
  """brain_ingest.py - Unified Second Brain Ingestion & GTD Intake Engine.
Processed 0 raw notes in Inbox.
2026-08-25 19:36:45 - Raw inbox note ready for processing detected. Invoking scan-inbox...
/Users/lorenzo/Documents/GitHub/loackyPKM/99 - Meta/Scripts/brain_ingest.py:2: SyntaxWarning: invalid escape sequence '\ '
  """brain_ingest.py - Unified Second Brain Ingestion & GTD Intake Engine.
Processed 0 raw notes in Inbox.
2026-08-25 19:36:50 - Raw inbox note ready for processing detected. Invoking scan-inbox...
/Users/lorenzo/Documents/GitHub/loackyPKM/99 - Meta/Scripts/brain_ingest.py:2: SyntaxWarning: invalid escape sequence '\ '
  """brain_ingest.py - Unified Second Brain Ingestion & GTD Intake Engine.
Processed 0 raw notes in Inbox.
2026-08-25 19:36:55 - Raw inbox note ready for processing detected. Invoking scan-inbox...
/Users/lorenzo/Documents/GitHub/loackyPKM/99 - Meta/Scripts/brain_ingest.py:2: SyntaxWarning: invalid escape sequence '\ '
  """brain_ingest.py - Unified Second Brain Ingestion & GTD Intake Engine.
Processed 0 raw notes in Inbox.
2026-08-25 19:37:01 - Raw inbox note ready for processing detected. Invoking scan-inbox...
/Users/lorenzo/Documents/GitHub/loackyPKM/99 - Meta/Scripts/brain_ingest.py:2: SyntaxWarning: invalid escape sequence '\ '
  """brain_ingest.py - Unified Second Brain Ingestion & GTD Intake Engine.
Processed 0 raw notes in Inbox.
2026-08-25 19:37:06 - Raw inbox note ready for processing detected. Invoking scan-inbox...
/Users/lorenzo/Documents/GitHub/loackyPKM/99 - Meta/Scripts/brain_ingest.py:2: SyntaxWarning: invalid escape sequence '\ '
  """brain_ingest.py - Unified Second Brain Ingestion & GTD Intake Engine.
Processed 0 raw notes in Inbox.
2026-08-25 19:37:11 - Raw inbox note ready for processing detected. Invoking scan-inbox...
/Users/lorenzo/Documents/GitHub/loackyPKM/99 - Meta/Scripts/brain_ingest.py:2: SyntaxWarning: invalid escape sequence '\ '
  """brain_ingest.py - Unified Second Brain Ingestion & GTD Intake Engine.
Processed 0 raw notes in Inbox.
2026-08-25 19:37:17 - Raw inbox note ready for processing detected. Invoking scan-inbox...
/Users/lorenzo/Documents/GitHub/loackyPKM/99 - Meta/Scripts/brain_ingest.py:2: SyntaxWarning: invalid escape sequence '\ '
  """brain_ingest.py - Unified Second Brain Ingestion & GTD Intake Engine.
Processed 0 raw notes in Inbox.
2026-08-25 19:37:22 - Raw inbox note ready for processing detected. Invoking scan-inbox...
/Users/lorenzo/Documents/GitHub/loackyPKM/99 - Meta/Scripts/brain_ingest.py:2: SyntaxWarning: invalid escape sequence '\ '
  """brain_ingest.py - Unified Second Brain Ingestion & GTD Intake Engine.
Processed 0 raw notes in Inbox.
2026-08-25 19:37:27 - Raw inbox note ready for processing detected. Invoking scan-inbox...
/Users/lorenzo/Documents/GitHub/loackyPKM/99 - Meta/Scripts/brain_ingest.py:2: SyntaxWarning: invalid escape sequence '\ '
  """brain_ingest.py - Unified Second Brain Ingestion & GTD Intake Engine.
Processed 0 raw notes in Inbox.
2026-08-25 19:37:32 - Raw inbox note ready for processing detected. Invoking scan-inbox...
/Users/lorenzo/Documents/GitHub/loackyPKM/99 - Meta/Scripts/brain_ingest.py:2: SyntaxWarning: invalid escape sequence '\ '
  """brain_ingest.py - Unified Second Brain Ingestion & GTD Intake Engine.
Processed 0 raw notes in Inbox.
2026-08-25 19:37:38 - Raw inbox note ready for processing detected. Invoking scan-inbox...
/Users/lorenzo/Documents/GitHub/loackyPKM/99 - Meta/Scripts/brain_ingest.py:2: SyntaxWarning: invalid escape sequence '\ '
  """brain_ingest.py - Unified Second Brain Ingestion & GTD Intake Engine.
Processed 0 raw notes in Inbox.
2026-08-25 19:37:43 - Raw inbox note ready for processing detected. Invoking scan-inbox...
/Users/lorenzo/Documents/GitHub/loackyPKM/99 - Meta/Scripts/brain_ingest.py:2: SyntaxWarning: invalid escape sequence '\ '
  """brain_ingest.py - Unified Second Brain Ingestion & GTD Intake Engine.
Processed 0 raw notes in Inbox.
2026-08-25 19:37:48 - Raw inbox note ready for processing detected. Invoking scan-inbox...
/Users/lorenzo/Documents/GitHub/loackyPKM/99 - Meta/Scripts/brain_ingest.py:2: SyntaxWarning: invalid escape sequence '\ '
  """brain_ingest.py - Unified Second Brain Ingestion & GTD Intake Engine.
Processed 0 raw notes in Inbox.
2026-08-25 19:37:53 - Raw inbox note ready for processing detected. Invoking scan-inbox...
/Users/lorenzo/Documents/GitHub/loackyPKM/99 - Meta/Scripts/brain_ingest.py:2: SyntaxWarning: invalid escape sequence '\ '
  """brain_ingest.py - Unified Second Brain Ingestion & GTD Intake Engine.
Processed 0 raw notes in Inbox.
2026-08-25 19:37:59 - Raw inbox note ready for processing detected. Invoking scan-inbox...
/Users/lorenzo/Documents/GitHub/loackyPKM/99 - Meta/Scripts/brain_ingest.py:2: SyntaxWarning: invalid escape sequence '\ '
  """brain_ingest.py - Unified Second Brain Ingestion & GTD Intake Engine.
Processed 0 raw notes in Inbox.
2026-08-25 19:38:04 - Raw inbox note ready for processing detected. Invoking scan-inbox...
/Users/lorenzo/Documents/GitHub/loackyPKM/99 - Meta/Scripts/brain_ingest.py:2: SyntaxWarning: invalid escape sequence '\ '
  """brain_ingest.py - Unified Second Brain Ingestion & GTD Intake Engine.
Processed 0 raw notes in Inbox.
2026-08-25 19:38:09 - Raw inbox note ready for processing detected. Invoking scan-inbox...
/Users/lorenzo/Documents/GitHub/loackyPKM/99 - Meta/Scripts/brain_ingest.py:2: SyntaxWarning: invalid escape sequence '\ '
  """brain_ingest.py - Unified Second Brain Ingestion & GTD Intake Engine.
Processed 0 raw notes in Inbox.
2026-08-25 19:38:15 - Raw inbox note ready for processing detected. Invoking scan-inbox...
/Users/lorenzo/Documents/GitHub/loackyPKM/99 - Meta/Scripts/brain_ingest.py:2: SyntaxWarning: invalid escape sequence '\ '
  """brain_ingest.py - Unified Second Brain Ingestion & GTD Intake Engine.
Processed 0 raw notes in Inbox.
2026-08-25 19:38:20 - Raw inbox note ready for processing detected. Invoking scan-inbox...
/Users/lorenzo/Documents/GitHub/loackyPKM/99 - Meta/Scripts/brain_ingest.py:2: SyntaxWarning: invalid escape sequence '\ '
  """brain_ingest.py - Unified Second Brain Ingestion & GTD Intake Engine.
Processed 0 raw notes in Inbox.
2026-08-25 19:38:25 - Raw inbox note ready for processing detected. Invoking scan-inbox...
/Users/lorenzo/Documents/GitHub/loackyPKM/99 - Meta/Scripts/brain_ingest.py:2: SyntaxWarning: invalid escape sequence '\ '
  """brain_ingest.py - Unified Second Brain Ingestion & GTD Intake Engine.
Processed 0 raw notes in Inbox.
2026-08-25 19:38:30 - Raw inbox note ready for processing detected. Invoking scan-inbox...
/Users/lorenzo/Documents/GitHub/loackyPKM/99 - Meta/Scripts/brain_ingest.py:2: SyntaxWarning: invalid escape sequence '\ '
  """brain_ingest.py - Unified Second Brain Ingestion & GTD Intake Engine.
Processed 0 raw notes in Inbox.
2026-08-25 19:38:36 - Raw inbox note ready for processing detected. Invoking scan-inbox...
/Users/lorenzo/Documents/GitHub/loackyPKM/99 - Meta/Scripts/brain_ingest.py:2: SyntaxWarning: invalid escape sequence '\ '
  """brain_ingest.py - Unified Second Brain Ingestion & GTD Intake Engine.
Processed 0 raw notes in Inbox.
2026-08-25 19:38:41 - Raw inbox note ready for processing detected. Invoking scan-inbox...
/Users/lorenzo/Documents/GitHub/loackyPKM/99 - Meta/Scripts/brain_ingest.py:2: SyntaxWarning: invalid escape sequence '\ '
  """brain_ingest.py - Unified Second Brain Ingestion & GTD Intake Engine.
Processed 0 raw notes in Inbox.
2026-08-25 19:38:46 - Raw inbox note ready for processing detected. Invoking scan-inbox...
/Users/lorenzo/Documents/GitHub/loackyPKM/99 - Meta/Scripts/brain_ingest.py:2: SyntaxWarning: invalid escape sequence '\ '
  """brain_ingest.py - Unified Second Brain Ingestion & GTD Intake Engine.
Processed 0 raw notes in Inbox.
2026-08-25 19:38:52 - Raw inbox note ready for processing detected. Invoking scan-inbox...
/Users/lorenzo/Documents/GitHub/loackyPKM/99 - Meta/Scripts/brain_ingest.py:2: SyntaxWarning: invalid escape sequence '\ '
  """brain_ingest.py - Unified Second Brain Ingestion & GTD Intake Engine.
Processed 0 raw notes in Inbox.
2026-08-25 19:38:57 - Raw inbox note ready for processing detected. Invoking scan-inbox...
/Users/lorenzo/Documents/GitHub/loackyPKM/99 - Meta/Scripts/brain_ingest.py:2: SyntaxWarning: invalid escape sequence '\ '
  """brain_ingest.py - Unified Second Brain Ingestion & GTD Intake Engine.
Processed 0 raw notes in Inbox.
2026-08-25 19:39:02 - Raw inbox note ready for processing detected. Invoking scan-inbox...
/Users/lorenzo/Documents/GitHub/loackyPKM/99 - Meta/Scripts/brain_ingest.py:2: SyntaxWarning: invalid escape sequence '\ '
  """brain_ingest.py - Unified Second Brain Ingestion & GTD Intake Engine.
Processed 0 raw notes in Inbox.
2026-08-25 19:39:07 - Raw inbox note ready for processing detected. Invoking scan-inbox...
/Users/lorenzo/Documents/GitHub/loackyPKM/99 - Meta/Scripts/brain_ingest.py:2: SyntaxWarning: invalid escape sequence '\ '
  """brain_ingest.py - Unified Second Brain Ingestion & GTD Intake Engine.
Processed 0 raw notes in Inbox.
2026-08-25 19:39:13 - Raw inbox note ready for processing detected. Invoking scan-inbox...
/Users/lorenzo/Documents/GitHub/loackyPKM/99 - Meta/Scripts/brain_ingest.py:2: SyntaxWarning: invalid escape sequence '\ '
  """brain_ingest.py - Unified Second Brain Ingestion & GTD Intake Engine.
Processed 0 raw notes in Inbox.
2026-08-25 19:39:18 - Raw inbox note ready for processing detected. Invoking scan-inbox...
/Users/lorenzo/Documents/GitHub/loackyPKM/99 - Meta/Scripts/brain_ingest.py:2: SyntaxWarning: invalid escape sequence '\ '
  """brain_ingest.py - Unified Second Brain Ingestion & GTD Intake Engine.
Processed 0 raw notes in Inbox.
2026-08-25 19:39:23 - Raw inbox note ready for processing detected. Invoking scan-inbox...
/Users/lorenzo/Documents/GitHub/loackyPKM/99 - Meta/Scripts/brain_ingest.py:2: SyntaxWarning: invalid escape sequence '\ '
  """brain_ingest.py - Unified Second Brain Ingestion & GTD Intake Engine.
Processed 0 raw notes in Inbox.
2026-08-25 19:39:28 - Raw inbox note ready for processing detected. Invoking scan-inbox...
/Users/lorenzo/Documents/GitHub/loackyPKM/99 - Meta/Scripts/brain_ingest.py:2: SyntaxWarning: invalid escape sequence '\ '
  """brain_ingest.py - Unified Second Brain Ingestion & GTD Intake Engine.
Processed 0 raw notes in Inbox.
2026-08-25 19:39:34 - Raw inbox note ready for processing detected. Invoking scan-inbox...
/Users/lorenzo/Documents/GitHub/loackyPKM/99 - Meta/Scripts/brain_ingest.py:2: SyntaxWarning: invalid escape sequence '\ '
  """brain_ingest.py - Unified Second Brain Ingestion & GTD Intake Engine.
Processed 0 raw notes in Inbox.
2026-08-25 19:39:39 - Raw inbox note ready for processing detected. Invoking scan-inbox...
/Users/lorenzo/Documents/GitHub/loackyPKM/99 - Meta/Scripts/brain_ingest.py:2: SyntaxWarning: invalid escape sequence '\ '
  """brain_ingest.py - Unified Second Brain Ingestion & GTD Intake Engine.
Processed 0 raw notes in Inbox.
2026-08-25 19:39:44 - Raw inbox note ready for processing detected. Invoking scan-inbox...
/Users/lorenzo/Documents/GitHub/loackyPKM/99 - Meta/Scripts/brain_ingest.py:2: SyntaxWarning: invalid escape sequence '\ '
  """brain_ingest.py - Unified Second Brain Ingestion & GTD Intake Engine.
Processed 0 raw notes in Inbox.
2026-08-25 19:39:50 - Raw inbox note ready for processing detected. Invoking scan-inbox...
/Users/lorenzo/Documents/GitHub/loackyPKM/99 - Meta/Scripts/brain_ingest.py:2: SyntaxWarning: invalid escape sequence '\ '
  """brain_ingest.py - Unified Second Brain Ingestion & GTD Intake Engine.
Processed 0 raw notes in Inbox.
2026-08-25 19:39:55 - Raw inbox note ready for processing detected. Invoking scan-inbox...
/Users/lorenzo/Documents/GitHub/loackyPKM/99 - Meta/Scripts/brain_ingest.py:2: SyntaxWarning: invalid escape sequence '\ '
  """brain_ingest.py - Unified Second Brain Ingestion & GTD Intake Engine.
Processed 0 raw notes in Inbox.
2026-08-25 19:40:00 - Raw inbox note ready for processing detected. Invoking scan-inbox...
/Users/lorenzo/Documents/GitHub/loackyPKM/99 - Meta/Scripts/brain_ingest.py:2: SyntaxWarning: invalid escape sequence '\ '
  """brain_ingest.py - Unified Second Brain Ingestion & GTD Intake Engine.
Processed 0 raw notes in Inbox.
2026-08-25 19:40:05 - Raw inbox note ready for processing detected. Invoking scan-inbox...
/Users/lorenzo/Documents/GitHub/loackyPKM/99 - Meta/Scripts/brain_ingest.py:2: SyntaxWarning: invalid escape sequence '\ '
  """brain_ingest.py - Unified Second Brain Ingestion & GTD Intake Engine.
Processed 0 raw notes in Inbox.
2026-08-25 19:40:11 - Raw inbox note ready for processing detected. Invoking scan-inbox...
/Users/lorenzo/Documents/GitHub/loackyPKM/99 - Meta/Scripts/brain_ingest.py:2: SyntaxWarning: invalid escape sequence '\ '
  """brain_ingest.py - Unified Second Brain Ingestion & GTD Intake Engine.
Processed 0 raw notes in Inbox.
2026-08-25 19:40:16 - Raw inbox note ready for processing detected. Invoking scan-inbox...
/Users/lorenzo/Documents/GitHub/loackyPKM/99 - Meta/Scripts/brain_ingest.py:2: SyntaxWarning: invalid escape sequence '\ '
  """brain_ingest.py - Unified Second Brain Ingestion & GTD Intake Engine.
Processed 0 raw notes in Inbox.
2026-08-25 19:40:21 - Raw inbox note ready for processing detected. Invoking scan-inbox...
/Users/lorenzo/Documents/GitHub/loackyPKM/99 - Meta/Scripts/brain_ingest.py:2: SyntaxWarning: invalid escape sequence '\ '
  """brain_ingest.py - Unified Second Brain Ingestion & GTD Intake Engine.
Processed 0 raw notes in Inbox.
2026-08-25 19:40:27 - Raw inbox note ready for processing detected. Invoking scan-inbox...
/Users/lorenzo/Documents/GitHub/loackyPKM/99 - Meta/Scripts/brain_ingest.py:2: SyntaxWarning: invalid escape sequence '\ '
  """brain_ingest.py - Unified Second Brain Ingestion & GTD Intake Engine.
Processed 0 raw notes in Inbox.
2026-08-25 19:40:32 - Raw inbox note ready for processing detected. Invoking scan-inbox...
/Users/lorenzo/Documents/GitHub/loackyPKM/99 - Meta/Scripts/brain_ingest.py:2: SyntaxWarning: invalid escape sequence '\ '
  """brain_ingest.py - Unified Second Brain Ingestion & GTD Intake Engine.
Processed 0 raw notes in Inbox.
2026-08-25 19:40:37 - Raw inbox note ready for processing detected. Invoking scan-inbox...
/Users/lorenzo/Documents/GitHub/loackyPKM/99 - Meta/Scripts/brain_ingest.py:2: SyntaxWarning: invalid escape sequence '\ '
  """brain_ingest.py - Unified Second Brain Ingestion & GTD Intake Engine.
Processed 0 raw notes in Inbox.
2026-08-25 19:40:42 - Raw inbox note ready for processing detected. Invoking scan-inbox...
/Users/lorenzo/Documents/GitHub/loackyPKM/99 - Meta/Scripts/brain_ingest.py:2: SyntaxWarning: invalid escape sequence '\ '
  """brain_ingest.py - Unified Second Brain Ingestion & GTD Intake Engine.
Processed 0 raw notes in Inbox.
2026-08-25 19:40:48 - Raw inbox note ready for processing detected. Invoking scan-inbox...
/Users/lorenzo/Documents/GitHub/loackyPKM/99 - Meta/Scripts/brain_ingest.py:2: SyntaxWarning: invalid escape sequence '\ '
  """brain_ingest.py - Unified Second Brain Ingestion & GTD Intake Engine.
Processed 0 raw notes in Inbox.
2026-08-25 19:40:53 - Raw inbox note ready for processing detected. Invoking scan-inbox...
/Users/lorenzo/Documents/GitHub/loackyPKM/99 - Meta/Scripts/brain_ingest.py:2: SyntaxWarning: invalid escape sequence '\ '
  """brain_ingest.py - Unified Second Brain Ingestion & GTD Intake Engine.
Processed 0 raw notes in Inbox.
2026-08-25 19:40:58 - Raw inbox note ready for processing detected. Invoking scan-inbox...
/Users/lorenzo/Documents/GitHub/loackyPKM/99 - Meta/Scripts/brain_ingest.py:2: SyntaxWarning: invalid escape sequence '\ '
  """brain_ingest.py - Unified Second Brain Ingestion & GTD Intake Engine.
Processed 0 raw notes in Inbox.
2026-08-25 19:41:03 - Raw inbox note ready for processing detected. Invoking scan-inbox...
/Users/lorenzo/Documents/GitHub/loackyPKM/99 - Meta/Scripts/brain_ingest.py:2: SyntaxWarning: invalid escape sequence '\ '
  """brain_ingest.py - Unified Second Brain Ingestion & GTD Intake Engine.
Processed 0 raw notes in Inbox.
2026-08-25 19:41:09 - Raw inbox note ready for processing detected. Invoking scan-inbox...
/Users/lorenzo/Documents/GitHub/loackyPKM/99 - Meta/Scripts/brain_ingest.py:2: SyntaxWarning: invalid escape sequence '\ '
  """brain_ingest.py - Unified Second Brain Ingestion & GTD Intake Engine.
Processed 0 raw notes in Inbox.
2026-08-25 19:41:14 - Raw inbox note ready for processing detected. Invoking scan-inbox...
/Users/lorenzo/Documents/GitHub/loackyPKM/99 - Meta/Scripts/brain_ingest.py:2: SyntaxWarning: invalid escape sequence '\ '
  """brain_ingest.py - Unified Second Brain Ingestion & GTD Intake Engine.
Processed 0 raw notes in Inbox.
2026-08-25 19:41:19 - Raw inbox note ready for processing detected. Invoking scan-inbox...
/Users/lorenzo/Documents/GitHub/loackyPKM/99 - Meta/Scripts/brain_ingest.py:2: SyntaxWarning: invalid escape sequence '\ '
  """brain_ingest.py - Unified Second Brain Ingestion & GTD Intake Engine.
Processed 0 raw notes in Inbox.
2026-08-25 19:41:25 - Raw inbox note ready for processing detected. Invoking scan-inbox...
/Users/lorenzo/Documents/GitHub/loackyPKM/99 - Meta/Scripts/brain_ingest.py:2: SyntaxWarning: invalid escape sequence '\ '
  """brain_ingest.py - Unified Second Brain Ingestion & GTD Intake Engine.
Processed 0 raw notes in Inbox.
2026-08-25 19:41:30 - Raw inbox note ready for processing detected. Invoking scan-inbox...
/Users/lorenzo/Documents/GitHub/loackyPKM/99 - Meta/Scripts/brain_ingest.py:2: SyntaxWarning: invalid escape sequence '\ '
  """brain_ingest.py - Unified Second Brain Ingestion & GTD Intake Engine.
Processed 0 raw notes in Inbox.
2026-08-25 19:41:35 - Raw inbox note ready for processing detected. Invoking scan-inbox...
/Users/lorenzo/Documents/GitHub/loackyPKM/99 - Meta/Scripts/brain_ingest.py:2: SyntaxWarning: invalid escape sequence '\ '
  """brain_ingest.py - Unified Second Brain Ingestion & GTD Intake Engine.
Processed 0 raw notes in Inbox.
2026-08-25 19:41:41 - Raw inbox note ready for processing detected. Invoking scan-inbox...
/Users/lorenzo/Documents/GitHub/loackyPKM/99 - Meta/Scripts/brain_ingest.py:2: SyntaxWarning: invalid escape sequence '\ '
  """brain_ingest.py - Unified Second Brain Ingestion & GTD Intake Engine.
Processed 0 raw notes in Inbox.
2026-08-25 19:41:46 - Raw inbox note ready for processing detected. Invoking scan-inbox...
/Users/lorenzo/Documents/GitHub/loackyPKM/99 - Meta/Scripts/brain_ingest.py:2: SyntaxWarning: invalid escape sequence '\ '
  """brain_ingest.py - Unified Second Brain Ingestion & GTD Intake Engine.
Processed 0 raw notes in Inbox.
2026-08-25 19:41:51 - Raw inbox note ready for processing detected. Invoking scan-inbox...
/Users/lorenzo/Documents/GitHub/loackyPKM/99 - Meta/Scripts/brain_ingest.py:2: SyntaxWarning: invalid escape sequence '\ '
  """brain_ingest.py - Unified Second Brain Ingestion & GTD Intake Engine.
Processed 0 raw notes in Inbox.
2026-08-25 19:41:56 - Raw inbox note ready for processing detected. Invoking scan-inbox...
/Users/lorenzo/Documents/GitHub/loackyPKM/99 - Meta/Scripts/brain_ingest.py:2: SyntaxWarning: invalid escape sequence '\ '
  """brain_ingest.py - Unified Second Brain Ingestion & GTD Intake Engine.
Processed 0 raw notes in Inbox.
2026-08-25 19:42:02 - Raw inbox note ready for processing detected. Invoking scan-inbox...
/Users/lorenzo/Documents/GitHub/loackyPKM/99 - Meta/Scripts/brain_ingest.py:2: SyntaxWarning: invalid escape sequence '\ '
  """brain_ingest.py - Unified Second Brain Ingestion & GTD Intake Engine.
Processed 0 raw notes in Inbox.
2026-08-25 19:42:07 - Raw inbox note ready for processing detected. Invoking scan-inbox...
/Users/lorenzo/Documents/GitHub/loackyPKM/99 - Meta/Scripts/brain_ingest.py:2: SyntaxWarning: invalid escape sequence '\ '
  """brain_ingest.py - Unified Second Brain Ingestion & GTD Intake Engine.
Processed 0 raw notes in Inbox.
2026-08-25 19:42:12 - Raw inbox note ready for processing detected. Invoking scan-inbox...
/Users/lorenzo/Documents/GitHub/loackyPKM/99 - Meta/Scripts/brain_ingest.py:2: SyntaxWarning: invalid escape sequence '\ '
  """brain_ingest.py - Unified Second Brain Ingestion & GTD Intake Engine.
Processed 0 raw notes in Inbox.
2026-08-25 19:42:18 - Raw inbox note ready for processing detected. Invoking scan-inbox...
/Users/lorenzo/Documents/GitHub/loackyPKM/99 - Meta/Scripts/brain_ingest.py:2: SyntaxWarning: invalid escape sequence '\ '
  """brain_ingest.py - Unified Second Brain Ingestion & GTD Intake Engine.
Processed 0 raw notes in Inbox.
2026-08-25 19:42:23 - Raw inbox note ready for processing detected. Invoking scan-inbox...
/Users/lorenzo/Documents/GitHub/loackyPKM/99 - Meta/Scripts/brain_ingest.py:2: SyntaxWarning: invalid escape sequence '\ '
  """brain_ingest.py - Unified Second Brain Ingestion & GTD Intake Engine.
Processed 0 raw notes in Inbox.
2026-08-25 19:42:28 - Raw inbox note ready for processing detected. Invoking scan-inbox...
/Users/lorenzo/Documents/GitHub/loackyPKM/99 - Meta/Scripts/brain_ingest.py:2: SyntaxWarning: invalid escape sequence '\ '
  """brain_ingest.py - Unified Second Brain Ingestion & GTD Intake Engine.
Processed 0 raw notes in Inbox.
2026-08-25 19:42:33 - Raw inbox note ready for processing detected. Invoking scan-inbox...
/Users/lorenzo/Documents/GitHub/loackyPKM/99 - Meta/Scripts/brain_ingest.py:2: SyntaxWarning: invalid escape sequence '\ '
  """brain_ingest.py - Unified Second Brain Ingestion & GTD Intake Engine.
Processed 0 raw notes in Inbox.
2026-08-25 19:42:39 - Raw inbox note ready for processing detected. Invoking scan-inbox...
/Users/lorenzo/Documents/GitHub/loackyPKM/99 - Meta/Scripts/brain_ingest.py:2: SyntaxWarning: invalid escape sequence '\ '
  """brain_ingest.py - Unified Second Brain Ingestion & GTD Intake Engine.
Processed 0 raw notes in Inbox.
2026-08-25 19:42:44 - Raw inbox note ready for processing detected. Invoking scan-inbox...
/Users/lorenzo/Documents/GitHub/loackyPKM/99 - Meta/Scripts/brain_ingest.py:2: SyntaxWarning: invalid escape sequence '\ '
  """brain_ingest.py - Unified Second Brain Ingestion & GTD Intake Engine.
Processed 0 raw notes in Inbox.
2026-08-25 19:42:49 - Raw inbox note ready for processing detected. Invoking scan-inbox...
/Users/lorenzo/Documents/GitHub/loackyPKM/99 - Meta/Scripts/brain_ingest.py:2: SyntaxWarning: invalid escape sequence '\ '
  """brain_ingest.py - Unified Second Brain Ingestion & GTD Intake Engine.
Processed 0 raw notes in Inbox.
2026-08-25 19:42:54 - Raw inbox note ready for processing detected. Invoking scan-inbox...
/Users/lorenzo/Documents/GitHub/loackyPKM/99 - Meta/Scripts/brain_ingest.py:2: SyntaxWarning: invalid escape sequence '\ '
  """brain_ingest.py - Unified Second Brain Ingestion & GTD Intake Engine.
Processed 0 raw notes in Inbox.
2026-08-25 19:43:00 - Raw inbox note ready for processing detected. Invoking scan-inbox...
/Users/lorenzo/Documents/GitHub/loackyPKM/99 - Meta/Scripts/brain_ingest.py:2: SyntaxWarning: invalid escape sequence '\ '
  """brain_ingest.py - Unified Second Brain Ingestion & GTD Intake Engine.
Processed 0 raw notes in Inbox.
2026-08-25 19:43:05 - Raw inbox note ready for processing detected. Invoking scan-inbox...
/Users/lorenzo/Documents/GitHub/loackyPKM/99 - Meta/Scripts/brain_ingest.py:2: SyntaxWarning: invalid escape sequence '\ '
  """brain_ingest.py - Unified Second Brain Ingestion & GTD Intake Engine.
Processed 0 raw notes in Inbox.
2026-08-25 19:43:10 - Raw inbox note ready for processing detected. Invoking scan-inbox...
/Users/lorenzo/Documents/GitHub/loackyPKM/99 - Meta/Scripts/brain_ingest.py:2: SyntaxWarning: invalid escape sequence '\ '
  """brain_ingest.py - Unified Second Brain Ingestion & GTD Intake Engine.
Processed 0 raw notes in Inbox.
2026-08-25 19:43:16 - Raw inbox note ready for processing detected. Invoking scan-inbox...
/Users/lorenzo/Documents/GitHub/loackyPKM/99 - Meta/Scripts/brain_ingest.py:2: SyntaxWarning: invalid escape sequence '\ '
  """brain_ingest.py - Unified Second Brain Ingestion & GTD Intake Engine.
Processed 0 raw notes in Inbox.
2026-08-25 19:43:21 - Raw inbox note ready for processing detected. Invoking scan-inbox...
/Users/lorenzo/Documents/GitHub/loackyPKM/99 - Meta/Scripts/brain_ingest.py:2: SyntaxWarning: invalid escape sequence '\ '
  """brain_ingest.py - Unified Second Brain Ingestion & GTD Intake Engine.
Processed 0 raw notes in Inbox.
2026-08-25 19:43:26 - Raw inbox note ready for processing detected. Invoking scan-inbox...
/Users/lorenzo/Documents/GitHub/loackyPKM/99 - Meta/Scripts/brain_ingest.py:2: SyntaxWarning: invalid escape sequence '\ '
  """brain_ingest.py - Unified Second Brain Ingestion & GTD Intake Engine.
Processed 0 raw notes in Inbox.
2026-08-25 19:43:31 - Raw inbox note ready for processing detected. Invoking scan-inbox...
/Users/lorenzo/Documents/GitHub/loackyPKM/99 - Meta/Scripts/brain_ingest.py:2: SyntaxWarning: invalid escape sequence '\ '
  """brain_ingest.py - Unified Second Brain Ingestion & GTD Intake Engine.
Processed 0 raw notes in Inbox.
2026-08-25 19:43:37 - Raw inbox note ready for processing detected. Invoking scan-inbox...
/Users/lorenzo/Documents/GitHub/loackyPKM/99 - Meta/Scripts/brain_ingest.py:2: SyntaxWarning: invalid escape sequence '\ '
  """brain_ingest.py - Unified Second Brain Ingestion & GTD Intake Engine.
Processed 0 raw notes in Inbox.
2026-08-25 19:43:42 - Raw inbox note ready for processing detected. Invoking scan-inbox...
/Users/lorenzo/Documents/GitHub/loackyPKM/99 - Meta/Scripts/brain_ingest.py:2: SyntaxWarning: invalid escape sequence '\ '
  """brain_ingest.py - Unified Second Brain Ingestion & GTD Intake Engine.
Processed 0 raw notes in Inbox.
2026-08-25 19:43:47 - Raw inbox note ready for processing detected. Invoking scan-inbox...
/Users/lorenzo/Documents/GitHub/loackyPKM/99 - Meta/Scripts/brain_ingest.py:2: SyntaxWarning: invalid escape sequence '\ '
  """brain_ingest.py - Unified Second Brain Ingestion & GTD Intake Engine.
Processed 0 raw notes in Inbox.
2026-08-25 19:43:53 - Raw inbox note ready for processing detected. Invoking scan-inbox...
/Users/lorenzo/Documents/GitHub/loackyPKM/99 - Meta/Scripts/brain_ingest.py:2: SyntaxWarning: invalid escape sequence '\ '
  """brain_ingest.py - Unified Second Brain Ingestion & GTD Intake Engine.
Processed 0 raw notes in Inbox.
2026-08-25 19:43:58 - Raw inbox note ready for processing detected. Invoking scan-inbox...
/Users/lorenzo/Documents/GitHub/loackyPKM/99 - Meta/Scripts/brain_ingest.py:2: SyntaxWarning: invalid escape sequence '\ '
  """brain_ingest.py - Unified Second Brain Ingestion & GTD Intake Engine.
Processed 0 raw notes in Inbox.
2026-08-25 19:44:03 - Raw inbox note ready for processing detected. Invoking scan-inbox...
/Users/lorenzo/Documents/GitHub/loackyPKM/99 - Meta/Scripts/brain_ingest.py:2: SyntaxWarning: invalid escape sequence '\ '
  """brain_ingest.py - Unified Second Brain Ingestion & GTD Intake Engine.
Processed 0 raw notes in Inbox.
2026-08-25 19:44:08 - Raw inbox note ready for processing detected. Invoking scan-inbox...
/Users/lorenzo/Documents/GitHub/loackyPKM/99 - Meta/Scripts/brain_ingest.py:2: SyntaxWarning: invalid escape sequence '\ '
  """brain_ingest.py - Unified Second Brain Ingestion & GTD Intake Engine.
Processed 0 raw notes in Inbox.
2026-08-25 19:44:14 - Raw inbox note ready for processing detected. Invoking scan-inbox...
/Users/lorenzo/Documents/GitHub/loackyPKM/99 - Meta/Scripts/brain_ingest.py:2: SyntaxWarning: invalid escape sequence '\ '
  """brain_ingest.py - Unified Second Brain Ingestion & GTD Intake Engine.
Processed 0 raw notes in Inbox.
2026-08-25 19:44:19 - Raw inbox note ready for processing detected. Invoking scan-inbox...
/Users/lorenzo/Documents/GitHub/loackyPKM/99 - Meta/Scripts/brain_ingest.py:2: SyntaxWarning: invalid escape sequence '\ '
  """brain_ingest.py - Unified Second Brain Ingestion & GTD Intake Engine.
Processed 0 raw notes in Inbox.
2026-08-25 19:44:24 - Raw inbox note ready for processing detected. Invoking scan-inbox...
/Users/lorenzo/Documents/GitHub/loackyPKM/99 - Meta/Scripts/brain_ingest.py:2: SyntaxWarning: invalid escape sequence '\ '
  """brain_ingest.py - Unified Second Brain Ingestion & GTD Intake Engine.
Processed 0 raw notes in Inbox.
2026-08-25 19:44:29 - Raw inbox note ready for processing detected. Invoking scan-inbox...
/Users/lorenzo/Documents/GitHub/loackyPKM/99 - Meta/Scripts/brain_ingest.py:2: SyntaxWarning: invalid escape sequence '\ '
  """brain_ingest.py - Unified Second Brain Ingestion & GTD Intake Engine.
Processed 0 raw notes in Inbox.
2026-08-25 19:44:35 - Raw inbox note ready for processing detected. Invoking scan-inbox...
/Users/lorenzo/Documents/GitHub/loackyPKM/99 - Meta/Scripts/brain_ingest.py:2: SyntaxWarning: invalid escape sequence '\ '
  """brain_ingest.py - Unified Second Brain Ingestion & GTD Intake Engine.
Processed 0 raw notes in Inbox.
2026-08-25 19:44:40 - Raw inbox note ready for processing detected. Invoking scan-inbox...
/Users/lorenzo/Documents/GitHub/loackyPKM/99 - Meta/Scripts/brain_ingest.py:2: SyntaxWarning: invalid escape sequence '\ '
  """brain_ingest.py - Unified Second Brain Ingestion & GTD Intake Engine.
Processed 0 raw notes in Inbox.
2026-08-25 19:44:45 - Raw inbox note ready for processing detected. Invoking scan-inbox...
/Users/lorenzo/Documents/GitHub/loackyPKM/99 - Meta/Scripts/brain_ingest.py:2: SyntaxWarning: invalid escape sequence '\ '
  """brain_ingest.py - Unified Second Brain Ingestion & GTD Intake Engine.
Processed 0 raw notes in Inbox.
2026-08-25 19:44:51 - Raw inbox note ready for processing detected. Invoking scan-inbox...
/Users/lorenzo/Documents/GitHub/loackyPKM/99 - Meta/Scripts/brain_ingest.py:2: SyntaxWarning: invalid escape sequence '\ '
  """brain_ingest.py - Unified Second Brain Ingestion & GTD Intake Engine.
Processed 0 raw notes in Inbox.
2026-08-25 19:44:56 - Raw inbox note ready for processing detected. Invoking scan-inbox...
/Users/lorenzo/Documents/GitHub/loackyPKM/99 - Meta/Scripts/brain_ingest.py:2: SyntaxWarning: invalid escape sequence '\ '
  """brain_ingest.py - Unified Second Brain Ingestion & GTD Intake Engine.
Processed 0 raw notes in Inbox.
2026-08-25 19:45:01 - Raw inbox note ready for processing detected. Invoking scan-inbox...
/Users/lorenzo/Documents/GitHub/loackyPKM/99 - Meta/Scripts/brain_ingest.py:2: SyntaxWarning: invalid escape sequence '\ '
  """brain_ingest.py - Unified Second Brain Ingestion & GTD Intake Engine.
Processed 0 raw notes in Inbox.
2026-08-25 19:45:06 - Raw inbox note ready for processing detected. Invoking scan-inbox...
/Users/lorenzo/Documents/GitHub/loackyPKM/99 - Meta/Scripts/brain_ingest.py:2: SyntaxWarning: invalid escape sequence '\ '
  """brain_ingest.py - Unified Second Brain Ingestion & GTD Intake Engine.
Processed 0 raw notes in Inbox.
2026-08-25 19:45:12 - Raw inbox note ready for processing detected. Invoking scan-inbox...
/Users/lorenzo/Documents/GitHub/loackyPKM/99 - Meta/Scripts/brain_ingest.py:2: SyntaxWarning: invalid escape sequence '\ '
  """brain_ingest.py - Unified Second Brain Ingestion & GTD Intake Engine.
Processed 0 raw notes in Inbox.
2026-08-25 19:45:17 - Raw inbox note ready for processing detected. Invoking scan-inbox...
/Users/lorenzo/Documents/GitHub/loackyPKM/99 - Meta/Scripts/brain_ingest.py:2: SyntaxWarning: invalid escape sequence '\ '
  """brain_ingest.py - Unified Second Brain Ingestion & GTD Intake Engine.
Processed 0 raw notes in Inbox.
2026-08-25 19:45:22 - Raw inbox note ready for processing detected. Invoking scan-inbox...
/Users/lorenzo/Documents/GitHub/loackyPKM/99 - Meta/Scripts/brain_ingest.py:2: SyntaxWarning: invalid escape sequence '\ '
  """brain_ingest.py - Unified Second Brain Ingestion & GTD Intake Engine.
Processed 0 raw notes in Inbox.
2026-08-25 19:45:27 - Raw inbox note ready for processing detected. Invoking scan-inbox...
/Users/lorenzo/Documents/GitHub/loackyPKM/99 - Meta/Scripts/brain_ingest.py:2: SyntaxWarning: invalid escape sequence '\ '
  """brain_ingest.py - Unified Second Brain Ingestion & GTD Intake Engine.
Processed 0 raw notes in Inbox.
2026-08-25 19:45:33 - Raw inbox note ready for processing detected. Invoking scan-inbox...
/Users/lorenzo/Documents/GitHub/loackyPKM/99 - Meta/Scripts/brain_ingest.py:2: SyntaxWarning: invalid escape sequence '\ '
  """brain_ingest.py - Unified Second Brain Ingestion & GTD Intake Engine.
Processed 0 raw notes in Inbox.
2026-08-25 19:45:38 - Raw inbox note ready for processing detected. Invoking scan-inbox...
/Users/lorenzo/Documents/GitHub/loackyPKM/99 - Meta/Scripts/brain_ingest.py:2: SyntaxWarning: invalid escape sequence '\ '
  """brain_ingest.py - Unified Second Brain Ingestion & GTD Intake Engine.
Processed 0 raw notes in Inbox.
2026-08-25 19:45:43 - Raw inbox note ready for processing detected. Invoking scan-inbox...
/Users/lorenzo/Documents/GitHub/loackyPKM/99 - Meta/Scripts/brain_ingest.py:2: SyntaxWarning: invalid escape sequence '\ '
  """brain_ingest.py - Unified Second Brain Ingestion & GTD Intake Engine.
Processed 0 raw notes in Inbox.
2026-08-25 19:45:49 - Raw inbox note ready for processing detected. Invoking scan-inbox...
/Users/lorenzo/Documents/GitHub/loackyPKM/99 - Meta/Scripts/brain_ingest.py:2: SyntaxWarning: invalid escape sequence '\ '
  """brain_ingest.py - Unified Second Brain Ingestion & GTD Intake Engine.
Processed 0 raw notes in Inbox.
2026-08-25 19:45:54 - Raw inbox note ready for processing detected. Invoking scan-inbox...
/Users/lorenzo/Documents/GitHub/loackyPKM/99 - Meta/Scripts/brain_ingest.py:2: SyntaxWarning: invalid escape sequence '\ '
  """brain_ingest.py - Unified Second Brain Ingestion & GTD Intake Engine.
Processed 0 raw notes in Inbox.
2026-08-25 19:45:59 - Raw inbox note ready for processing detected. Invoking scan-inbox...
/Users/lorenzo/Documents/GitHub/loackyPKM/99 - Meta/Scripts/brain_ingest.py:2: SyntaxWarning: invalid escape sequence '\ '
  """brain_ingest.py - Unified Second Brain Ingestion & GTD Intake Engine.
Processed 0 raw notes in Inbox.
2026-08-25 19:46:04 - Raw inbox note ready for processing detected. Invoking scan-inbox...
/Users/lorenzo/Documents/GitHub/loackyPKM/99 - Meta/Scripts/brain_ingest.py:2: SyntaxWarning: invalid escape sequence '\ '
  """brain_ingest.py - Unified Second Brain Ingestion & GTD Intake Engine.
Processed 0 raw notes in Inbox.
2026-08-25 19:46:10 - Raw inbox note ready for processing detected. Invoking scan-inbox...
/Users/lorenzo/Documents/GitHub/loackyPKM/99 - Meta/Scripts/brain_ingest.py:2: SyntaxWarning: invalid escape sequence '\ '
  """brain_ingest.py - Unified Second Brain Ingestion & GTD Intake Engine.
Processed 0 raw notes in Inbox.
2026-08-25 19:46:15 - Raw inbox note ready for processing detected. Invoking scan-inbox...
/Users/lorenzo/Documents/GitHub/loackyPKM/99 - Meta/Scripts/brain_ingest.py:2: SyntaxWarning: invalid escape sequence '\ '
  """brain_ingest.py - Unified Second Brain Ingestion & GTD Intake Engine.
Processed 0 raw notes in Inbox.
2026-08-25 19:46:20 - Raw inbox note ready for processing detected. Invoking scan-inbox...
/Users/lorenzo/Documents/GitHub/loackyPKM/99 - Meta/Scripts/brain_ingest.py:2: SyntaxWarning: invalid escape sequence '\ '
  """brain_ingest.py - Unified Second Brain Ingestion & GTD Intake Engine.
Processed 0 raw notes in Inbox.
2026-08-25 19:46:25 - Raw inbox note ready for processing detected. Invoking scan-inbox...
/Users/lorenzo/Documents/GitHub/loackyPKM/99 - Meta/Scripts/brain_ingest.py:2: SyntaxWarning: invalid escape sequence '\ '
  """brain_ingest.py - Unified Second Brain Ingestion & GTD Intake Engine.
Processed 0 raw notes in Inbox.
2026-08-25 19:46:31 - Raw inbox note ready for processing detected. Invoking scan-inbox...
/Users/lorenzo/Documents/GitHub/loackyPKM/99 - Meta/Scripts/brain_ingest.py:2: SyntaxWarning: invalid escape sequence '\ '
  """brain_ingest.py - Unified Second Brain Ingestion & GTD Intake Engine.
Processed 0 raw notes in Inbox.
2026-08-25 19:46:36 - Raw inbox note ready for processing detected. Invoking scan-inbox...
/Users/lorenzo/Documents/GitHub/loackyPKM/99 - Meta/Scripts/brain_ingest.py:2: SyntaxWarning: invalid escape sequence '\ '
  """brain_ingest.py - Unified Second Brain Ingestion & GTD Intake Engine.
Processed 0 raw notes in Inbox.
2026-08-25 19:46:41 - Raw inbox note ready for processing detected. Invoking scan-inbox...
/Users/lorenzo/Documents/GitHub/loackyPKM/99 - Meta/Scripts/brain_ingest.py:2: SyntaxWarning: invalid escape sequence '\ '
  """brain_ingest.py - Unified Second Brain Ingestion & GTD Intake Engine.
Processed 0 raw notes in Inbox.
2026-08-25 19:46:47 - Raw inbox note ready for processing detected. Invoking scan-inbox...
/Users/lorenzo/Documents/GitHub/loackyPKM/99 - Meta/Scripts/brain_ingest.py:2: SyntaxWarning: invalid escape sequence '\ '
  """brain_ingest.py - Unified Second Brain Ingestion & GTD Intake Engine.
Processed 0 raw notes in Inbox.
2026-08-25 19:46:52 - Raw inbox note ready for processing detected. Invoking scan-inbox...
/Users/lorenzo/Documents/GitHub/loackyPKM/99 - Meta/Scripts/brain_ingest.py:2: SyntaxWarning: invalid escape sequence '\ '
  """brain_ingest.py - Unified Second Brain Ingestion & GTD Intake Engine.
Processed 0 raw notes in Inbox.
2026-08-25 19:46:57 - Raw inbox note ready for processing detected. Invoking scan-inbox...
/Users/lorenzo/Documents/GitHub/loackyPKM/99 - Meta/Scripts/brain_ingest.py:2: SyntaxWarning: invalid escape sequence '\ '
  """brain_ingest.py - Unified Second Brain Ingestion & GTD Intake Engine.
Processed 0 raw notes in Inbox.
2026-08-25 19:47:02 - Raw inbox note ready for processing detected. Invoking scan-inbox...
/Users/lorenzo/Documents/GitHub/loackyPKM/99 - Meta/Scripts/brain_ingest.py:2: SyntaxWarning: invalid escape sequence '\ '
  """brain_ingest.py - Unified Second Brain Ingestion & GTD Intake Engine.
Processed 0 raw notes in Inbox.
2026-08-25 19:47:08 - Raw inbox note ready for processing detected. Invoking scan-inbox...
/Users/lorenzo/Documents/GitHub/loackyPKM/99 - Meta/Scripts/brain_ingest.py:2: SyntaxWarning: invalid escape sequence '\ '
  """brain_ingest.py - Unified Second Brain Ingestion & GTD Intake Engine.
Processed 0 raw notes in Inbox.
2026-08-25 19:47:13 - Raw inbox note ready for processing detected. Invoking scan-inbox...
/Users/lorenzo/Documents/GitHub/loackyPKM/99 - Meta/Scripts/brain_ingest.py:2: SyntaxWarning: invalid escape sequence '\ '
  """brain_ingest.py - Unified Second Brain Ingestion & GTD Intake Engine.
Processed 0 raw notes in Inbox.
2026-08-25 19:47:18 - Raw inbox note ready for processing detected. Invoking scan-inbox...
/Users/lorenzo/Documents/GitHub/loackyPKM/99 - Meta/Scripts/brain_ingest.py:2: SyntaxWarning: invalid escape sequence '\ '
  """brain_ingest.py - Unified Second Brain Ingestion & GTD Intake Engine.
Processed 0 raw notes in Inbox.
2026-08-25 19:47:24 - Raw inbox note ready for processing detected. Invoking scan-inbox...
/Users/lorenzo/Documents/GitHub/loackyPKM/99 - Meta/Scripts/brain_ingest.py:2: SyntaxWarning: invalid escape sequence '\ '
  """brain_ingest.py - Unified Second Brain Ingestion & GTD Intake Engine.
Processed 0 raw notes in Inbox.
2026-08-25 19:47:29 - Raw inbox note ready for processing detected. Invoking scan-inbox...
/Users/lorenzo/Documents/GitHub/loackyPKM/99 - Meta/Scripts/brain_ingest.py:2: SyntaxWarning: invalid escape sequence '\ '
  """brain_ingest.py - Unified Second Brain Ingestion & GTD Intake Engine.
Processed 0 raw notes in Inbox.
2026-08-25 19:47:34 - Raw inbox note ready for processing detected. Invoking scan-inbox...
/Users/lorenzo/Documents/GitHub/loackyPKM/99 - Meta/Scripts/brain_ingest.py:2: SyntaxWarning: invalid escape sequence '\ '
  """brain_ingest.py - Unified Second Brain Ingestion & GTD Intake Engine.
Processed 0 raw notes in Inbox.
2026-08-25 19:47:39 - Raw inbox note ready for processing detected. Invoking scan-inbox...
/Users/lorenzo/Documents/GitHub/loackyPKM/99 - Meta/Scripts/brain_ingest.py:2: SyntaxWarning: invalid escape sequence '\ '
  """brain_ingest.py - Unified Second Brain Ingestion & GTD Intake Engine.
Processed 0 raw notes in Inbox.
2026-08-25 19:47:45 - Raw inbox note ready for processing detected. Invoking scan-inbox...
/Users/lorenzo/Documents/GitHub/loackyPKM/99 - Meta/Scripts/brain_ingest.py:2: SyntaxWarning: invalid escape sequence '\ '
  """brain_ingest.py - Unified Second Brain Ingestion & GTD Intake Engine.
Processed 0 raw notes in Inbox.
2026-08-25 19:47:50 - Raw inbox note ready for processing detected. Invoking scan-inbox...
/Users/lorenzo/Documents/GitHub/loackyPKM/99 - Meta/Scripts/brain_ingest.py:2: SyntaxWarning: invalid escape sequence '\ '
  """brain_ingest.py - Unified Second Brain Ingestion & GTD Intake Engine.
Processed 0 raw notes in Inbox.
2026-08-25 19:47:55 - Raw inbox note ready for processing detected. Invoking scan-inbox...
/Users/lorenzo/Documents/GitHub/loackyPKM/99 - Meta/Scripts/brain_ingest.py:2: SyntaxWarning: invalid escape sequence '\ '
  """brain_ingest.py - Unified Second Brain Ingestion & GTD Intake Engine.
Processed 0 raw notes in Inbox.
2026-08-25 19:48:00 - Raw inbox note ready for processing detected. Invoking scan-inbox...
/Users/lorenzo/Documents/GitHub/loackyPKM/99 - Meta/Scripts/brain_ingest.py:2: SyntaxWarning: invalid escape sequence '\ '
  """brain_ingest.py - Unified Second Brain Ingestion & GTD Intake Engine.
Processed 0 raw notes in Inbox.
2026-08-25 19:48:06 - Raw inbox note ready for processing detected. Invoking scan-inbox...
/Users/lorenzo/Documents/GitHub/loackyPKM/99 - Meta/Scripts/brain_ingest.py:2: SyntaxWarning: invalid escape sequence '\ '
  """brain_ingest.py - Unified Second Brain Ingestion & GTD Intake Engine.
Processed 0 raw notes in Inbox.
2026-08-25 19:48:11 - Raw inbox note ready for processing detected. Invoking scan-inbox...
/Users/lorenzo/Documents/GitHub/loackyPKM/99 - Meta/Scripts/brain_ingest.py:2: SyntaxWarning: invalid escape sequence '\ '
  """brain_ingest.py - Unified Second Brain Ingestion & GTD Intake Engine.
Processed 0 raw notes in Inbox.
2026-08-25 19:48:16 - Raw inbox note ready for processing detected. Invoking scan-inbox...
/Users/lorenzo/Documents/GitHub/loackyPKM/99 - Meta/Scripts/brain_ingest.py:2: SyntaxWarning: invalid escape sequence '\ '
  """brain_ingest.py - Unified Second Brain Ingestion & GTD Intake Engine.
Processed 0 raw notes in Inbox.
2026-08-25 19:48:22 - Raw inbox note ready for processing detected. Invoking scan-inbox...
/Users/lorenzo/Documents/GitHub/loackyPKM/99 - Meta/Scripts/brain_ingest.py:2: SyntaxWarning: invalid escape sequence '\ '
  """brain_ingest.py - Unified Second Brain Ingestion & GTD Intake Engine.
Processed 0 raw notes in Inbox.
2026-08-25 19:48:27 - Raw inbox note ready for processing detected. Invoking scan-inbox...
/Users/lorenzo/Documents/GitHub/loackyPKM/99 - Meta/Scripts/brain_ingest.py:2: SyntaxWarning: invalid escape sequence '\ '
  """brain_ingest.py - Unified Second Brain Ingestion & GTD Intake Engine.
Processed 0 raw notes in Inbox.
2026-08-25 19:48:32 - Raw inbox note ready for processing detected. Invoking scan-inbox...
/Users/lorenzo/Documents/GitHub/loackyPKM/99 - Meta/Scripts/brain_ingest.py:2: SyntaxWarning: invalid escape sequence '\ '
  """brain_ingest.py - Unified Second Brain Ingestion & GTD Intake Engine.
Processed 0 raw notes in Inbox.
2026-08-25 19:48:37 - Raw inbox note ready for processing detected. Invoking scan-inbox...
/Users/lorenzo/Documents/GitHub/loackyPKM/99 - Meta/Scripts/brain_ingest.py:2: SyntaxWarning: invalid escape sequence '\ '
  """brain_ingest.py - Unified Second Brain Ingestion & GTD Intake Engine.
Processed 0 raw notes in Inbox.
2026-08-25 19:48:43 - Raw inbox note ready for processing detected. Invoking scan-inbox...
/Users/lorenzo/Documents/GitHub/loackyPKM/99 - Meta/Scripts/brain_ingest.py:2: SyntaxWarning: invalid escape sequence '\ '
  """brain_ingest.py - Unified Second Brain Ingestion & GTD Intake Engine.
Processed 0 raw notes in Inbox.
2026-08-25 19:48:48 - Raw inbox note ready for processing detected. Invoking scan-inbox...
/Users/lorenzo/Documents/GitHub/loackyPKM/99 - Meta/Scripts/brain_ingest.py:2: SyntaxWarning: invalid escape sequence '\ '
  """brain_ingest.py - Unified Second Brain Ingestion & GTD Intake Engine.
Processed 0 raw notes in Inbox.
2026-08-25 19:48:53 - Raw inbox note ready for processing detected. Invoking scan-inbox...
/Users/lorenzo/Documents/GitHub/loackyPKM/99 - Meta/Scripts/brain_ingest.py:2: SyntaxWarning: invalid escape sequence '\ '
  """brain_ingest.py - Unified Second Brain Ingestion & GTD Intake Engine.
Processed 0 raw notes in Inbox.
2026-08-25 19:48:58 - Raw inbox note ready for processing detected. Invoking scan-inbox...
/Users/lorenzo/Documents/GitHub/loackyPKM/99 - Meta/Scripts/brain_ingest.py:2: SyntaxWarning: invalid escape sequence '\ '
  """brain_ingest.py - Unified Second Brain Ingestion & GTD Intake Engine.
Processed 0 raw notes in Inbox.
2026-08-25 19:49:04 - Raw inbox note ready for processing detected. Invoking scan-inbox...
/Users/lorenzo/Documents/GitHub/loackyPKM/99 - Meta/Scripts/brain_ingest.py:2: SyntaxWarning: invalid escape sequence '\ '
  """brain_ingest.py - Unified Second Brain Ingestion & GTD Intake Engine.
Processed 0 raw notes in Inbox.
2026-08-25 19:49:09 - Raw inbox note ready for processing detected. Invoking scan-inbox...
/Users/lorenzo/Documents/GitHub/loackyPKM/99 - Meta/Scripts/brain_ingest.py:2: SyntaxWarning: invalid escape sequence '\ '
  """brain_ingest.py - Unified Second Brain Ingestion & GTD Intake Engine.
Processed 0 raw notes in Inbox.
2026-08-25 19:49:14 - Raw inbox note ready for processing detected. Invoking scan-inbox...
/Users/lorenzo/Documents/GitHub/loackyPKM/99 - Meta/Scripts/brain_ingest.py:2: SyntaxWarning: invalid escape sequence '\ '
  """brain_ingest.py - Unified Second Brain Ingestion & GTD Intake Engine.
Processed 0 raw notes in Inbox.
2026-08-25 19:49:20 - Raw inbox note ready for processing detected. Invoking scan-inbox...
/Users/lorenzo/Documents/GitHub/loackyPKM/99 - Meta/Scripts/brain_ingest.py:2: SyntaxWarning: invalid escape sequence '\ '
  """brain_ingest.py - Unified Second Brain Ingestion & GTD Intake Engine.
Processed 0 raw notes in Inbox.
2026-08-25 19:49:25 - Raw inbox note ready for processing detected. Invoking scan-inbox...
/Users/lorenzo/Documents/GitHub/loackyPKM/99 - Meta/Scripts/brain_ingest.py:2: SyntaxWarning: invalid escape sequence '\ '
  """brain_ingest.py - Unified Second Brain Ingestion & GTD Intake Engine.
Processed 0 raw notes in Inbox.
2026-08-25 19:49:30 - Raw inbox note ready for processing detected. Invoking scan-inbox...
/Users/lorenzo/Documents/GitHub/loackyPKM/99 - Meta/Scripts/brain_ingest.py:2: SyntaxWarning: invalid escape sequence '\ '
  """brain_ingest.py - Unified Second Brain Ingestion & GTD Intake Engine.
Processed 0 raw notes in Inbox.
2026-08-25 19:49:35 - Raw inbox note ready for processing detected. Invoking scan-inbox...
/Users/lorenzo/Documents/GitHub/loackyPKM/99 - Meta/Scripts/brain_ingest.py:2: SyntaxWarning: invalid escape sequence '\ '
  """brain_ingest.py - Unified Second Brain Ingestion & GTD Intake Engine.
Processed 0 raw notes in Inbox.
2026-08-25 19:49:41 - Raw inbox note ready for processing detected. Invoking scan-inbox...
/Users/lorenzo/Documents/GitHub/loackyPKM/99 - Meta/Scripts/brain_ingest.py:2: SyntaxWarning: invalid escape sequence '\ '
  """brain_ingest.py - Unified Second Brain Ingestion & GTD Intake Engine.
Processed 0 raw notes in Inbox.
2026-08-25 19:49:46 - Raw inbox note ready for processing detected. Invoking scan-inbox...
/Users/lorenzo/Documents/GitHub/loackyPKM/99 - Meta/Scripts/brain_ingest.py:2: SyntaxWarning: invalid escape sequence '\ '
  """brain_ingest.py - Unified Second Brain Ingestion & GTD Intake Engine.
Processed 0 raw notes in Inbox.
2026-08-25 19:49:51 - Raw inbox note ready for processing detected. Invoking scan-inbox...
/Users/lorenzo/Documents/GitHub/loackyPKM/99 - Meta/Scripts/brain_ingest.py:2: SyntaxWarning: invalid escape sequence '\ '
  """brain_ingest.py - Unified Second Brain Ingestion & GTD Intake Engine.
Processed 0 raw notes in Inbox.
2026-08-25 19:49:56 - Raw inbox note ready for processing detected. Invoking scan-inbox...
/Users/lorenzo/Documents/GitHub/loackyPKM/99 - Meta/Scripts/brain_ingest.py:2: SyntaxWarning: invalid escape sequence '\ '
  """brain_ingest.py - Unified Second Brain Ingestion & GTD Intake Engine.
Processed 0 raw notes in Inbox.
2026-08-25 19:50:02 - Raw inbox note ready for processing detected. Invoking scan-inbox...
/Users/lorenzo/Documents/GitHub/loackyPKM/99 - Meta/Scripts/brain_ingest.py:2: SyntaxWarning: invalid escape sequence '\ '
  """brain_ingest.py - Unified Second Brain Ingestion & GTD Intake Engine.
Processed 0 raw notes in Inbox.
2026-08-25 19:50:07 - Raw inbox note ready for processing detected. Invoking scan-inbox...
/Users/lorenzo/Documents/GitHub/loackyPKM/99 - Meta/Scripts/brain_ingest.py:2: SyntaxWarning: invalid escape sequence '\ '
  """brain_ingest.py - Unified Second Brain Ingestion & GTD Intake Engine.
Processed 0 raw notes in Inbox.
2026-08-25 19:50:12 - Raw inbox note ready for processing detected. Invoking scan-inbox...
/Users/lorenzo/Documents/GitHub/loackyPKM/99 - Meta/Scripts/brain_ingest.py:2: SyntaxWarning: invalid escape sequence '\ '
  """brain_ingest.py - Unified Second Brain Ingestion & GTD Intake Engine.
Processed 0 raw notes in Inbox.
2026-08-25 19:50:18 - Raw inbox note ready for processing detected. Invoking scan-inbox...
/Users/lorenzo/Documents/GitHub/loackyPKM/99 - Meta/Scripts/brain_ingest.py:2: SyntaxWarning: invalid escape sequence '\ '
  """brain_ingest.py - Unified Second Brain Ingestion & GTD Intake Engine.
Processed 0 raw notes in Inbox.
2026-08-25 19:50:23 - Raw inbox note ready for processing detected. Invoking scan-inbox...
/Users/lorenzo/Documents/GitHub/loackyPKM/99 - Meta/Scripts/brain_ingest.py:2: SyntaxWarning: invalid escape sequence '\ '
  """brain_ingest.py - Unified Second Brain Ingestion & GTD Intake Engine.
Processed 0 raw notes in Inbox.
2026-08-25 19:50:28 - Raw inbox note ready for processing detected. Invoking scan-inbox...
/Users/lorenzo/Documents/GitHub/loackyPKM/99 - Meta/Scripts/brain_ingest.py:2: SyntaxWarning: invalid escape sequence '\ '
  """brain_ingest.py - Unified Second Brain Ingestion & GTD Intake Engine.
Processed 0 raw notes in Inbox.
2026-08-25 19:50:33 - Raw inbox note ready for processing detected. Invoking scan-inbox...
/Users/lorenzo/Documents/GitHub/loackyPKM/99 - Meta/Scripts/brain_ingest.py:2: SyntaxWarning: invalid escape sequence '\ '
  """brain_ingest.py - Unified Second Brain Ingestion & GTD Intake Engine.
Processed 0 raw notes in Inbox.
2026-08-25 19:50:39 - Raw inbox note ready for processing detected. Invoking scan-inbox...
/Users/lorenzo/Documents/GitHub/loackyPKM/99 - Meta/Scripts/brain_ingest.py:2: SyntaxWarning: invalid escape sequence '\ '
  """brain_ingest.py - Unified Second Brain Ingestion & GTD Intake Engine.
Processed 0 raw notes in Inbox.
2026-08-25 19:50:44 - Raw inbox note ready for processing detected. Invoking scan-inbox...
/Users/lorenzo/Documents/GitHub/loackyPKM/99 - Meta/Scripts/brain_ingest.py:2: SyntaxWarning: invalid escape sequence '\ '
  """brain_ingest.py - Unified Second Brain Ingestion & GTD Intake Engine.
Processed 0 raw notes in Inbox.
2026-08-25 19:50:49 - Raw inbox note ready for processing detected. Invoking scan-inbox...
/Users/lorenzo/Documents/GitHub/loackyPKM/99 - Meta/Scripts/brain_ingest.py:2: SyntaxWarning: invalid escape sequence '\ '
  """brain_ingest.py - Unified Second Brain Ingestion & GTD Intake Engine.
Processed 0 raw notes in Inbox.
2026-08-25 19:50:55 - Raw inbox note ready for processing detected. Invoking scan-inbox...
/Users/lorenzo/Documents/GitHub/loackyPKM/99 - Meta/Scripts/brain_ingest.py:2: SyntaxWarning: invalid escape sequence '\ '
  """brain_ingest.py - Unified Second Brain Ingestion & GTD Intake Engine.
Processed 0 raw notes in Inbox.
2026-08-25 19:51:00 - Raw inbox note ready for processing detected. Invoking scan-inbox...
/Users/lorenzo/Documents/GitHub/loackyPKM/99 - Meta/Scripts/brain_ingest.py:2: SyntaxWarning: invalid escape sequence '\ '
  """brain_ingest.py - Unified Second Brain Ingestion & GTD Intake Engine.
Processed 0 raw notes in Inbox.
2026-08-25 19:51:05 - Raw inbox note ready for processing detected. Invoking scan-inbox...
/Users/lorenzo/Documents/GitHub/loackyPKM/99 - Meta/Scripts/brain_ingest.py:2: SyntaxWarning: invalid escape sequence '\ '
  """brain_ingest.py - Unified Second Brain Ingestion & GTD Intake Engine.
Processed 0 raw notes in Inbox.
2026-08-25 19:51:10 - Raw inbox note ready for processing detected. Invoking scan-inbox...
/Users/lorenzo/Documents/GitHub/loackyPKM/99 - Meta/Scripts/brain_ingest.py:2: SyntaxWarning: invalid escape sequence '\ '
  """brain_ingest.py - Unified Second Brain Ingestion & GTD Intake Engine.
Processed 0 raw notes in Inbox.
2026-08-25 19:51:16 - Raw inbox note ready for processing detected. Invoking scan-inbox...
/Users/lorenzo/Documents/GitHub/loackyPKM/99 - Meta/Scripts/brain_ingest.py:2: SyntaxWarning: invalid escape sequence '\ '
  """brain_ingest.py - Unified Second Brain Ingestion & GTD Intake Engine.
Processed 0 raw notes in Inbox.
2026-08-25 19:51:21 - Raw inbox note ready for processing detected. Invoking scan-inbox...
/Users/lorenzo/Documents/GitHub/loackyPKM/99 - Meta/Scripts/brain_ingest.py:2: SyntaxWarning: invalid escape sequence '\ '
  """brain_ingest.py - Unified Second Brain Ingestion & GTD Intake Engine.
Processed 0 raw notes in Inbox.
2026-08-25 19:51:26 - Raw inbox note ready for processing detected. Invoking scan-inbox...
/Users/lorenzo/Documents/GitHub/loackyPKM/99 - Meta/Scripts/brain_ingest.py:2: SyntaxWarning: invalid escape sequence '\ '
  """brain_ingest.py - Unified Second Brain Ingestion & GTD Intake Engine.
Processed 0 raw notes in Inbox.
2026-08-25 19:51:31 - Raw inbox note ready for processing detected. Invoking scan-inbox...
/Users/lorenzo/Documents/GitHub/loackyPKM/99 - Meta/Scripts/brain_ingest.py:2: SyntaxWarning: invalid escape sequence '\ '
  """brain_ingest.py - Unified Second Brain Ingestion & GTD Intake Engine.
Processed 0 raw notes in Inbox.
2026-08-25 19:51:37 - Raw inbox note ready for processing detected. Invoking scan-inbox...
/Users/lorenzo/Documents/GitHub/loackyPKM/99 - Meta/Scripts/brain_ingest.py:2: SyntaxWarning: invalid escape sequence '\ '
  """brain_ingest.py - Unified Second Brain Ingestion & GTD Intake Engine.
Processed 0 raw notes in Inbox.
2026-08-25 19:51:42 - Raw inbox note ready for processing detected. Invoking scan-inbox...
/Users/lorenzo/Documents/GitHub/loackyPKM/99 - Meta/Scripts/brain_ingest.py:2: SyntaxWarning: invalid escape sequence '\ '
  """brain_ingest.py - Unified Second Brain Ingestion & GTD Intake Engine.
Processed 0 raw notes in Inbox.
2026-08-25 19:51:47 - Raw inbox note ready for processing detected. Invoking scan-inbox...
/Users/lorenzo/Documents/GitHub/loackyPKM/99 - Meta/Scripts/brain_ingest.py:2: SyntaxWarning: invalid escape sequence '\ '
  """brain_ingest.py - Unified Second Brain Ingestion & GTD Intake Engine.
Processed 0 raw notes in Inbox.
2026-08-25 19:51:53 - Raw inbox note ready for processing detected. Invoking scan-inbox...
/Users/lorenzo/Documents/GitHub/loackyPKM/99 - Meta/Scripts/brain_ingest.py:2: SyntaxWarning: invalid escape sequence '\ '
  """brain_ingest.py - Unified Second Brain Ingestion & GTD Intake Engine.
Processed 0 raw notes in Inbox.
2026-08-25 19:51:58 - Raw inbox note ready for processing detected. Invoking scan-inbox...
/Users/lorenzo/Documents/GitHub/loackyPKM/99 - Meta/Scripts/brain_ingest.py:2: SyntaxWarning: invalid escape sequence '\ '
  """brain_ingest.py - Unified Second Brain Ingestion & GTD Intake Engine.
Processed 0 raw notes in Inbox.
2026-08-25 19:52:03 - Raw inbox note ready for processing detected. Invoking scan-inbox...
/Users/lorenzo/Documents/GitHub/loackyPKM/99 - Meta/Scripts/brain_ingest.py:2: SyntaxWarning: invalid escape sequence '\ '
  """brain_ingest.py - Unified Second Brain Ingestion & GTD Intake Engine.
Processed 0 raw notes in Inbox.
2026-08-25 19:52:08 - Raw inbox note ready for processing detected. Invoking scan-inbox...
/Users/lorenzo/Documents/GitHub/loackyPKM/99 - Meta/Scripts/brain_ingest.py:2: SyntaxWarning: invalid escape sequence '\ '
  """brain_ingest.py - Unified Second Brain Ingestion & GTD Intake Engine.
Processed 0 raw notes in Inbox.
2026-08-25 19:52:14 - Raw inbox note ready for processing detected. Invoking scan-inbox...
/Users/lorenzo/Documents/GitHub/loackyPKM/99 - Meta/Scripts/brain_ingest.py:2: SyntaxWarning: invalid escape sequence '\ '
  """brain_ingest.py - Unified Second Brain Ingestion & GTD Intake Engine.
Processed 0 raw notes in Inbox.
2026-08-25 19:52:19 - Raw inbox note ready for processing detected. Invoking scan-inbox...
/Users/lorenzo/Documents/GitHub/loackyPKM/99 - Meta/Scripts/brain_ingest.py:2: SyntaxWarning: invalid escape sequence '\ '
  """brain_ingest.py - Unified Second Brain Ingestion & GTD Intake Engine.
Processed 0 raw notes in Inbox.
2026-08-25 19:52:24 - Raw inbox note ready for processing detected. Invoking scan-inbox...
/Users/lorenzo/Documents/GitHub/loackyPKM/99 - Meta/Scripts/brain_ingest.py:2: SyntaxWarning: invalid escape sequence '\ '
  """brain_ingest.py - Unified Second Brain Ingestion & GTD Intake Engine.
Processed 0 raw notes in Inbox.
2026-08-25 19:52:30 - Raw inbox note ready for processing detected. Invoking scan-inbox...
/Users/lorenzo/Documents/GitHub/loackyPKM/99 - Meta/Scripts/brain_ingest.py:2: SyntaxWarning: invalid escape sequence '\ '
  """brain_ingest.py - Unified Second Brain Ingestion & GTD Intake Engine.
Processed 0 raw notes in Inbox.
2026-08-25 19:52:35 - Raw inbox note ready for processing detected. Invoking scan-inbox...
/Users/lorenzo/Documents/GitHub/loackyPKM/99 - Meta/Scripts/brain_ingest.py:2: SyntaxWarning: invalid escape sequence '\ '
  """brain_ingest.py - Unified Second Brain Ingestion & GTD Intake Engine.
Processed 0 raw notes in Inbox.
2026-08-25 19:52:40 - Raw inbox note ready for processing detected. Invoking scan-inbox...
/Users/lorenzo/Documents/GitHub/loackyPKM/99 - Meta/Scripts/brain_ingest.py:2: SyntaxWarning: invalid escape sequence '\ '
  """brain_ingest.py - Unified Second Brain Ingestion & GTD Intake Engine.
Processed 0 raw notes in Inbox.
2026-08-25 19:52:45 - Raw inbox note ready for processing detected. Invoking scan-inbox...
/Users/lorenzo/Documents/GitHub/loackyPKM/99 - Meta/Scripts/brain_ingest.py:2: SyntaxWarning: invalid escape sequence '\ '
  """brain_ingest.py - Unified Second Brain Ingestion & GTD Intake Engine.
Processed 0 raw notes in Inbox.
2026-08-25 19:52:51 - Raw inbox note ready for processing detected. Invoking scan-inbox...
/Users/lorenzo/Documents/GitHub/loackyPKM/99 - Meta/Scripts/brain_ingest.py:2: SyntaxWarning: invalid escape sequence '\ '
  """brain_ingest.py - Unified Second Brain Ingestion & GTD Intake Engine.
Processed 0 raw notes in Inbox.
2026-08-25 19:52:56 - Raw inbox note ready for processing detected. Invoking scan-inbox...
/Users/lorenzo/Documents/GitHub/loackyPKM/99 - Meta/Scripts/brain_ingest.py:2: SyntaxWarning: invalid escape sequence '\ '
  """brain_ingest.py - Unified Second Brain Ingestion & GTD Intake Engine.
Processed 0 raw notes in Inbox.
2026-08-25 19:53:01 - Raw inbox note ready for processing detected. Invoking scan-inbox...
/Users/lorenzo/Documents/GitHub/loackyPKM/99 - Meta/Scripts/brain_ingest.py:2: SyntaxWarning: invalid escape sequence '\ '
  """brain_ingest.py - Unified Second Brain Ingestion & GTD Intake Engine.
Processed 0 raw notes in Inbox.
2026-08-25 19:53:06 - Raw inbox note ready for processing detected. Invoking scan-inbox...
/Users/lorenzo/Documents/GitHub/loackyPKM/99 - Meta/Scripts/brain_ingest.py:2: SyntaxWarning: invalid escape sequence '\ '
  """brain_ingest.py - Unified Second Brain Ingestion & GTD Intake Engine.
Processed 0 raw notes in Inbox.
2026-08-25 19:53:12 - Raw inbox note ready for processing detected. Invoking scan-inbox...
/Users/lorenzo/Documents/GitHub/loackyPKM/99 - Meta/Scripts/brain_ingest.py:2: SyntaxWarning: invalid escape sequence '\ '
  """brain_ingest.py - Unified Second Brain Ingestion & GTD Intake Engine.
Processed 0 raw notes in Inbox.
2026-08-25 19:53:17 - Raw inbox note ready for processing detected. Invoking scan-inbox...
/Users/lorenzo/Documents/GitHub/loackyPKM/99 - Meta/Scripts/brain_ingest.py:2: SyntaxWarning: invalid escape sequence '\ '
  """brain_ingest.py - Unified Second Brain Ingestion & GTD Intake Engine.
Processed 0 raw notes in Inbox.
2026-08-25 19:53:22 - Raw inbox note ready for processing detected. Invoking scan-inbox...
/Users/lorenzo/Documents/GitHub/loackyPKM/99 - Meta/Scripts/brain_ingest.py:2: SyntaxWarning: invalid escape sequence '\ '
  """brain_ingest.py - Unified Second Brain Ingestion & GTD Intake Engine.
Processed 0 raw notes in Inbox.
2026-08-25 19:53:28 - Raw inbox note ready for processing detected. Invoking scan-inbox...
/Users/lorenzo/Documents/GitHub/loackyPKM/99 - Meta/Scripts/brain_ingest.py:2: SyntaxWarning: invalid escape sequence '\ '
  """brain_ingest.py - Unified Second Brain Ingestion & GTD Intake Engine.
Processed 0 raw notes in Inbox.
2026-08-25 19:53:33 - Raw inbox note ready for processing detected. Invoking scan-inbox...
/Users/lorenzo/Documents/GitHub/loackyPKM/99 - Meta/Scripts/brain_ingest.py:2: SyntaxWarning: invalid escape sequence '\ '
  """brain_ingest.py - Unified Second Brain Ingestion & GTD Intake Engine.
Processed 0 raw notes in Inbox.
2026-08-25 19:53:38 - Raw inbox note ready for processing detected. Invoking scan-inbox...
/Users/lorenzo/Documents/GitHub/loackyPKM/99 - Meta/Scripts/brain_ingest.py:2: SyntaxWarning: invalid escape sequence '\ '
  """brain_ingest.py - Unified Second Brain Ingestion & GTD Intake Engine.
Processed 0 raw notes in Inbox.
2026-08-25 19:53:43 - Raw inbox note ready for processing detected. Invoking scan-inbox...
/Users/lorenzo/Documents/GitHub/loackyPKM/99 - Meta/Scripts/brain_ingest.py:2: SyntaxWarning: invalid escape sequence '\ '
  """brain_ingest.py - Unified Second Brain Ingestion & GTD Intake Engine.
Processed 0 raw notes in Inbox.
2026-08-25 19:53:49 - Raw inbox note ready for processing detected. Invoking scan-inbox...
/Users/lorenzo/Documents/GitHub/loackyPKM/99 - Meta/Scripts/brain_ingest.py:2: SyntaxWarning: invalid escape sequence '\ '
  """brain_ingest.py - Unified Second Brain Ingestion & GTD Intake Engine.
Processed 0 raw notes in Inbox.
2026-08-25 19:53:54 - Raw inbox note ready for processing detected. Invoking scan-inbox...
/Users/lorenzo/Documents/GitHub/loackyPKM/99 - Meta/Scripts/brain_ingest.py:2: SyntaxWarning: invalid escape sequence '\ '
  """brain_ingest.py - Unified Second Brain Ingestion & GTD Intake Engine.
Processed 0 raw notes in Inbox.
2026-08-25 19:53:59 - Raw inbox note ready for processing detected. Invoking scan-inbox...
/Users/lorenzo/Documents/GitHub/loackyPKM/99 - Meta/Scripts/brain_ingest.py:2: SyntaxWarning: invalid escape sequence '\ '
  """brain_ingest.py - Unified Second Brain Ingestion & GTD Intake Engine.
Processed 0 raw notes in Inbox.
2026-08-25 19:54:04 - Raw inbox note ready for processing detected. Invoking scan-inbox...
/Users/lorenzo/Documents/GitHub/loackyPKM/99 - Meta/Scripts/brain_ingest.py:2: SyntaxWarning: invalid escape sequence '\ '
  """brain_ingest.py - Unified Second Brain Ingestion & GTD Intake Engine.
Processed 0 raw notes in Inbox.
2026-08-25 19:54:10 - Raw inbox note ready for processing detected. Invoking scan-inbox...
/Users/lorenzo/Documents/GitHub/loackyPKM/99 - Meta/Scripts/brain_ingest.py:2: SyntaxWarning: invalid escape sequence '\ '
  """brain_ingest.py - Unified Second Brain Ingestion & GTD Intake Engine.
Processed 0 raw notes in Inbox.
2026-08-25 19:54:15 - Raw inbox note ready for processing detected. Invoking scan-inbox...
/Users/lorenzo/Documents/GitHub/loackyPKM/99 - Meta/Scripts/brain_ingest.py:2: SyntaxWarning: invalid escape sequence '\ '
  """brain_ingest.py - Unified Second Brain Ingestion & GTD Intake Engine.
Processed 0 raw notes in Inbox.
2026-08-25 19:54:20 - Raw inbox note ready for processing detected. Invoking scan-inbox...
/Users/lorenzo/Documents/GitHub/loackyPKM/99 - Meta/Scripts/brain_ingest.py:2: SyntaxWarning: invalid escape sequence '\ '
  """brain_ingest.py - Unified Second Brain Ingestion & GTD Intake Engine.
Processed 0 raw notes in Inbox.
2026-08-25 19:54:26 - Raw inbox note ready for processing detected. Invoking scan-inbox...
/Users/lorenzo/Documents/GitHub/loackyPKM/99 - Meta/Scripts/brain_ingest.py:2: SyntaxWarning: invalid escape sequence '\ '
  """brain_ingest.py - Unified Second Brain Ingestion & GTD Intake Engine.
Processed 0 raw notes in Inbox.
2026-08-25 19:54:31 - Raw inbox note ready for processing detected. Invoking scan-inbox...
/Users/lorenzo/Documents/GitHub/loackyPKM/99 - Meta/Scripts/brain_ingest.py:2: SyntaxWarning: invalid escape sequence '\ '
  """brain_ingest.py - Unified Second Brain Ingestion & GTD Intake Engine.
Processed 0 raw notes in Inbox.
2026-08-25 19:54:36 - Raw inbox note ready for processing detected. Invoking scan-inbox...
/Users/lorenzo/Documents/GitHub/loackyPKM/99 - Meta/Scripts/brain_ingest.py:2: SyntaxWarning: invalid escape sequence '\ '
  """brain_ingest.py - Unified Second Brain Ingestion & GTD Intake Engine.
Processed 0 raw notes in Inbox.
2026-08-25 19:54:41 - Raw inbox note ready for processing detected. Invoking scan-inbox...
/Users/lorenzo/Documents/GitHub/loackyPKM/99 - Meta/Scripts/brain_ingest.py:2: SyntaxWarning: invalid escape sequence '\ '
  """brain_ingest.py - Unified Second Brain Ingestion & GTD Intake Engine.
Processed 0 raw notes in Inbox.
2026-08-25 19:54:47 - Raw inbox note ready for processing detected. Invoking scan-inbox...
/Users/lorenzo/Documents/GitHub/loackyPKM/99 - Meta/Scripts/brain_ingest.py:2: SyntaxWarning: invalid escape sequence '\ '
  """brain_ingest.py - Unified Second Brain Ingestion & GTD Intake Engine.
Processed 0 raw notes in Inbox.
2026-08-25 19:54:52 - Raw inbox note ready for processing detected. Invoking scan-inbox...
/Users/lorenzo/Documents/GitHub/loackyPKM/99 - Meta/Scripts/brain_ingest.py:2: SyntaxWarning: invalid escape sequence '\ '
  """brain_ingest.py - Unified Second Brain Ingestion & GTD Intake Engine.
Processed 0 raw notes in Inbox.
2026-08-25 19:54:57 - Raw inbox note ready for processing detected. Invoking scan-inbox...
/Users/lorenzo/Documents/GitHub/loackyPKM/99 - Meta/Scripts/brain_ingest.py:2: SyntaxWarning: invalid escape sequence '\ '
  """brain_ingest.py - Unified Second Brain Ingestion & GTD Intake Engine.
Processed 0 raw notes in Inbox.
2026-08-25 19:55:03 - Raw inbox note ready for processing detected. Invoking scan-inbox...
/Users/lorenzo/Documents/GitHub/loackyPKM/99 - Meta/Scripts/brain_ingest.py:2: SyntaxWarning: invalid escape sequence '\ '
  """brain_ingest.py - Unified Second Brain Ingestion & GTD Intake Engine.
Processed 0 raw notes in Inbox.
2026-08-25 19:55:08 - Raw inbox note ready for processing detected. Invoking scan-inbox...
/Users/lorenzo/Documents/GitHub/loackyPKM/99 - Meta/Scripts/brain_ingest.py:2: SyntaxWarning: invalid escape sequence '\ '
  """brain_ingest.py - Unified Second Brain Ingestion & GTD Intake Engine.
Processed 0 raw notes in Inbox.
2026-08-25 19:55:13 - Raw inbox note ready for processing detected. Invoking scan-inbox...
/Users/lorenzo/Documents/GitHub/loackyPKM/99 - Meta/Scripts/brain_ingest.py:2: SyntaxWarning: invalid escape sequence '\ '
  """brain_ingest.py - Unified Second Brain Ingestion & GTD Intake Engine.
Processed 0 raw notes in Inbox.
2026-08-25 19:55:18 - Raw inbox note ready for processing detected. Invoking scan-inbox...
/Users/lorenzo/Documents/GitHub/loackyPKM/99 - Meta/Scripts/brain_ingest.py:2: SyntaxWarning: invalid escape sequence '\ '
  """brain_ingest.py - Unified Second Brain Ingestion & GTD Intake Engine.
Processed 0 raw notes in Inbox.
2026-08-25 19:55:24 - Raw inbox note ready for processing detected. Invoking scan-inbox...
/Users/lorenzo/Documents/GitHub/loackyPKM/99 - Meta/Scripts/brain_ingest.py:2: SyntaxWarning: invalid escape sequence '\ '
  """brain_ingest.py - Unified Second Brain Ingestion & GTD Intake Engine.
Processed 0 raw notes in Inbox.
2026-08-25 19:55:29 - Raw inbox note ready for processing detected. Invoking scan-inbox...
/Users/lorenzo/Documents/GitHub/loackyPKM/99 - Meta/Scripts/brain_ingest.py:2: SyntaxWarning: invalid escape sequence '\ '
  """brain_ingest.py - Unified Second Brain Ingestion & GTD Intake Engine.
Processed 0 raw notes in Inbox.
2026-08-25 19:55:34 - Raw inbox note ready for processing detected. Invoking scan-inbox...
/Users/lorenzo/Documents/GitHub/loackyPKM/99 - Meta/Scripts/brain_ingest.py:2: SyntaxWarning: invalid escape sequence '\ '
  """brain_ingest.py - Unified Second Brain Ingestion & GTD Intake Engine.
Processed 0 raw notes in Inbox.
2026-08-25 19:55:39 - Raw inbox note ready for processing detected. Invoking scan-inbox...
/Users/lorenzo/Documents/GitHub/loackyPKM/99 - Meta/Scripts/brain_ingest.py:2: SyntaxWarning: invalid escape sequence '\ '
  """brain_ingest.py - Unified Second Brain Ingestion & GTD Intake Engine.
Processed 0 raw notes in Inbox.
2026-08-25 19:55:45 - Raw inbox note ready for processing detected. Invoking scan-inbox...
/Users/lorenzo/Documents/GitHub/loackyPKM/99 - Meta/Scripts/brain_ingest.py:2: SyntaxWarning: invalid escape sequence '\ '
  """brain_ingest.py - Unified Second Brain Ingestion & GTD Intake Engine.
Processed 0 raw notes in Inbox.
2026-08-25 19:55:50 - Raw inbox note ready for processing detected. Invoking scan-inbox...
/Users/lorenzo/Documents/GitHub/loackyPKM/99 - Meta/Scripts/brain_ingest.py:2: SyntaxWarning: invalid escape sequence '\ '
  """brain_ingest.py - Unified Second Brain Ingestion & GTD Intake Engine.
Processed 0 raw notes in Inbox.
2026-08-25 19:55:55 - Raw inbox note ready for processing detected. Invoking scan-inbox...
/Users/lorenzo/Documents/GitHub/loackyPKM/99 - Meta/Scripts/brain_ingest.py:2: SyntaxWarning: invalid escape sequence '\ '
  """brain_ingest.py - Unified Second Brain Ingestion & GTD Intake Engine.
Processed 0 raw notes in Inbox.
2026-08-25 19:56:01 - Raw inbox note ready for processing detected. Invoking scan-inbox...
/Users/lorenzo/Documents/GitHub/loackyPKM/99 - Meta/Scripts/brain_ingest.py:2: SyntaxWarning: invalid escape sequence '\ '
  """brain_ingest.py - Unified Second Brain Ingestion & GTD Intake Engine.
Processed 0 raw notes in Inbox.
2026-08-25 19:56:06 - Raw inbox note ready for processing detected. Invoking scan-inbox...
/Users/lorenzo/Documents/GitHub/loackyPKM/99 - Meta/Scripts/brain_ingest.py:2: SyntaxWarning: invalid escape sequence '\ '
  """brain_ingest.py - Unified Second Brain Ingestion & GTD Intake Engine.
Processed 0 raw notes in Inbox.
2026-08-25 19:56:11 - Raw inbox note ready for processing detected. Invoking scan-inbox...
/Users/lorenzo/Documents/GitHub/loackyPKM/99 - Meta/Scripts/brain_ingest.py:2: SyntaxWarning: invalid escape sequence '\ '
  """brain_ingest.py - Unified Second Brain Ingestion & GTD Intake Engine.
Processed 0 raw notes in Inbox.
2026-08-25 19:56:16 - Raw inbox note ready for processing detected. Invoking scan-inbox...
/Users/lorenzo/Documents/GitHub/loackyPKM/99 - Meta/Scripts/brain_ingest.py:2: SyntaxWarning: invalid escape sequence '\ '
  """brain_ingest.py - Unified Second Brain Ingestion & GTD Intake Engine.
Processed 0 raw notes in Inbox.
2026-08-25 19:56:22 - Raw inbox note ready for processing detected. Invoking scan-inbox...
/Users/lorenzo/Documents/GitHub/loackyPKM/99 - Meta/Scripts/brain_ingest.py:2: SyntaxWarning: invalid escape sequence '\ '
  """brain_ingest.py - Unified Second Brain Ingestion & GTD Intake Engine.
Processed 0 raw notes in Inbox.
2026-08-25 19:56:27 - Raw inbox note ready for processing detected. Invoking scan-inbox...
/Users/lorenzo/Documents/GitHub/loackyPKM/99 - Meta/Scripts/brain_ingest.py:2: SyntaxWarning: invalid escape sequence '\ '
  """brain_ingest.py - Unified Second Brain Ingestion & GTD Intake Engine.
Processed 0 raw notes in Inbox.
2026-08-25 19:56:32 - Raw inbox note ready for processing detected. Invoking scan-inbox...
/Users/lorenzo/Documents/GitHub/loackyPKM/99 - Meta/Scripts/brain_ingest.py:2: SyntaxWarning: invalid escape sequence '\ '
  """brain_ingest.py - Unified Second Brain Ingestion & GTD Intake Engine.
Processed 0 raw notes in Inbox.
2026-08-25 19:56:37 - Raw inbox note ready for processing detected. Invoking scan-inbox...
/Users/lorenzo/Documents/GitHub/loackyPKM/99 - Meta/Scripts/brain_ingest.py:2: SyntaxWarning: invalid escape sequence '\ '
  """brain_ingest.py - Unified Second Brain Ingestion & GTD Intake Engine.
Processed 0 raw notes in Inbox.
2026-08-25 19:56:43 - Raw inbox note ready for processing detected. Invoking scan-inbox...
/Users/lorenzo/Documents/GitHub/loackyPKM/99 - Meta/Scripts/brain_ingest.py:2: SyntaxWarning: invalid escape sequence '\ '
  """brain_ingest.py - Unified Second Brain Ingestion & GTD Intake Engine.
Processed 0 raw notes in Inbox.
2026-08-25 19:56:48 - Raw inbox note ready for processing detected. Invoking scan-inbox...
/Users/lorenzo/Documents/GitHub/loackyPKM/99 - Meta/Scripts/brain_ingest.py:2: SyntaxWarning: invalid escape sequence '\ '
  """brain_ingest.py - Unified Second Brain Ingestion & GTD Intake Engine.
Processed 0 raw notes in Inbox.
2026-08-25 19:56:53 - Raw inbox note ready for processing detected. Invoking scan-inbox...
/Users/lorenzo/Documents/GitHub/loackyPKM/99 - Meta/Scripts/brain_ingest.py:2: SyntaxWarning: invalid escape sequence '\ '
  """brain_ingest.py - Unified Second Brain Ingestion & GTD Intake Engine.
Processed 0 raw notes in Inbox.
2026-08-25 19:56:59 - Raw inbox note ready for processing detected. Invoking scan-inbox...
/Users/lorenzo/Documents/GitHub/loackyPKM/99 - Meta/Scripts/brain_ingest.py:2: SyntaxWarning: invalid escape sequence '\ '
  """brain_ingest.py - Unified Second Brain Ingestion & GTD Intake Engine.
Processed 0 raw notes in Inbox.
2026-08-25 19:57:04 - Raw inbox note ready for processing detected. Invoking scan-inbox...
/Users/lorenzo/Documents/GitHub/loackyPKM/99 - Meta/Scripts/brain_ingest.py:2: SyntaxWarning: invalid escape sequence '\ '
  """brain_ingest.py - Unified Second Brain Ingestion & GTD Intake Engine.
Processed 0 raw notes in Inbox.
2026-08-25 19:57:09 - Raw inbox note ready for processing detected. Invoking scan-inbox...
/Users/lorenzo/Documents/GitHub/loackyPKM/99 - Meta/Scripts/brain_ingest.py:2: SyntaxWarning: invalid escape sequence '\ '
  """brain_ingest.py - Unified Second Brain Ingestion & GTD Intake Engine.
Processed 0 raw notes in Inbox.
2026-08-25 19:57:14 - Raw inbox note ready for processing detected. Invoking scan-inbox...
/Users/lorenzo/Documents/GitHub/loackyPKM/99 - Meta/Scripts/brain_ingest.py:2: SyntaxWarning: invalid escape sequence '\ '
  """brain_ingest.py - Unified Second Brain Ingestion & GTD Intake Engine.
Processed 0 raw notes in Inbox.
2026-08-25 19:57:20 - Raw inbox note ready for processing detected. Invoking scan-inbox...
/Users/lorenzo/Documents/GitHub/loackyPKM/99 - Meta/Scripts/brain_ingest.py:2: SyntaxWarning: invalid escape sequence '\ '
  """brain_ingest.py - Unified Second Brain Ingestion & GTD Intake Engine.
Processed 0 raw notes in Inbox.
2026-08-25 19:57:25 - Raw inbox note ready for processing detected. Invoking scan-inbox...
/Users/lorenzo/Documents/GitHub/loackyPKM/99 - Meta/Scripts/brain_ingest.py:2: SyntaxWarning: invalid escape sequence '\ '
  """brain_ingest.py - Unified Second Brain Ingestion & GTD Intake Engine.
Processed 0 raw notes in Inbox.
2026-08-25 19:57:30 - Raw inbox note ready for processing detected. Invoking scan-inbox...
/Users/lorenzo/Documents/GitHub/loackyPKM/99 - Meta/Scripts/brain_ingest.py:2: SyntaxWarning: invalid escape sequence '\ '
  """brain_ingest.py - Unified Second Brain Ingestion & GTD Intake Engine.
Processed 0 raw notes in Inbox.
2026-08-25 19:57:36 - Raw inbox note ready for processing detected. Invoking scan-inbox...
/Users/lorenzo/Documents/GitHub/loackyPKM/99 - Meta/Scripts/brain_ingest.py:2: SyntaxWarning: invalid escape sequence '\ '
  """brain_ingest.py - Unified Second Brain Ingestion & GTD Intake Engine.
Processed 0 raw notes in Inbox.
2026-08-25 19:57:41 - Raw inbox note ready for processing detected. Invoking scan-inbox...
/Users/lorenzo/Documents/GitHub/loackyPKM/99 - Meta/Scripts/brain_ingest.py:2: SyntaxWarning: invalid escape sequence '\ '
  """brain_ingest.py - Unified Second Brain Ingestion & GTD Intake Engine.
Processed 0 raw notes in Inbox.
2026-08-25 19:57:46 - Raw inbox note ready for processing detected. Invoking scan-inbox...
/Users/lorenzo/Documents/GitHub/loackyPKM/99 - Meta/Scripts/brain_ingest.py:2: SyntaxWarning: invalid escape sequence '\ '
  """brain_ingest.py - Unified Second Brain Ingestion & GTD Intake Engine.
Processed 0 raw notes in Inbox.
2026-08-25 19:57:51 - Raw inbox note ready for processing detected. Invoking scan-inbox...
/Users/lorenzo/Documents/GitHub/loackyPKM/99 - Meta/Scripts/brain_ingest.py:2: SyntaxWarning: invalid escape sequence '\ '
  """brain_ingest.py - Unified Second Brain Ingestion & GTD Intake Engine.
Processed 0 raw notes in Inbox.
2026-08-25 19:57:57 - Raw inbox note ready for processing detected. Invoking scan-inbox...
/Users/lorenzo/Documents/GitHub/loackyPKM/99 - Meta/Scripts/brain_ingest.py:2: SyntaxWarning: invalid escape sequence '\ '
  """brain_ingest.py - Unified Second Brain Ingestion & GTD Intake Engine.
Processed 0 raw notes in Inbox.
2026-08-25 19:58:02 - Raw inbox note ready for processing detected. Invoking scan-inbox...
/Users/lorenzo/Documents/GitHub/loackyPKM/99 - Meta/Scripts/brain_ingest.py:2: SyntaxWarning: invalid escape sequence '\ '
  """brain_ingest.py - Unified Second Brain Ingestion & GTD Intake Engine.
Processed 0 raw notes in Inbox.
2026-08-25 19:58:07 - Raw inbox note ready for processing detected. Invoking scan-inbox...
/Users/lorenzo/Documents/GitHub/loackyPKM/99 - Meta/Scripts/brain_ingest.py:2: SyntaxWarning: invalid escape sequence '\ '
  """brain_ingest.py - Unified Second Brain Ingestion & GTD Intake Engine.
Processed 0 raw notes in Inbox.
2026-08-25 19:58:12 - Raw inbox note ready for processing detected. Invoking scan-inbox...
/Users/lorenzo/Documents/GitHub/loackyPKM/99 - Meta/Scripts/brain_ingest.py:2: SyntaxWarning: invalid escape sequence '\ '
  """brain_ingest.py - Unified Second Brain Ingestion & GTD Intake Engine.
Processed 0 raw notes in Inbox.
2026-08-25 19:58:18 - Raw inbox note ready for processing detected. Invoking scan-inbox...
/Users/lorenzo/Documents/GitHub/loackyPKM/99 - Meta/Scripts/brain_ingest.py:2: SyntaxWarning: invalid escape sequence '\ '
  """brain_ingest.py - Unified Second Brain Ingestion & GTD Intake Engine.
Processed 0 raw notes in Inbox.
2026-08-25 19:58:23 - Raw inbox note ready for processing detected. Invoking scan-inbox...
/Users/lorenzo/Documents/GitHub/loackyPKM/99 - Meta/Scripts/brain_ingest.py:2: SyntaxWarning: invalid escape sequence '\ '
  """brain_ingest.py - Unified Second Brain Ingestion & GTD Intake Engine.
Processed 0 raw notes in Inbox.
2026-08-25 19:58:28 - Raw inbox note ready for processing detected. Invoking scan-inbox...
/Users/lorenzo/Documents/GitHub/loackyPKM/99 - Meta/Scripts/brain_ingest.py:2: SyntaxWarning: invalid escape sequence '\ '
  """brain_ingest.py - Unified Second Brain Ingestion & GTD Intake Engine.
Processed 0 raw notes in Inbox.
2026-08-25 19:58:34 - Raw inbox note ready for processing detected. Invoking scan-inbox...
/Users/lorenzo/Documents/GitHub/loackyPKM/99 - Meta/Scripts/brain_ingest.py:2: SyntaxWarning: invalid escape sequence '\ '
  """brain_ingest.py - Unified Second Brain Ingestion & GTD Intake Engine.
Processed 0 raw notes in Inbox.
2026-08-25 19:58:39 - Raw inbox note ready for processing detected. Invoking scan-inbox...
/Users/lorenzo/Documents/GitHub/loackyPKM/99 - Meta/Scripts/brain_ingest.py:2: SyntaxWarning: invalid escape sequence '\ '
  """brain_ingest.py - Unified Second Brain Ingestion & GTD Intake Engine.
Processed 0 raw notes in Inbox.
2026-08-25 19:58:44 - Raw inbox note ready for processing detected. Invoking scan-inbox...
/Users/lorenzo/Documents/GitHub/loackyPKM/99 - Meta/Scripts/brain_ingest.py:2: SyntaxWarning: invalid escape sequence '\ '
  """brain_ingest.py - Unified Second Brain Ingestion & GTD Intake Engine.
Processed 0 raw notes in Inbox.
2026-08-25 19:58:49 - Raw inbox note ready for processing detected. Invoking scan-inbox...
/Users/lorenzo/Documents/GitHub/loackyPKM/99 - Meta/Scripts/brain_ingest.py:2: SyntaxWarning: invalid escape sequence '\ '
  """brain_ingest.py - Unified Second Brain Ingestion & GTD Intake Engine.
Processed 0 raw notes in Inbox.
2026-08-25 19:58:55 - Raw inbox note ready for processing detected. Invoking scan-inbox...
/Users/lorenzo/Documents/GitHub/loackyPKM/99 - Meta/Scripts/brain_ingest.py:2: SyntaxWarning: invalid escape sequence '\ '
  """brain_ingest.py - Unified Second Brain Ingestion & GTD Intake Engine.
Processed 0 raw notes in Inbox.
2026-08-25 19:59:00 - Raw inbox note ready for processing detected. Invoking scan-inbox...
/Users/lorenzo/Documents/GitHub/loackyPKM/99 - Meta/Scripts/brain_ingest.py:2: SyntaxWarning: invalid escape sequence '\ '
  """brain_ingest.py - Unified Second Brain Ingestion & GTD Intake Engine.
Processed 0 raw notes in Inbox.
2026-08-25 19:59:05 - Raw inbox note ready for processing detected. Invoking scan-inbox...
/Users/lorenzo/Documents/GitHub/loackyPKM/99 - Meta/Scripts/brain_ingest.py:2: SyntaxWarning: invalid escape sequence '\ '
  """brain_ingest.py - Unified Second Brain Ingestion & GTD Intake Engine.
Processed 0 raw notes in Inbox.
2026-08-25 19:59:11 - Raw inbox note ready for processing detected. Invoking scan-inbox...
/Users/lorenzo/Documents/GitHub/loackyPKM/99 - Meta/Scripts/brain_ingest.py:2: SyntaxWarning: invalid escape sequence '\ '
  """brain_ingest.py - Unified Second Brain Ingestion & GTD Intake Engine.
Processed 0 raw notes in Inbox.
2026-08-25 19:59:16 - Raw inbox note ready for processing detected. Invoking scan-inbox...
/Users/lorenzo/Documents/GitHub/loackyPKM/99 - Meta/Scripts/brain_ingest.py:2: SyntaxWarning: invalid escape sequence '\ '
  """brain_ingest.py - Unified Second Brain Ingestion & GTD Intake Engine.
Processed 0 raw notes in Inbox.
2026-08-25 19:59:21 - Raw inbox note ready for processing detected. Invoking scan-inbox...
/Users/lorenzo/Documents/GitHub/loackyPKM/99 - Meta/Scripts/brain_ingest.py:2: SyntaxWarning: invalid escape sequence '\ '
  """brain_ingest.py - Unified Second Brain Ingestion & GTD Intake Engine.
Processed 0 raw notes in Inbox.
2026-08-25 19:59:26 - Raw inbox note ready for processing detected. Invoking scan-inbox...
/Users/lorenzo/Documents/GitHub/loackyPKM/99 - Meta/Scripts/brain_ingest.py:2: SyntaxWarning: invalid escape sequence '\ '
  """brain_ingest.py - Unified Second Brain Ingestion & GTD Intake Engine.
Processed 0 raw notes in Inbox.
2026-08-25 19:59:32 - Raw inbox note ready for processing detected. Invoking scan-inbox...
/Users/lorenzo/Documents/GitHub/loackyPKM/99 - Meta/Scripts/brain_ingest.py:2: SyntaxWarning: invalid escape sequence '\ '
  """brain_ingest.py - Unified Second Brain Ingestion & GTD Intake Engine.
Processed 0 raw notes in Inbox.
2026-08-25 19:59:37 - Raw inbox note ready for processing detected. Invoking scan-inbox...
/Users/lorenzo/Documents/GitHub/loackyPKM/99 - Meta/Scripts/brain_ingest.py:2: SyntaxWarning: invalid escape sequence '\ '
  """brain_ingest.py - Unified Second Brain Ingestion & GTD Intake Engine.
Processed 0 raw notes in Inbox.
2026-08-25 19:59:42 - Raw inbox note ready for processing detected. Invoking scan-inbox...
/Users/lorenzo/Documents/GitHub/loackyPKM/99 - Meta/Scripts/brain_ingest.py:2: SyntaxWarning: invalid escape sequence '\ '
  """brain_ingest.py - Unified Second Brain Ingestion & GTD Intake Engine.
Processed 0 raw notes in Inbox.
2026-08-25 19:59:48 - Raw inbox note ready for processing detected. Invoking scan-inbox...
/Users/lorenzo/Documents/GitHub/loackyPKM/99 - Meta/Scripts/brain_ingest.py:2: SyntaxWarning: invalid escape sequence '\ '
  """brain_ingest.py - Unified Second Brain Ingestion & GTD Intake Engine.
Processed 0 raw notes in Inbox.
2026-08-25 19:59:53 - Raw inbox note ready for processing detected. Invoking scan-inbox...
/Users/lorenzo/Documents/GitHub/loackyPKM/99 - Meta/Scripts/brain_ingest.py:2: SyntaxWarning: invalid escape sequence '\ '
  """brain_ingest.py - Unified Second Brain Ingestion & GTD Intake Engine.
Processed 0 raw notes in Inbox.
2026-08-25 19:59:58 - Raw inbox note ready for processing detected. Invoking scan-inbox...
/Users/lorenzo/Documents/GitHub/loackyPKM/99 - Meta/Scripts/brain_ingest.py:2: SyntaxWarning: invalid escape sequence '\ '
  """brain_ingest.py - Unified Second Brain Ingestion & GTD Intake Engine.
Processed 0 raw notes in Inbox.
2026-08-25 20:00:03 - Raw inbox note ready for processing detected. Invoking scan-inbox...
/Users/lorenzo/Documents/GitHub/loackyPKM/99 - Meta/Scripts/brain_ingest.py:2: SyntaxWarning: invalid escape sequence '\ '
  """brain_ingest.py - Unified Second Brain Ingestion & GTD Intake Engine.
Processed 0 raw notes in Inbox.
2026-08-25 20:00:09 - Raw inbox note ready for processing detected. Invoking scan-inbox...
/Users/lorenzo/Documents/GitHub/loackyPKM/99 - Meta/Scripts/brain_ingest.py:2: SyntaxWarning: invalid escape sequence '\ '
  """brain_ingest.py - Unified Second Brain Ingestion & GTD Intake Engine.
Processed 0 raw notes in Inbox.
2026-08-25 20:00:14 - Raw inbox note ready for processing detected. Invoking scan-inbox...
/Users/lorenzo/Documents/GitHub/loackyPKM/99 - Meta/Scripts/brain_ingest.py:2: SyntaxWarning: invalid escape sequence '\ '
  """brain_ingest.py - Unified Second Brain Ingestion & GTD Intake Engine.
Processed 0 raw notes in Inbox.
2026-08-25 20:00:19 - Raw inbox note ready for processing detected. Invoking scan-inbox...
/Users/lorenzo/Documents/GitHub/loackyPKM/99 - Meta/Scripts/brain_ingest.py:2: SyntaxWarning: invalid escape sequence '\ '
  """brain_ingest.py - Unified Second Brain Ingestion & GTD Intake Engine.
Processed 0 raw notes in Inbox.
2026-08-25 20:00:24 - Raw inbox note ready for processing detected. Invoking scan-inbox...
/Users/lorenzo/Documents/GitHub/loackyPKM/99 - Meta/Scripts/brain_ingest.py:2: SyntaxWarning: invalid escape sequence '\ '
  """brain_ingest.py - Unified Second Brain Ingestion & GTD Intake Engine.
Processed 0 raw notes in Inbox.
2026-08-25 20:00:30 - Raw inbox note ready for processing detected. Invoking scan-inbox...
/Users/lorenzo/Documents/GitHub/loackyPKM/99 - Meta/Scripts/brain_ingest.py:2: SyntaxWarning: invalid escape sequence '\ '
  """brain_ingest.py - Unified Second Brain Ingestion & GTD Intake Engine.
Processed 0 raw notes in Inbox.
2026-08-25 20:00:35 - Raw inbox note ready for processing detected. Invoking scan-inbox...
/Users/lorenzo/Documents/GitHub/loackyPKM/99 - Meta/Scripts/brain_ingest.py:2: SyntaxWarning: invalid escape sequence '\ '
  """brain_ingest.py - Unified Second Brain Ingestion & GTD Intake Engine.
Processed 0 raw notes in Inbox.
2026-08-25 20:00:40 - Raw inbox note ready for processing detected. Invoking scan-inbox...
/Users/lorenzo/Documents/GitHub/loackyPKM/99 - Meta/Scripts/brain_ingest.py:2: SyntaxWarning: invalid escape sequence '\ '
  """brain_ingest.py - Unified Second Brain Ingestion & GTD Intake Engine.
Processed 0 raw notes in Inbox.
2026-08-25 20:00:45 - Raw inbox note ready for processing detected. Invoking scan-inbox...
/Users/lorenzo/Documents/GitHub/loackyPKM/99 - Meta/Scripts/brain_ingest.py:2: SyntaxWarning: invalid escape sequence '\ '
  """brain_ingest.py - Unified Second Brain Ingestion & GTD Intake Engine.
Processed 0 raw notes in Inbox.
2026-08-25 20:00:51 - Raw inbox note ready for processing detected. Invoking scan-inbox...
/Users/lorenzo/Documents/GitHub/loackyPKM/99 - Meta/Scripts/brain_ingest.py:2: SyntaxWarning: invalid escape sequence '\ '
  """brain_ingest.py - Unified Second Brain Ingestion & GTD Intake Engine.
Processed 0 raw notes in Inbox.
2026-08-25 20:00:56 - Raw inbox note ready for processing detected. Invoking scan-inbox...
/Users/lorenzo/Documents/GitHub/loackyPKM/99 - Meta/Scripts/brain_ingest.py:2: SyntaxWarning: invalid escape sequence '\ '
  """brain_ingest.py - Unified Second Brain Ingestion & GTD Intake Engine.
Processed 0 raw notes in Inbox.
2026-08-25 20:01:01 - Raw inbox note ready for processing detected. Invoking scan-inbox...
/Users/lorenzo/Documents/GitHub/loackyPKM/99 - Meta/Scripts/brain_ingest.py:2: SyntaxWarning: invalid escape sequence '\ '
  """brain_ingest.py - Unified Second Brain Ingestion & GTD Intake Engine.
Processed 0 raw notes in Inbox.
2026-08-25 20:01:07 - Raw inbox note ready for processing detected. Invoking scan-inbox...
/Users/lorenzo/Documents/GitHub/loackyPKM/99 - Meta/Scripts/brain_ingest.py:2: SyntaxWarning: invalid escape sequence '\ '
  """brain_ingest.py - Unified Second Brain Ingestion & GTD Intake Engine.
Processed 0 raw notes in Inbox.
2026-08-25 20:01:12 - Raw inbox note ready for processing detected. Invoking scan-inbox...
/Users/lorenzo/Documents/GitHub/loackyPKM/99 - Meta/Scripts/brain_ingest.py:2: SyntaxWarning: invalid escape sequence '\ '
  """brain_ingest.py - Unified Second Brain Ingestion & GTD Intake Engine.
Processed 0 raw notes in Inbox.
2026-08-25 20:01:17 - Raw inbox note ready for processing detected. Invoking scan-inbox...
/Users/lorenzo/Documents/GitHub/loackyPKM/99 - Meta/Scripts/brain_ingest.py:2: SyntaxWarning: invalid escape sequence '\ '
  """brain_ingest.py - Unified Second Brain Ingestion & GTD Intake Engine.
Processed 0 raw notes in Inbox.
2026-08-25 20:01:22 - Raw inbox note ready for processing detected. Invoking scan-inbox...
/Users/lorenzo/Documents/GitHub/loackyPKM/99 - Meta/Scripts/brain_ingest.py:2: SyntaxWarning: invalid escape sequence '\ '
  """brain_ingest.py - Unified Second Brain Ingestion & GTD Intake Engine.
Processed 0 raw notes in Inbox.
2026-08-25 20:01:28 - Raw inbox note ready for processing detected. Invoking scan-inbox...
/Users/lorenzo/Documents/GitHub/loackyPKM/99 - Meta/Scripts/brain_ingest.py:2: SyntaxWarning: invalid escape sequence '\ '
  """brain_ingest.py - Unified Second Brain Ingestion & GTD Intake Engine.
Processed 0 raw notes in Inbox.
2026-08-25 20:01:33 - Raw inbox note ready for processing detected. Invoking scan-inbox...
/Users/lorenzo/Documents/GitHub/loackyPKM/99 - Meta/Scripts/brain_ingest.py:2: SyntaxWarning: invalid escape sequence '\ '
  """brain_ingest.py - Unified Second Brain Ingestion & GTD Intake Engine.
Processed 0 raw notes in Inbox.
2026-08-25 20:01:38 - Raw inbox note ready for processing detected. Invoking scan-inbox...
/Users/lorenzo/Documents/GitHub/loackyPKM/99 - Meta/Scripts/brain_ingest.py:2: SyntaxWarning: invalid escape sequence '\ '
  """brain_ingest.py - Unified Second Brain Ingestion & GTD Intake Engine.
Processed 0 raw notes in Inbox.
2026-08-25 20:01:44 - Raw inbox note ready for processing detected. Invoking scan-inbox...
/Users/lorenzo/Documents/GitHub/loackyPKM/99 - Meta/Scripts/brain_ingest.py:2: SyntaxWarning: invalid escape sequence '\ '
  """brain_ingest.py - Unified Second Brain Ingestion & GTD Intake Engine.
Processed 0 raw notes in Inbox.
2026-08-25 20:01:49 - Raw inbox note ready for processing detected. Invoking scan-inbox...
/Users/lorenzo/Documents/GitHub/loackyPKM/99 - Meta/Scripts/brain_ingest.py:2: SyntaxWarning: invalid escape sequence '\ '
  """brain_ingest.py - Unified Second Brain Ingestion & GTD Intake Engine.
Processed 0 raw notes in Inbox.
2026-08-25 20:01:54 - Raw inbox note ready for processing detected. Invoking scan-inbox...
/Users/lorenzo/Documents/GitHub/loackyPKM/99 - Meta/Scripts/brain_ingest.py:2: SyntaxWarning: invalid escape sequence '\ '
  """brain_ingest.py - Unified Second Brain Ingestion & GTD Intake Engine.
Processed 0 raw notes in Inbox.
2026-08-25 20:01:59 - Raw inbox note ready for processing detected. Invoking scan-inbox...
/Users/lorenzo/Documents/GitHub/loackyPKM/99 - Meta/Scripts/brain_ingest.py:2: SyntaxWarning: invalid escape sequence '\ '
  """brain_ingest.py - Unified Second Brain Ingestion & GTD Intake Engine.
Processed 0 raw notes in Inbox.
2026-08-25 20:02:05 - Raw inbox note ready for processing detected. Invoking scan-inbox...
/Users/lorenzo/Documents/GitHub/loackyPKM/99 - Meta/Scripts/brain_ingest.py:2: SyntaxWarning: invalid escape sequence '\ '
  """brain_ingest.py - Unified Second Brain Ingestion & GTD Intake Engine.
Processed 0 raw notes in Inbox.
2026-08-25 20:02:10 - Raw inbox note ready for processing detected. Invoking scan-inbox...
/Users/lorenzo/Documents/GitHub/loackyPKM/99 - Meta/Scripts/brain_ingest.py:2: SyntaxWarning: invalid escape sequence '\ '
  """brain_ingest.py - Unified Second Brain Ingestion & GTD Intake Engine.
Processed 0 raw notes in Inbox.
2026-08-25 20:02:15 - Raw inbox note ready for processing detected. Invoking scan-inbox...
/Users/lorenzo/Documents/GitHub/loackyPKM/99 - Meta/Scripts/brain_ingest.py:2: SyntaxWarning: invalid escape sequence '\ '
  """brain_ingest.py - Unified Second Brain Ingestion & GTD Intake Engine.
Processed 0 raw notes in Inbox.
2026-08-25 20:02:20 - Raw inbox note ready for processing detected. Invoking scan-inbox...
/Users/lorenzo/Documents/GitHub/loackyPKM/99 - Meta/Scripts/brain_ingest.py:2: SyntaxWarning: invalid escape sequence '\ '
  """brain_ingest.py - Unified Second Brain Ingestion & GTD Intake Engine.
Processed 0 raw notes in Inbox.
2026-08-25 20:02:26 - Raw inbox note ready for processing detected. Invoking scan-inbox...
/Users/lorenzo/Documents/GitHub/loackyPKM/99 - Meta/Scripts/brain_ingest.py:2: SyntaxWarning: invalid escape sequence '\ '
  """brain_ingest.py - Unified Second Brain Ingestion & GTD Intake Engine.
Processed 0 raw notes in Inbox.
2026-08-25 20:02:31 - Raw inbox note ready for processing detected. Invoking scan-inbox...
/Users/lorenzo/Documents/GitHub/loackyPKM/99 - Meta/Scripts/brain_ingest.py:2: SyntaxWarning: invalid escape sequence '\ '
  """brain_ingest.py - Unified Second Brain Ingestion & GTD Intake Engine.
Processed 0 raw notes in Inbox.
2026-08-25 20:02:36 - Raw inbox note ready for processing detected. Invoking scan-inbox...
/Users/lorenzo/Documents/GitHub/loackyPKM/99 - Meta/Scripts/brain_ingest.py:2: SyntaxWarning: invalid escape sequence '\ '
  """brain_ingest.py - Unified Second Brain Ingestion & GTD Intake Engine.
Processed 0 raw notes in Inbox.
2026-08-25 20:02:41 - Raw inbox note ready for processing detected. Invoking scan-inbox...
/Users/lorenzo/Documents/GitHub/loackyPKM/99 - Meta/Scripts/brain_ingest.py:2: SyntaxWarning: invalid escape sequence '\ '
  """brain_ingest.py - Unified Second Brain Ingestion & GTD Intake Engine.
Processed 0 raw notes in Inbox.
2026-08-25 20:02:47 - Raw inbox note ready for processing detected. Invoking scan-inbox...
/Users/lorenzo/Documents/GitHub/loackyPKM/99 - Meta/Scripts/brain_ingest.py:2: SyntaxWarning: invalid escape sequence '\ '
  """brain_ingest.py - Unified Second Brain Ingestion & GTD Intake Engine.
Processed 0 raw notes in Inbox.
2026-08-25 20:02:52 - Raw inbox note ready for processing detected. Invoking scan-inbox...
/Users/lorenzo/Documents/GitHub/loackyPKM/99 - Meta/Scripts/brain_ingest.py:2: SyntaxWarning: invalid escape sequence '\ '
  """brain_ingest.py - Unified Second Brain Ingestion & GTD Intake Engine.
Processed 0 raw notes in Inbox.
2026-08-25 20:02:57 - Raw inbox note ready for processing detected. Invoking scan-inbox...
/Users/lorenzo/Documents/GitHub/loackyPKM/99 - Meta/Scripts/brain_ingest.py:2: SyntaxWarning: invalid escape sequence '\ '
  """brain_ingest.py - Unified Second Brain Ingestion & GTD Intake Engine.
Processed 0 raw notes in Inbox.
2026-08-25 20:03:03 - Raw inbox note ready for processing detected. Invoking scan-inbox...
/Users/lorenzo/Documents/GitHub/loackyPKM/99 - Meta/Scripts/brain_ingest.py:2: SyntaxWarning: invalid escape sequence '\ '
  """brain_ingest.py - Unified Second Brain Ingestion & GTD Intake Engine.
Processed 0 raw notes in Inbox.
2026-08-25 20:03:08 - Raw inbox note ready for processing detected. Invoking scan-inbox...
/Users/lorenzo/Documents/GitHub/loackyPKM/99 - Meta/Scripts/brain_ingest.py:2: SyntaxWarning: invalid escape sequence '\ '
  """brain_ingest.py - Unified Second Brain Ingestion & GTD Intake Engine.
Processed 0 raw notes in Inbox.
2026-08-25 20:03:13 - Raw inbox note ready for processing detected. Invoking scan-inbox...
/Users/lorenzo/Documents/GitHub/loackyPKM/99 - Meta/Scripts/brain_ingest.py:2: SyntaxWarning: invalid escape sequence '\ '
  """brain_ingest.py - Unified Second Brain Ingestion & GTD Intake Engine.
Processed 0 raw notes in Inbox.
2026-08-25 20:03:18 - Raw inbox note ready for processing detected. Invoking scan-inbox...
/Users/lorenzo/Documents/GitHub/loackyPKM/99 - Meta/Scripts/brain_ingest.py:2: SyntaxWarning: invalid escape sequence '\ '
  """brain_ingest.py - Unified Second Brain Ingestion & GTD Intake Engine.
Processed 0 raw notes in Inbox.
2026-08-25 20:03:24 - Raw inbox note ready for processing detected. Invoking scan-inbox...
/Users/lorenzo/Documents/GitHub/loackyPKM/99 - Meta/Scripts/brain_ingest.py:2: SyntaxWarning: invalid escape sequence '\ '
  """brain_ingest.py - Unified Second Brain Ingestion & GTD Intake Engine.
Processed 0 raw notes in Inbox.
2026-08-25 20:03:29 - Raw inbox note ready for processing detected. Invoking scan-inbox...
/Users/lorenzo/Documents/GitHub/loackyPKM/99 - Meta/Scripts/brain_ingest.py:2: SyntaxWarning: invalid escape sequence '\ '
  """brain_ingest.py - Unified Second Brain Ingestion & GTD Intake Engine.
Processed 0 raw notes in Inbox.
2026-08-25 20:03:34 - Raw inbox note ready for processing detected. Invoking scan-inbox...
/Users/lorenzo/Documents/GitHub/loackyPKM/99 - Meta/Scripts/brain_ingest.py:2: SyntaxWarning: invalid escape sequence '\ '
  """brain_ingest.py - Unified Second Brain Ingestion & GTD Intake Engine.
Processed 0 raw notes in Inbox.
2026-08-25 20:03:40 - Raw inbox note ready for processing detected. Invoking scan-inbox...
/Users/lorenzo/Documents/GitHub/loackyPKM/99 - Meta/Scripts/brain_ingest.py:2: SyntaxWarning: invalid escape sequence '\ '
  """brain_ingest.py - Unified Second Brain Ingestion & GTD Intake Engine.
Processed 0 raw notes in Inbox.
2026-08-25 20:03:45 - Raw inbox note ready for processing detected. Invoking scan-inbox...
/Users/lorenzo/Documents/GitHub/loackyPKM/99 - Meta/Scripts/brain_ingest.py:2: SyntaxWarning: invalid escape sequence '\ '
  """brain_ingest.py - Unified Second Brain Ingestion & GTD Intake Engine.
Processed 0 raw notes in Inbox.
2026-08-25 20:03:50 - Raw inbox note ready for processing detected. Invoking scan-inbox...
/Users/lorenzo/Documents/GitHub/loackyPKM/99 - Meta/Scripts/brain_ingest.py:2: SyntaxWarning: invalid escape sequence '\ '
  """brain_ingest.py - Unified Second Brain Ingestion & GTD Intake Engine.
Processed 0 raw notes in Inbox.
2026-08-25 20:03:55 - Raw inbox note ready for processing detected. Invoking scan-inbox...
/Users/lorenzo/Documents/GitHub/loackyPKM/99 - Meta/Scripts/brain_ingest.py:2: SyntaxWarning: invalid escape sequence '\ '
  """brain_ingest.py - Unified Second Brain Ingestion & GTD Intake Engine.
Processed 0 raw notes in Inbox.
2026-08-25 20:04:01 - Raw inbox note ready for processing detected. Invoking scan-inbox...
/Users/lorenzo/Documents/GitHub/loackyPKM/99 - Meta/Scripts/brain_ingest.py:2: SyntaxWarning: invalid escape sequence '\ '
  """brain_ingest.py - Unified Second Brain Ingestion & GTD Intake Engine.
Processed 0 raw notes in Inbox.
2026-08-25 20:04:06 - Raw inbox note ready for processing detected. Invoking scan-inbox...
/Users/lorenzo/Documents/GitHub/loackyPKM/99 - Meta/Scripts/brain_ingest.py:2: SyntaxWarning: invalid escape sequence '\ '
  """brain_ingest.py - Unified Second Brain Ingestion & GTD Intake Engine.
Processed 0 raw notes in Inbox.
2026-08-25 20:04:11 - Raw inbox note ready for processing detected. Invoking scan-inbox...
/Users/lorenzo/Documents/GitHub/loackyPKM/99 - Meta/Scripts/brain_ingest.py:2: SyntaxWarning: invalid escape sequence '\ '
  """brain_ingest.py - Unified Second Brain Ingestion & GTD Intake Engine.
Processed 0 raw notes in Inbox.
2026-08-25 20:04:17 - Raw inbox note ready for processing detected. Invoking scan-inbox...
/Users/lorenzo/Documents/GitHub/loackyPKM/99 - Meta/Scripts/brain_ingest.py:2: SyntaxWarning: invalid escape sequence '\ '
  """brain_ingest.py - Unified Second Brain Ingestion & GTD Intake Engine.
Processed 0 raw notes in Inbox.
2026-08-25 20:04:22 - Raw inbox note ready for processing detected. Invoking scan-inbox...
/Users/lorenzo/Documents/GitHub/loackyPKM/99 - Meta/Scripts/brain_ingest.py:2: SyntaxWarning: invalid escape sequence '\ '
  """brain_ingest.py - Unified Second Brain Ingestion & GTD Intake Engine.
Processed 0 raw notes in Inbox.
2026-08-25 20:04:27 - Raw inbox note ready for processing detected. Invoking scan-inbox...
/Users/lorenzo/Documents/GitHub/loackyPKM/99 - Meta/Scripts/brain_ingest.py:2: SyntaxWarning: invalid escape sequence '\ '
  """brain_ingest.py - Unified Second Brain Ingestion & GTD Intake Engine.
Processed 0 raw notes in Inbox.
2026-08-25 20:04:32 - Raw inbox note ready for processing detected. Invoking scan-inbox...
/Users/lorenzo/Documents/GitHub/loackyPKM/99 - Meta/Scripts/brain_ingest.py:2: SyntaxWarning: invalid escape sequence '\ '
  """brain_ingest.py - Unified Second Brain Ingestion & GTD Intake Engine.
Processed 0 raw notes in Inbox.
2026-08-25 20:04:38 - Raw inbox note ready for processing detected. Invoking scan-inbox...
/Users/lorenzo/Documents/GitHub/loackyPKM/99 - Meta/Scripts/brain_ingest.py:2: SyntaxWarning: invalid escape sequence '\ '
  """brain_ingest.py - Unified Second Brain Ingestion & GTD Intake Engine.
Processed 0 raw notes in Inbox.
2026-08-25 20:04:43 - Raw inbox note ready for processing detected. Invoking scan-inbox...
/Users/lorenzo/Documents/GitHub/loackyPKM/99 - Meta/Scripts/brain_ingest.py:2: SyntaxWarning: invalid escape sequence '\ '
  """brain_ingest.py - Unified Second Brain Ingestion & GTD Intake Engine.
Processed 0 raw notes in Inbox.
2026-08-25 20:04:49 - Raw inbox note ready for processing detected. Invoking scan-inbox...
/Users/lorenzo/Documents/GitHub/loackyPKM/99 - Meta/Scripts/brain_ingest.py:2: SyntaxWarning: invalid escape sequence '\ '
  """brain_ingest.py - Unified Second Brain Ingestion & GTD Intake Engine.
Processed 0 raw notes in Inbox.
2026-08-25 20:04:54 - Raw inbox note ready for processing detected. Invoking scan-inbox...
/Users/lorenzo/Documents/GitHub/loackyPKM/99 - Meta/Scripts/brain_ingest.py:2: SyntaxWarning: invalid escape sequence '\ '
  """brain_ingest.py - Unified Second Brain Ingestion & GTD Intake Engine.
Processed 0 raw notes in Inbox.
2026-08-25 20:04:59 - Raw inbox note ready for processing detected. Invoking scan-inbox...
/Users/lorenzo/Documents/GitHub/loackyPKM/99 - Meta/Scripts/brain_ingest.py:2: SyntaxWarning: invalid escape sequence '\ '
  """brain_ingest.py - Unified Second Brain Ingestion & GTD Intake Engine.
Processed 0 raw notes in Inbox.
2026-08-25 20:05:04 - Raw inbox note ready for processing detected. Invoking scan-inbox...
/Users/lorenzo/Documents/GitHub/loackyPKM/99 - Meta/Scripts/brain_ingest.py:2: SyntaxWarning: invalid escape sequence '\ '
  """brain_ingest.py - Unified Second Brain Ingestion & GTD Intake Engine.
Processed 0 raw notes in Inbox.
2026-08-25 20:05:10 - Raw inbox note ready for processing detected. Invoking scan-inbox...
/Users/lorenzo/Documents/GitHub/loackyPKM/99 - Meta/Scripts/brain_ingest.py:2: SyntaxWarning: invalid escape sequence '\ '
  """brain_ingest.py - Unified Second Brain Ingestion & GTD Intake Engine.
Processed 0 raw notes in Inbox.
2026-08-25 20:05:15 - Raw inbox note ready for processing detected. Invoking scan-inbox...
/Users/lorenzo/Documents/GitHub/loackyPKM/99 - Meta/Scripts/brain_ingest.py:2: SyntaxWarning: invalid escape sequence '\ '
  """brain_ingest.py - Unified Second Brain Ingestion & GTD Intake Engine.
Processed 0 raw notes in Inbox.
2026-08-25 20:05:20 - Raw inbox note ready for processing detected. Invoking scan-inbox...
/Users/lorenzo/Documents/GitHub/loackyPKM/99 - Meta/Scripts/brain_ingest.py:2: SyntaxWarning: invalid escape sequence '\ '
  """brain_ingest.py - Unified Second Brain Ingestion & GTD Intake Engine.
Processed 0 raw notes in Inbox.
2026-08-25 20:05:26 - Raw inbox note ready for processing detected. Invoking scan-inbox...
/Users/lorenzo/Documents/GitHub/loackyPKM/99 - Meta/Scripts/brain_ingest.py:2: SyntaxWarning: invalid escape sequence '\ '
  """brain_ingest.py - Unified Second Brain Ingestion & GTD Intake Engine.
Processed 0 raw notes in Inbox.
2026-08-25 20:05:31 - Raw inbox note ready for processing detected. Invoking scan-inbox...
/Users/lorenzo/Documents/GitHub/loackyPKM/99 - Meta/Scripts/brain_ingest.py:2: SyntaxWarning: invalid escape sequence '\ '
  """brain_ingest.py - Unified Second Brain Ingestion & GTD Intake Engine.
Processed 0 raw notes in Inbox.
2026-08-25 20:05:36 - Raw inbox note ready for processing detected. Invoking scan-inbox...
/Users/lorenzo/Documents/GitHub/loackyPKM/99 - Meta/Scripts/brain_ingest.py:2: SyntaxWarning: invalid escape sequence '\ '
  """brain_ingest.py - Unified Second Brain Ingestion & GTD Intake Engine.
Processed 0 raw notes in Inbox.
2026-08-25 20:05:41 - Raw inbox note ready for processing detected. Invoking scan-inbox...
/Users/lorenzo/Documents/GitHub/loackyPKM/99 - Meta/Scripts/brain_ingest.py:2: SyntaxWarning: invalid escape sequence '\ '
  """brain_ingest.py - Unified Second Brain Ingestion & GTD Intake Engine.
Processed 0 raw notes in Inbox.
2026-08-25 20:05:47 - Raw inbox note ready for processing detected. Invoking scan-inbox...
/Users/lorenzo/Documents/GitHub/loackyPKM/99 - Meta/Scripts/brain_ingest.py:2: SyntaxWarning: invalid escape sequence '\ '
  """brain_ingest.py - Unified Second Brain Ingestion & GTD Intake Engine.
Processed 0 raw notes in Inbox.
2026-08-25 20:05:52 - Raw inbox note ready for processing detected. Invoking scan-inbox...
/Users/lorenzo/Documents/GitHub/loackyPKM/99 - Meta/Scripts/brain_ingest.py:2: SyntaxWarning: invalid escape sequence '\ '
  """brain_ingest.py - Unified Second Brain Ingestion & GTD Intake Engine.
Processed 0 raw notes in Inbox.
2026-08-25 20:05:57 - Raw inbox note ready for processing detected. Invoking scan-inbox...
/Users/lorenzo/Documents/GitHub/loackyPKM/99 - Meta/Scripts/brain_ingest.py:2: SyntaxWarning: invalid escape sequence '\ '
  """brain_ingest.py - Unified Second Brain Ingestion & GTD Intake Engine.
Processed 0 raw notes in Inbox.
2026-08-25 20:06:03 - Raw inbox note ready for processing detected. Invoking scan-inbox...
/Users/lorenzo/Documents/GitHub/loackyPKM/99 - Meta/Scripts/brain_ingest.py:2: SyntaxWarning: invalid escape sequence '\ '
  """brain_ingest.py - Unified Second Brain Ingestion & GTD Intake Engine.
Processed 0 raw notes in Inbox.
2026-08-25 20:06:08 - Raw inbox note ready for processing detected. Invoking scan-inbox...
/Users/lorenzo/Documents/GitHub/loackyPKM/99 - Meta/Scripts/brain_ingest.py:2: SyntaxWarning: invalid escape sequence '\ '
  """brain_ingest.py - Unified Second Brain Ingestion & GTD Intake Engine.
Processed 0 raw notes in Inbox.
2026-08-25 20:06:13 - Raw inbox note ready for processing detected. Invoking scan-inbox...
/Users/lorenzo/Documents/GitHub/loackyPKM/99 - Meta/Scripts/brain_ingest.py:2: SyntaxWarning: invalid escape sequence '\ '
  """brain_ingest.py - Unified Second Brain Ingestion & GTD Intake Engine.
Processed 0 raw notes in Inbox.
2026-08-25 20:06:18 - Raw inbox note ready for processing detected. Invoking scan-inbox...
/Users/lorenzo/Documents/GitHub/loackyPKM/99 - Meta/Scripts/brain_ingest.py:2: SyntaxWarning: invalid escape sequence '\ '
  """brain_ingest.py - Unified Second Brain Ingestion & GTD Intake Engine.
Processed 0 raw notes in Inbox.
2026-08-25 20:06:24 - Raw inbox note ready for processing detected. Invoking scan-inbox...
/Users/lorenzo/Documents/GitHub/loackyPKM/99 - Meta/Scripts/brain_ingest.py:2: SyntaxWarning: invalid escape sequence '\ '
  """brain_ingest.py - Unified Second Brain Ingestion & GTD Intake Engine.
Processed 0 raw notes in Inbox.
2026-08-25 20:06:29 - Raw inbox note ready for processing detected. Invoking scan-inbox...
/Users/lorenzo/Documents/GitHub/loackyPKM/99 - Meta/Scripts/brain_ingest.py:2: SyntaxWarning: invalid escape sequence '\ '
  """brain_ingest.py - Unified Second Brain Ingestion & GTD Intake Engine.
Processed 0 raw notes in Inbox.
2026-08-25 20:06:34 - Raw inbox note ready for processing detected. Invoking scan-inbox...
/Users/lorenzo/Documents/GitHub/loackyPKM/99 - Meta/Scripts/brain_ingest.py:2: SyntaxWarning: invalid escape sequence '\ '
  """brain_ingest.py - Unified Second Brain Ingestion & GTD Intake Engine.
Processed 0 raw notes in Inbox.
2026-08-25 20:06:39 - Raw inbox note ready for processing detected. Invoking scan-inbox...
/Users/lorenzo/Documents/GitHub/loackyPKM/99 - Meta/Scripts/brain_ingest.py:2: SyntaxWarning: invalid escape sequence '\ '
  """brain_ingest.py - Unified Second Brain Ingestion & GTD Intake Engine.
Processed 0 raw notes in Inbox.
2026-08-25 20:06:45 - Raw inbox note ready for processing detected. Invoking scan-inbox...
/Users/lorenzo/Documents/GitHub/loackyPKM/99 - Meta/Scripts/brain_ingest.py:2: SyntaxWarning: invalid escape sequence '\ '
  """brain_ingest.py - Unified Second Brain Ingestion & GTD Intake Engine.
Processed 0 raw notes in Inbox.
2026-08-25 20:06:50 - Raw inbox note ready for processing detected. Invoking scan-inbox...
/Users/lorenzo/Documents/GitHub/loackyPKM/99 - Meta/Scripts/brain_ingest.py:2: SyntaxWarning: invalid escape sequence '\ '
  """brain_ingest.py - Unified Second Brain Ingestion & GTD Intake Engine.
Processed 0 raw notes in Inbox.
2026-08-25 20:06:55 - Raw inbox note ready for processing detected. Invoking scan-inbox...
/Users/lorenzo/Documents/GitHub/loackyPKM/99 - Meta/Scripts/brain_ingest.py:2: SyntaxWarning: invalid escape sequence '\ '
  """brain_ingest.py - Unified Second Brain Ingestion & GTD Intake Engine.
Processed 0 raw notes in Inbox.
2026-08-25 20:07:01 - Raw inbox note ready for processing detected. Invoking scan-inbox...
/Users/lorenzo/Documents/GitHub/loackyPKM/99 - Meta/Scripts/brain_ingest.py:2: SyntaxWarning: invalid escape sequence '\ '
  """brain_ingest.py - Unified Second Brain Ingestion & GTD Intake Engine.
Processed 0 raw notes in Inbox.
2026-08-25 20:07:06 - Raw inbox note ready for processing detected. Invoking scan-inbox...
/Users/lorenzo/Documents/GitHub/loackyPKM/99 - Meta/Scripts/brain_ingest.py:2: SyntaxWarning: invalid escape sequence '\ '
  """brain_ingest.py - Unified Second Brain Ingestion & GTD Intake Engine.
Processed 0 raw notes in Inbox.
2026-08-25 20:07:11 - Raw inbox note ready for processing detected. Invoking scan-inbox...
/Users/lorenzo/Documents/GitHub/loackyPKM/99 - Meta/Scripts/brain_ingest.py:2: SyntaxWarning: invalid escape sequence '\ '
  """brain_ingest.py - Unified Second Brain Ingestion & GTD Intake Engine.
Processed 0 raw notes in Inbox.
2026-08-25 20:07:16 - Raw inbox note ready for processing detected. Invoking scan-inbox...
/Users/lorenzo/Documents/GitHub/loackyPKM/99 - Meta/Scripts/brain_ingest.py:2: SyntaxWarning: invalid escape sequence '\ '
  """brain_ingest.py - Unified Second Brain Ingestion & GTD Intake Engine.
Processed 0 raw notes in Inbox.
2026-08-25 20:07:22 - Raw inbox note ready for processing detected. Invoking scan-inbox...
/Users/lorenzo/Documents/GitHub/loackyPKM/99 - Meta/Scripts/brain_ingest.py:2: SyntaxWarning: invalid escape sequence '\ '
  """brain_ingest.py - Unified Second Brain Ingestion & GTD Intake Engine.
Processed 0 raw notes in Inbox.
2026-08-25 20:07:27 - Raw inbox note ready for processing detected. Invoking scan-inbox...
/Users/lorenzo/Documents/GitHub/loackyPKM/99 - Meta/Scripts/brain_ingest.py:2: SyntaxWarning: invalid escape sequence '\ '
  """brain_ingest.py - Unified Second Brain Ingestion & GTD Intake Engine.
Processed 0 raw notes in Inbox.
2026-08-25 20:07:32 - Raw inbox note ready for processing detected. Invoking scan-inbox...
/Users/lorenzo/Documents/GitHub/loackyPKM/99 - Meta/Scripts/brain_ingest.py:2: SyntaxWarning: invalid escape sequence '\ '
  """brain_ingest.py - Unified Second Brain Ingestion & GTD Intake Engine.
Processed 0 raw notes in Inbox.
2026-08-25 20:07:38 - Raw inbox note ready for processing detected. Invoking scan-inbox...
/Users/lorenzo/Documents/GitHub/loackyPKM/99 - Meta/Scripts/brain_ingest.py:2: SyntaxWarning: invalid escape sequence '\ '
  """brain_ingest.py - Unified Second Brain Ingestion & GTD Intake Engine.
Processed 0 raw notes in Inbox.
2026-08-25 20:07:43 - Raw inbox note ready for processing detected. Invoking scan-inbox...
/Users/lorenzo/Documents/GitHub/loackyPKM/99 - Meta/Scripts/brain_ingest.py:2: SyntaxWarning: invalid escape sequence '\ '
  """brain_ingest.py - Unified Second Brain Ingestion & GTD Intake Engine.
Processed 0 raw notes in Inbox.
2026-08-25 20:07:48 - Raw inbox note ready for processing detected. Invoking scan-inbox...
/Users/lorenzo/Documents/GitHub/loackyPKM/99 - Meta/Scripts/brain_ingest.py:2: SyntaxWarning: invalid escape sequence '\ '
  """brain_ingest.py - Unified Second Brain Ingestion & GTD Intake Engine.
Processed 0 raw notes in Inbox.
2026-08-25 20:07:53 - Raw inbox note ready for processing detected. Invoking scan-inbox...
/Users/lorenzo/Documents/GitHub/loackyPKM/99 - Meta/Scripts/brain_ingest.py:2: SyntaxWarning: invalid escape sequence '\ '
  """brain_ingest.py - Unified Second Brain Ingestion & GTD Intake Engine.
Processed 0 raw notes in Inbox.
2026-08-25 20:07:59 - Raw inbox note ready for processing detected. Invoking scan-inbox...
/Users/lorenzo/Documents/GitHub/loackyPKM/99 - Meta/Scripts/brain_ingest.py:2: SyntaxWarning: invalid escape sequence '\ '
  """brain_ingest.py - Unified Second Brain Ingestion & GTD Intake Engine.
Processed 0 raw notes in Inbox.
2026-08-25 20:08:04 - Raw inbox note ready for processing detected. Invoking scan-inbox...
/Users/lorenzo/Documents/GitHub/loackyPKM/99 - Meta/Scripts/brain_ingest.py:2: SyntaxWarning: invalid escape sequence '\ '
  """brain_ingest.py - Unified Second Brain Ingestion & GTD Intake Engine.
Processed 0 raw notes in Inbox.
2026-08-25 20:08:09 - Raw inbox note ready for processing detected. Invoking scan-inbox...
/Users/lorenzo/Documents/GitHub/loackyPKM/99 - Meta/Scripts/brain_ingest.py:2: SyntaxWarning: invalid escape sequence '\ '
  """brain_ingest.py - Unified Second Brain Ingestion & GTD Intake Engine.
Processed 0 raw notes in Inbox.
2026-08-25 20:08:15 - Raw inbox note ready for processing detected. Invoking scan-inbox...
/Users/lorenzo/Documents/GitHub/loackyPKM/99 - Meta/Scripts/brain_ingest.py:2: SyntaxWarning: invalid escape sequence '\ '
  """brain_ingest.py - Unified Second Brain Ingestion & GTD Intake Engine.
Processed 0 raw notes in Inbox.
2026-08-25 20:08:20 - Raw inbox note ready for processing detected. Invoking scan-inbox...
/Users/lorenzo/Documents/GitHub/loackyPKM/99 - Meta/Scripts/brain_ingest.py:2: SyntaxWarning: invalid escape sequence '\ '
  """brain_ingest.py - Unified Second Brain Ingestion & GTD Intake Engine.
Processed 0 raw notes in Inbox.
2026-08-25 20:08:25 - Raw inbox note ready for processing detected. Invoking scan-inbox...
/Users/lorenzo/Documents/GitHub/loackyPKM/99 - Meta/Scripts/brain_ingest.py:2: SyntaxWarning: invalid escape sequence '\ '
  """brain_ingest.py - Unified Second Brain Ingestion & GTD Intake Engine.
Processed 0 raw notes in Inbox.
2026-08-25 20:08:30 - Raw inbox note ready for processing detected. Invoking scan-inbox...
/Users/lorenzo/Documents/GitHub/loackyPKM/99 - Meta/Scripts/brain_ingest.py:2: SyntaxWarning: invalid escape sequence '\ '
  """brain_ingest.py - Unified Second Brain Ingestion & GTD Intake Engine.
Processed 0 raw notes in Inbox.
2026-08-25 20:08:36 - Raw inbox note ready for processing detected. Invoking scan-inbox...
/Users/lorenzo/Documents/GitHub/loackyPKM/99 - Meta/Scripts/brain_ingest.py:2: SyntaxWarning: invalid escape sequence '\ '
  """brain_ingest.py - Unified Second Brain Ingestion & GTD Intake Engine.
Processed 0 raw notes in Inbox.
2026-08-25 20:08:41 - Raw inbox note ready for processing detected. Invoking scan-inbox...
/Users/lorenzo/Documents/GitHub/loackyPKM/99 - Meta/Scripts/brain_ingest.py:2: SyntaxWarning: invalid escape sequence '\ '
  """brain_ingest.py - Unified Second Brain Ingestion & GTD Intake Engine.
Processed 0 raw notes in Inbox.
2026-08-25 20:08:46 - Raw inbox note ready for processing detected. Invoking scan-inbox...
/Users/lorenzo/Documents/GitHub/loackyPKM/99 - Meta/Scripts/brain_ingest.py:2: SyntaxWarning: invalid escape sequence '\ '
  """brain_ingest.py - Unified Second Brain Ingestion & GTD Intake Engine.
Processed 0 raw notes in Inbox.
2026-08-25 20:08:51 - Raw inbox note ready for processing detected. Invoking scan-inbox...
/Users/lorenzo/Documents/GitHub/loackyPKM/99 - Meta/Scripts/brain_ingest.py:2: SyntaxWarning: invalid escape sequence '\ '
  """brain_ingest.py - Unified Second Brain Ingestion & GTD Intake Engine.
Processed 0 raw notes in Inbox.
2026-08-25 20:08:57 - Raw inbox note ready for processing detected. Invoking scan-inbox...
/Users/lorenzo/Documents/GitHub/loackyPKM/99 - Meta/Scripts/brain_ingest.py:2: SyntaxWarning: invalid escape sequence '\ '
  """brain_ingest.py - Unified Second Brain Ingestion & GTD Intake Engine.
Processed 0 raw notes in Inbox.
2026-08-25 20:09:02 - Raw inbox note ready for processing detected. Invoking scan-inbox...
/Users/lorenzo/Documents/GitHub/loackyPKM/99 - Meta/Scripts/brain_ingest.py:2: SyntaxWarning: invalid escape sequence '\ '
  """brain_ingest.py - Unified Second Brain Ingestion & GTD Intake Engine.
Processed 0 raw notes in Inbox.
2026-08-25 20:09:07 - Raw inbox note ready for processing detected. Invoking scan-inbox...
/Users/lorenzo/Documents/GitHub/loackyPKM/99 - Meta/Scripts/brain_ingest.py:2: SyntaxWarning: invalid escape sequence '\ '
  """brain_ingest.py - Unified Second Brain Ingestion & GTD Intake Engine.
Processed 0 raw notes in Inbox.
2026-08-25 20:09:13 - Raw inbox note ready for processing detected. Invoking scan-inbox...
/Users/lorenzo/Documents/GitHub/loackyPKM/99 - Meta/Scripts/brain_ingest.py:2: SyntaxWarning: invalid escape sequence '\ '
  """brain_ingest.py - Unified Second Brain Ingestion & GTD Intake Engine.
Processed 0 raw notes in Inbox.
2026-08-25 20:09:18 - Raw inbox note ready for processing detected. Invoking scan-inbox...
/Users/lorenzo/Documents/GitHub/loackyPKM/99 - Meta/Scripts/brain_ingest.py:2: SyntaxWarning: invalid escape sequence '\ '
  """brain_ingest.py - Unified Second Brain Ingestion & GTD Intake Engine.
Processed 0 raw notes in Inbox.
2026-08-25 20:09:23 - Raw inbox note ready for processing detected. Invoking scan-inbox...
/Users/lorenzo/Documents/GitHub/loackyPKM/99 - Meta/Scripts/brain_ingest.py:2: SyntaxWarning: invalid escape sequence '\ '
  """brain_ingest.py - Unified Second Brain Ingestion & GTD Intake Engine.
Processed 0 raw notes in Inbox.
2026-08-25 20:09:28 - Raw inbox note ready for processing detected. Invoking scan-inbox...
/Users/lorenzo/Documents/GitHub/loackyPKM/99 - Meta/Scripts/brain_ingest.py:2: SyntaxWarning: invalid escape sequence '\ '
  """brain_ingest.py - Unified Second Brain Ingestion & GTD Intake Engine.
Processed 0 raw notes in Inbox.
2026-08-25 20:09:34 - Raw inbox note ready for processing detected. Invoking scan-inbox...
/Users/lorenzo/Documents/GitHub/loackyPKM/99 - Meta/Scripts/brain_ingest.py:2: SyntaxWarning: invalid escape sequence '\ '
  """brain_ingest.py - Unified Second Brain Ingestion & GTD Intake Engine.
Processed 0 raw notes in Inbox.
2026-08-25 20:09:39 - Raw inbox note ready for processing detected. Invoking scan-inbox...
/Users/lorenzo/Documents/GitHub/loackyPKM/99 - Meta/Scripts/brain_ingest.py:2: SyntaxWarning: invalid escape sequence '\ '
  """brain_ingest.py - Unified Second Brain Ingestion & GTD Intake Engine.
Processed 0 raw notes in Inbox.
2026-08-25 20:09:44 - Raw inbox note ready for processing detected. Invoking scan-inbox...
/Users/lorenzo/Documents/GitHub/loackyPKM/99 - Meta/Scripts/brain_ingest.py:2: SyntaxWarning: invalid escape sequence '\ '
  """brain_ingest.py - Unified Second Brain Ingestion & GTD Intake Engine.
Processed 0 raw notes in Inbox.
2026-08-25 20:09:50 - Raw inbox note ready for processing detected. Invoking scan-inbox...
/Users/lorenzo/Documents/GitHub/loackyPKM/99 - Meta/Scripts/brain_ingest.py:2: SyntaxWarning: invalid escape sequence '\ '
  """brain_ingest.py - Unified Second Brain Ingestion & GTD Intake Engine.
Processed 0 raw notes in Inbox.
2026-08-25 20:09:55 - Raw inbox note ready for processing detected. Invoking scan-inbox...
/Users/lorenzo/Documents/GitHub/loackyPKM/99 - Meta/Scripts/brain_ingest.py:2: SyntaxWarning: invalid escape sequence '\ '
  """brain_ingest.py - Unified Second Brain Ingestion & GTD Intake Engine.
Processed 0 raw notes in Inbox.
2026-08-25 20:10:00 - Raw inbox note ready for processing detected. Invoking scan-inbox...
/Users/lorenzo/Documents/GitHub/loackyPKM/99 - Meta/Scripts/brain_ingest.py:2: SyntaxWarning: invalid escape sequence '\ '
  """brain_ingest.py - Unified Second Brain Ingestion & GTD Intake Engine.
Processed 0 raw notes in Inbox.
2026-08-25 20:10:05 - Raw inbox note ready for processing detected. Invoking scan-inbox...
/Users/lorenzo/Documents/GitHub/loackyPKM/99 - Meta/Scripts/brain_ingest.py:2: SyntaxWarning: invalid escape sequence '\ '
  """brain_ingest.py - Unified Second Brain Ingestion & GTD Intake Engine.
Processed 0 raw notes in Inbox.
2026-08-25 20:10:11 - Raw inbox note ready for processing detected. Invoking scan-inbox...
/Users/lorenzo/Documents/GitHub/loackyPKM/99 - Meta/Scripts/brain_ingest.py:2: SyntaxWarning: invalid escape sequence '\ '
  """brain_ingest.py - Unified Second Brain Ingestion & GTD Intake Engine.
Processed 0 raw notes in Inbox.
2026-08-25 20:10:16 - Raw inbox note ready for processing detected. Invoking scan-inbox...
/Users/lorenzo/Documents/GitHub/loackyPKM/99 - Meta/Scripts/brain_ingest.py:2: SyntaxWarning: invalid escape sequence '\ '
  """brain_ingest.py - Unified Second Brain Ingestion & GTD Intake Engine.
Processed 0 raw notes in Inbox.
2026-08-25 20:10:21 - Raw inbox note ready for processing detected. Invoking scan-inbox...
/Users/lorenzo/Documents/GitHub/loackyPKM/99 - Meta/Scripts/brain_ingest.py:2: SyntaxWarning: invalid escape sequence '\ '
  """brain_ingest.py - Unified Second Brain Ingestion & GTD Intake Engine.
Processed 0 raw notes in Inbox.
2026-08-25 20:10:27 - Raw inbox note ready for processing detected. Invoking scan-inbox...
/Users/lorenzo/Documents/GitHub/loackyPKM/99 - Meta/Scripts/brain_ingest.py:2: SyntaxWarning: invalid escape sequence '\ '
  """brain_ingest.py - Unified Second Brain Ingestion & GTD Intake Engine.
Processed 0 raw notes in Inbox.
2026-08-25 20:10:32 - Raw inbox note ready for processing detected. Invoking scan-inbox...
/Users/lorenzo/Documents/GitHub/loackyPKM/99 - Meta/Scripts/brain_ingest.py:2: SyntaxWarning: invalid escape sequence '\ '
  """brain_ingest.py - Unified Second Brain Ingestion & GTD Intake Engine.
Processed 0 raw notes in Inbox.
2026-08-25 20:10:37 - Raw inbox note ready for processing detected. Invoking scan-inbox...
/Users/lorenzo/Documents/GitHub/loackyPKM/99 - Meta/Scripts/brain_ingest.py:2: SyntaxWarning: invalid escape sequence '\ '
  """brain_ingest.py - Unified Second Brain Ingestion & GTD Intake Engine.
Processed 0 raw notes in Inbox.
2026-08-25 20:10:42 - Raw inbox note ready for processing detected. Invoking scan-inbox...
/Users/lorenzo/Documents/GitHub/loackyPKM/99 - Meta/Scripts/brain_ingest.py:2: SyntaxWarning: invalid escape sequence '\ '
  """brain_ingest.py - Unified Second Brain Ingestion & GTD Intake Engine.
Processed 0 raw notes in Inbox.
2026-08-25 20:10:48 - Raw inbox note ready for processing detected. Invoking scan-inbox...
/Users/lorenzo/Documents/GitHub/loackyPKM/99 - Meta/Scripts/brain_ingest.py:2: SyntaxWarning: invalid escape sequence '\ '
  """brain_ingest.py - Unified Second Brain Ingestion & GTD Intake Engine.
Processed 0 raw notes in Inbox.
2026-08-25 20:10:53 - Raw inbox note ready for processing detected. Invoking scan-inbox...
/Users/lorenzo/Documents/GitHub/loackyPKM/99 - Meta/Scripts/brain_ingest.py:2: SyntaxWarning: invalid escape sequence '\ '
  """brain_ingest.py - Unified Second Brain Ingestion & GTD Intake Engine.
Processed 0 raw notes in Inbox.
2026-08-25 20:10:58 - Raw inbox note ready for processing detected. Invoking scan-inbox...
/Users/lorenzo/Documents/GitHub/loackyPKM/99 - Meta/Scripts/brain_ingest.py:2: SyntaxWarning: invalid escape sequence '\ '
  """brain_ingest.py - Unified Second Brain Ingestion & GTD Intake Engine.
Processed 0 raw notes in Inbox.
2026-08-25 20:11:04 - Raw inbox note ready for processing detected. Invoking scan-inbox...
/Users/lorenzo/Documents/GitHub/loackyPKM/99 - Meta/Scripts/brain_ingest.py:2: SyntaxWarning: invalid escape sequence '\ '
  """brain_ingest.py - Unified Second Brain Ingestion & GTD Intake Engine.
Processed 0 raw notes in Inbox.
2026-08-25 20:11:09 - Raw inbox note ready for processing detected. Invoking scan-inbox...
/Users/lorenzo/Documents/GitHub/loackyPKM/99 - Meta/Scripts/brain_ingest.py:2: SyntaxWarning: invalid escape sequence '\ '
  """brain_ingest.py - Unified Second Brain Ingestion & GTD Intake Engine.
Processed 0 raw notes in Inbox.
2026-08-25 20:11:14 - Raw inbox note ready for processing detected. Invoking scan-inbox...
/Users/lorenzo/Documents/GitHub/loackyPKM/99 - Meta/Scripts/brain_ingest.py:2: SyntaxWarning: invalid escape sequence '\ '
  """brain_ingest.py - Unified Second Brain Ingestion & GTD Intake Engine.
Processed 0 raw notes in Inbox.
2026-08-25 20:11:19 - Raw inbox note ready for processing detected. Invoking scan-inbox...
/Users/lorenzo/Documents/GitHub/loackyPKM/99 - Meta/Scripts/brain_ingest.py:2: SyntaxWarning: invalid escape sequence '\ '
  """brain_ingest.py - Unified Second Brain Ingestion & GTD Intake Engine.
Processed 0 raw notes in Inbox.
2026-08-25 20:11:25 - Raw inbox note ready for processing detected. Invoking scan-inbox...
/Users/lorenzo/Documents/GitHub/loackyPKM/99 - Meta/Scripts/brain_ingest.py:2: SyntaxWarning: invalid escape sequence '\ '
  """brain_ingest.py - Unified Second Brain Ingestion & GTD Intake Engine.
Processed 0 raw notes in Inbox.
2026-08-25 20:11:30 - Raw inbox note ready for processing detected. Invoking scan-inbox...
/Users/lorenzo/Documents/GitHub/loackyPKM/99 - Meta/Scripts/brain_ingest.py:2: SyntaxWarning: invalid escape sequence '\ '
  """brain_ingest.py - Unified Second Brain Ingestion & GTD Intake Engine.
Processed 0 raw notes in Inbox.
2026-08-25 20:11:35 - Raw inbox note ready for processing detected. Invoking scan-inbox...
/Users/lorenzo/Documents/GitHub/loackyPKM/99 - Meta/Scripts/brain_ingest.py:2: SyntaxWarning: invalid escape sequence '\ '
  """brain_ingest.py - Unified Second Brain Ingestion & GTD Intake Engine.
Processed 0 raw notes in Inbox.
2026-08-25 20:11:41 - Raw inbox note ready for processing detected. Invoking scan-inbox...
/Users/lorenzo/Documents/GitHub/loackyPKM/99 - Meta/Scripts/brain_ingest.py:2: SyntaxWarning: invalid escape sequence '\ '
  """brain_ingest.py - Unified Second Brain Ingestion & GTD Intake Engine.
Processed 0 raw notes in Inbox.
2026-08-25 20:11:46 - Raw inbox note ready for processing detected. Invoking scan-inbox...
/Users/lorenzo/Documents/GitHub/loackyPKM/99 - Meta/Scripts/brain_ingest.py:2: SyntaxWarning: invalid escape sequence '\ '
  """brain_ingest.py - Unified Second Brain Ingestion & GTD Intake Engine.
Processed 0 raw notes in Inbox.
2026-08-25 20:11:51 - Raw inbox note ready for processing detected. Invoking scan-inbox...
/Users/lorenzo/Documents/GitHub/loackyPKM/99 - Meta/Scripts/brain_ingest.py:2: SyntaxWarning: invalid escape sequence '\ '
  """brain_ingest.py - Unified Second Brain Ingestion & GTD Intake Engine.
Processed 0 raw notes in Inbox.
2026-08-25 20:11:56 - Raw inbox note ready for processing detected. Invoking scan-inbox...
/Users/lorenzo/Documents/GitHub/loackyPKM/99 - Meta/Scripts/brain_ingest.py:2: SyntaxWarning: invalid escape sequence '\ '
  """brain_ingest.py - Unified Second Brain Ingestion & GTD Intake Engine.
Processed 0 raw notes in Inbox.
2026-08-25 20:12:02 - Raw inbox note ready for processing detected. Invoking scan-inbox...
/Users/lorenzo/Documents/GitHub/loackyPKM/99 - Meta/Scripts/brain_ingest.py:2: SyntaxWarning: invalid escape sequence '\ '
  """brain_ingest.py - Unified Second Brain Ingestion & GTD Intake Engine.
Processed 0 raw notes in Inbox.
2026-08-25 20:12:07 - Raw inbox note ready for processing detected. Invoking scan-inbox...
/Users/lorenzo/Documents/GitHub/loackyPKM/99 - Meta/Scripts/brain_ingest.py:2: SyntaxWarning: invalid escape sequence '\ '
  """brain_ingest.py - Unified Second Brain Ingestion & GTD Intake Engine.
Processed 0 raw notes in Inbox.
2026-08-25 20:12:12 - Raw inbox note ready for processing detected. Invoking scan-inbox...
/Users/lorenzo/Documents/GitHub/loackyPKM/99 - Meta/Scripts/brain_ingest.py:2: SyntaxWarning: invalid escape sequence '\ '
  """brain_ingest.py - Unified Second Brain Ingestion & GTD Intake Engine.
Processed 0 raw notes in Inbox.
2026-08-25 20:12:17 - Raw inbox note ready for processing detected. Invoking scan-inbox...
/Users/lorenzo/Documents/GitHub/loackyPKM/99 - Meta/Scripts/brain_ingest.py:2: SyntaxWarning: invalid escape sequence '\ '
  """brain_ingest.py - Unified Second Brain Ingestion & GTD Intake Engine.
Processed 0 raw notes in Inbox.
2026-08-25 20:12:23 - Raw inbox note ready for processing detected. Invoking scan-inbox...
/Users/lorenzo/Documents/GitHub/loackyPKM/99 - Meta/Scripts/brain_ingest.py:2: SyntaxWarning: invalid escape sequence '\ '
  """brain_ingest.py - Unified Second Brain Ingestion & GTD Intake Engine.
Processed 0 raw notes in Inbox.
2026-08-25 20:12:28 - Raw inbox note ready for processing detected. Invoking scan-inbox...
/Users/lorenzo/Documents/GitHub/loackyPKM/99 - Meta/Scripts/brain_ingest.py:2: SyntaxWarning: invalid escape sequence '\ '
  """brain_ingest.py - Unified Second Brain Ingestion & GTD Intake Engine.
Processed 0 raw notes in Inbox.
2026-08-25 20:12:33 - Raw inbox note ready for processing detected. Invoking scan-inbox...
/Users/lorenzo/Documents/GitHub/loackyPKM/99 - Meta/Scripts/brain_ingest.py:2: SyntaxWarning: invalid escape sequence '\ '
  """brain_ingest.py - Unified Second Brain Ingestion & GTD Intake Engine.
Processed 0 raw notes in Inbox.
2026-08-25 20:12:39 - Raw inbox note ready for processing detected. Invoking scan-inbox...
/Users/lorenzo/Documents/GitHub/loackyPKM/99 - Meta/Scripts/brain_ingest.py:2: SyntaxWarning: invalid escape sequence '\ '
  """brain_ingest.py - Unified Second Brain Ingestion & GTD Intake Engine.
Processed 0 raw notes in Inbox.
2026-08-25 20:12:44 - Raw inbox note ready for processing detected. Invoking scan-inbox...
/Users/lorenzo/Documents/GitHub/loackyPKM/99 - Meta/Scripts/brain_ingest.py:2: SyntaxWarning: invalid escape sequence '\ '
  """brain_ingest.py - Unified Second Brain Ingestion & GTD Intake Engine.
Processed 0 raw notes in Inbox.
2026-08-25 20:12:49 - Raw inbox note ready for processing detected. Invoking scan-inbox...
/Users/lorenzo/Documents/GitHub/loackyPKM/99 - Meta/Scripts/brain_ingest.py:2: SyntaxWarning: invalid escape sequence '\ '
  """brain_ingest.py - Unified Second Brain Ingestion & GTD Intake Engine.
Processed 0 raw notes in Inbox.
2026-08-25 20:12:54 - Raw inbox note ready for processing detected. Invoking scan-inbox...
/Users/lorenzo/Documents/GitHub/loackyPKM/99 - Meta/Scripts/brain_ingest.py:2: SyntaxWarning: invalid escape sequence '\ '
  """brain_ingest.py - Unified Second Brain Ingestion & GTD Intake Engine.
Processed 0 raw notes in Inbox.
2026-08-25 20:13:00 - Raw inbox note ready for processing detected. Invoking scan-inbox...
/Users/lorenzo/Documents/GitHub/loackyPKM/99 - Meta/Scripts/brain_ingest.py:2: SyntaxWarning: invalid escape sequence '\ '
  """brain_ingest.py - Unified Second Brain Ingestion & GTD Intake Engine.
Processed 0 raw notes in Inbox.
2026-08-25 20:13:05 - Raw inbox note ready for processing detected. Invoking scan-inbox...
/Users/lorenzo/Documents/GitHub/loackyPKM/99 - Meta/Scripts/brain_ingest.py:2: SyntaxWarning: invalid escape sequence '\ '
  """brain_ingest.py - Unified Second Brain Ingestion & GTD Intake Engine.
Processed 0 raw notes in Inbox.
2026-08-25 20:13:10 - Raw inbox note ready for processing detected. Invoking scan-inbox...
/Users/lorenzo/Documents/GitHub/loackyPKM/99 - Meta/Scripts/brain_ingest.py:2: SyntaxWarning: invalid escape sequence '\ '
  """brain_ingest.py - Unified Second Brain Ingestion & GTD Intake Engine.
Processed 0 raw notes in Inbox.
2026-08-25 20:13:16 - Raw inbox note ready for processing detected. Invoking scan-inbox...
/Users/lorenzo/Documents/GitHub/loackyPKM/99 - Meta/Scripts/brain_ingest.py:2: SyntaxWarning: invalid escape sequence '\ '
  """brain_ingest.py - Unified Second Brain Ingestion & GTD Intake Engine.
Processed 0 raw notes in Inbox.
2026-08-25 20:13:21 - Raw inbox note ready for processing detected. Invoking scan-inbox...
/Users/lorenzo/Documents/GitHub/loackyPKM/99 - Meta/Scripts/brain_ingest.py:2: SyntaxWarning: invalid escape sequence '\ '
  """brain_ingest.py - Unified Second Brain Ingestion & GTD Intake Engine.
Processed 0 raw notes in Inbox.
2026-08-25 20:13:26 - Raw inbox note ready for processing detected. Invoking scan-inbox...
/Users/lorenzo/Documents/GitHub/loackyPKM/99 - Meta/Scripts/brain_ingest.py:2: SyntaxWarning: invalid escape sequence '\ '
  """brain_ingest.py - Unified Second Brain Ingestion & GTD Intake Engine.
Processed 0 raw notes in Inbox.
2026-08-25 20:13:31 - Raw inbox note ready for processing detected. Invoking scan-inbox...
/Users/lorenzo/Documents/GitHub/loackyPKM/99 - Meta/Scripts/brain_ingest.py:2: SyntaxWarning: invalid escape sequence '\ '
  """brain_ingest.py - Unified Second Brain Ingestion & GTD Intake Engine.
Processed 0 raw notes in Inbox.
2026-08-25 20:13:37 - Raw inbox note ready for processing detected. Invoking scan-inbox...
/Users/lorenzo/Documents/GitHub/loackyPKM/99 - Meta/Scripts/brain_ingest.py:2: SyntaxWarning: invalid escape sequence '\ '
  """brain_ingest.py - Unified Second Brain Ingestion & GTD Intake Engine.
Processed 0 raw notes in Inbox.
2026-08-25 20:13:42 - Raw inbox note ready for processing detected. Invoking scan-inbox...
/Users/lorenzo/Documents/GitHub/loackyPKM/99 - Meta/Scripts/brain_ingest.py:2: SyntaxWarning: invalid escape sequence '\ '
  """brain_ingest.py - Unified Second Brain Ingestion & GTD Intake Engine.
Processed 0 raw notes in Inbox.
2026-08-25 20:13:48 - Raw inbox note ready for processing detected. Invoking scan-inbox...
/Users/lorenzo/Documents/GitHub/loackyPKM/99 - Meta/Scripts/brain_ingest.py:2: SyntaxWarning: invalid escape sequence '\ '
  """brain_ingest.py - Unified Second Brain Ingestion & GTD Intake Engine.
Processed 0 raw notes in Inbox.
2026-08-25 20:13:53 - Raw inbox note ready for processing detected. Invoking scan-inbox...
/Users/lorenzo/Documents/GitHub/loackyPKM/99 - Meta/Scripts/brain_ingest.py:2: SyntaxWarning: invalid escape sequence '\ '
  """brain_ingest.py - Unified Second Brain Ingestion & GTD Intake Engine.
Processed 0 raw notes in Inbox.
2026-08-25 20:13:59 - Raw inbox note ready for processing detected. Invoking scan-inbox...
/Users/lorenzo/Documents/GitHub/loackyPKM/99 - Meta/Scripts/brain_ingest.py:2: SyntaxWarning: invalid escape sequence '\ '
  """brain_ingest.py - Unified Second Brain Ingestion & GTD Intake Engine.
Processed 0 raw notes in Inbox.
2026-08-25 20:14:04 - Raw inbox note ready for processing detected. Invoking scan-inbox...
/Users/lorenzo/Documents/GitHub/loackyPKM/99 - Meta/Scripts/brain_ingest.py:2: SyntaxWarning: invalid escape sequence '\ '
  """brain_ingest.py - Unified Second Brain Ingestion & GTD Intake Engine.
Processed 0 raw notes in Inbox.
2026-08-25 20:14:09 - Watcher daemon stopped.
2026-08-25 20:14:09 - Raw inbox note ready for processing detected. Invoking scan-inbox...
/Users/lorenzo/Documents/GitHub/loackyPKM/99 - Meta/Scripts/brain_ingest.py:2: SyntaxWarning: invalid escape sequence '\ '
  """brain_ingest.py - Unified Second Brain Ingestion & GTD Intake Engine.
2026-08-25 20:14:13 - Obsidian running with pending reviews. Opening Review Dashboard...
2026-08-25 20:14:14 - Starting Second Brain Watcher daemon on /Users/lorenzo/Documents/GitHub/loackyPKM (PID 1820)
2026-08-25 20:14:14 - Raw inbox note ready for processing detected. Invoking scan-inbox...
/Users/lorenzo/Documents/GitHub/loackyPKM/99 - Meta/Scripts/brain_ingest.py:2: SyntaxWarning: invalid escape sequence '\ '
  """brain_ingest.py - Unified Second Brain Ingestion & GTD Intake Engine.
2026-08-25 20:14:46 - Starting Second Brain Watcher daemon on /Users/lorenzo/Documents/GitHub/loackyPKM (PID 2366)
2026-08-25 20:14:46 - Raw inbox note ready for processing detected. Invoking scan-inbox...
2026-08-25 20:14:49 - Obsidian running with pending reviews. Opening Review Dashboard...
[TERMINATOR] Raw file '/Users/lorenzo/Documents/GitHub/loackyPKM/03 - Inbox/seen-Raw Note 2026-08-25 17-09.md' deleted. Terminating active subprocess...
Traceback (most recent call last):
  File "/Users/lorenzo/Documents/GitHub/loackyPKM/99 - Meta/Scripts/brain_ingest.py", line 1354, in <module>
    main()
    ~~~~^^
  File "/Users/lorenzo/Documents/GitHub/loackyPKM/99 - Meta/Scripts/brain_ingest.py", line 1335, in main
    processed_raw = process_inbox_raw_notes(vault_root)
  File "/Users/lorenzo/Documents/GitHub/loackyPKM/99 - Meta/Scripts/brain_ingest.py", line 899, in process_inbox_raw_notes
    with open(full_path, 'r', encoding='utf-8', errors='ignore') as fr:
         ~~~~^^^^^^^^^^^^^^^^^^^^^^^^^^^^^^^^^^^^^^^^^^^^^^^^^^^
FileNotFoundError: [Errno 2] No such file or directory: '/Users/lorenzo/Documents/GitHub/loackyPKM/03 - Inbox/seen-Raw Note 2026-08-25 17-09.md'
[TERMINATOR] Raw file '/Users/lorenzo/Documents/GitHub/loackyPKM/03 - Inbox/seen-Raw Note 2026-08-25 17-09.md' deleted. Terminating active subprocess...
Traceback (most recent call last):
  File "/Users/lorenzo/Documents/GitHub/loackyPKM/99 - Meta/Scripts/brain_ingest.py", line 1354, in <module>
    main()
    ~~~~^^
  File "/Users/lorenzo/Documents/GitHub/loackyPKM/99 - Meta/Scripts/brain_ingest.py", line 1335, in main
    processed_raw = process_inbox_raw_notes(vault_root)
  File "/Users/lorenzo/Documents/GitHub/loackyPKM/99 - Meta/Scripts/brain_ingest.py", line 899, in process_inbox_raw_notes
    with open(full_path, 'r', encoding='utf-8', errors='ignore') as fr:
         ~~~~^^^^^^^^^^^^^^^^^^^^^^^^^^^^^^^^^^^^^^^^^^^^^^^^^^^
FileNotFoundError: [Errno 2] No such file or directory: '/Users/lorenzo/Documents/GitHub/loackyPKM/03 - Inbox/seen-Raw Note 2026-08-25 17-09.md'
2026-08-25 20:15:41 - Raw inbox note ready for processing detected. Invoking scan-inbox...
[RAW INTAKE] Processed raw note seen-Raw Note 2026-08-25 17-01.md -> proposed-seen-Raw Note 2026-08-25 17-01.md
Processed 1 raw notes in Inbox.
[TERMINATOR] Raw file '/Users/lorenzo/Documents/GitHub/loackyPKM/03 - Inbox/seen-Raw Note 2026-08-25 17-01.md' deleted. Terminating active subprocess...
[RAW INTAKE] Processed raw note seen-Raw Note 2026-08-25 17-09.md -> proposed-seen-Raw Note 2026-08-25 17-09.md
Traceback (most recent call last):
  File "/Users/lorenzo/Documents/GitHub/loackyPKM/99 - Meta/Scripts/brain_ingest.py", line 1354, in <module>
    main()
    ~~~~^^
  File "/Users/lorenzo/Documents/GitHub/loackyPKM/99 - Meta/Scripts/brain_ingest.py", line 1335, in main
    processed_raw = process_inbox_raw_notes(vault_root)
  File "/Users/lorenzo/Documents/GitHub/loackyPKM/99 - Meta/Scripts/brain_ingest.py", line 899, in process_inbox_raw_notes
    with open(full_path, 'r', encoding='utf-8', errors='ignore') as fr:
         ~~~~^^^^^^^^^^^^^^^^^^^^^^^^^^^^^^^^^^^^^^^^^^^^^^^^^^^
FileNotFoundError: [Errno 2] No such file or directory: '/Users/lorenzo/Documents/GitHub/loackyPKM/03 - Inbox/seen-Raw Note 2026-08-25 17-01.md'
2026-08-25 20:20:11 - Dashboard review activity detected. Invoking brain_ingest.py...
Processed 0 review dashboard actions.
2026-08-25 20:20:14 - Dashboard review activity detected. Invoking brain_ingest.py...
Traceback (most recent call last):
  File "/Users/lorenzo/Documents/GitHub/loackyPKM/99 - Meta/Scripts/brain_ingest.py", line 34, in <module>
    import brain_health
  File "/Users/lorenzo/Documents/GitHub/loackyPKM/99 - Meta/Scripts/brain_health.py", line 20, in <module>
    import ruamel.yaml
ModuleNotFoundError: No module named 'ruamel'
2026-08-25 20:20:16 - Dashboard review activity detected. Invoking brain_ingest.py...
[REJECTED] Discarded staging draft Raw Note 2026 - 08 - 25 17 - 09
[REJECTED] Discarded staging draft Raw Note 2026 - 08 - 25 16 - 30
Processed 2 review dashboard actions.
2026-08-25 20:22:18 - Raw inbox note ready for processing detected. Invoking scan-inbox...
[RAW INTAKE] Processed raw note seen-Raw Note 2026-08-25 20-22.md -> proposed-Raw Note 2026-08-25 20-22.md
Processed 1 raw notes in Inbox.
2026-08-25 20:28:04 - Dashboard review activity detected. Invoking brain_ingest.py...
[APPROVED] Promoted Raw Note 2026 - 08 - 25 20 - 22 -> 02 - Atlas/Finance/
Processed 1 review dashboard actions.
2026-08-25 20:33:24 - Watcher daemon stopped.
2026-08-25 20:33:29 - Starting Second Brain Watcher daemon on /Users/lorenzo/Documents/GitHub/loackyPKM (PID 13069)
2026-08-25 20:33:30 - Dashboard review activity detected. Invoking brain_ingest.py...
[DISMISSED] Dismissed acquisition error https://youtu.be/vi0BYzyWnFg
Processed 1 review dashboard actions.
2026-08-25 23:28:41 - Raw inbox note ready for processing detected. Invoking scan-inbox...
[TERMINATOR] Raw file '/Users/lorenzo/Documents/GitHub/loackyPKM/03 - Inbox/seen-Raw Note 2026-08-25 23-28.md' deleted. Terminating active subprocess...
[INTAKE] Note '/Users/lorenzo/Documents/GitHub/loackyPKM/03 - Inbox/seen-Raw Note 2026-08-25 23-28.md' deleted during processing. Aborting.
Processed 0 raw notes in Inbox.
2026-08-25 23:30:21 - Raw inbox note ready for processing detected. Invoking scan-inbox...
[RAW INTAKE] Processed raw note seen-Raw Note 2026-08-25 23-30.md -> proposed-Raw Note 2026-08-25 23-30.md
Processed 1 raw notes in Inbox.
2026-08-25 23:44:09 - Raw inbox note ready for processing detected. Invoking scan-inbox...
[TERMINATOR] Raw file '/Users/lorenzo/Documents/GitHub/loackyPKM/03 - Inbox/seen-Le Vere Differenze Tra Fondi e Etf.md' deleted. Terminating active subprocess...
[INTAKE] Note '/Users/lorenzo/Documents/GitHub/loackyPKM/03 - Inbox/seen-Le Vere Differenze Tra Fondi e Etf.md' deleted during processing. Aborting.
Processed 0 raw notes in Inbox.
2026-08-25 23:45:38 - Raw inbox note ready for processing detected. Invoking scan-inbox...
[RAW INTAKE] Processed raw note seen-Raw Note 2026-08-25 23-44.md -> proposed-Raw Note 2026-08-25 23-44.md
Processed 1 raw notes in Inbox.
2026-08-25 23:48:51 - Dashboard review activity detected. Invoking brain_ingest.py...
Traceback (most recent call last):
  File "/Users/lorenzo/Documents/GitHub/loackyPKM/99 - Meta/Scripts/brain_ingest.py", line 34, in <module>
    import brain_health
  File "/Users/lorenzo/Documents/GitHub/loackyPKM/99 - Meta/Scripts/brain_health.py", line 20, in <module>
    import ruamel.yaml
ModuleNotFoundError: No module named 'ruamel'
2026-08-25 23:48:52 - Dashboard review activity detected. Invoking brain_ingest.py...
[APPROVED] Promoted Raw Note 2026 - 08 - 25 23 - 44 -> 02 - Atlas/Finance/
[APPROVED] Promoted Le Vere Differenze Tra Fondi e Etf -> 02 - Atlas/Finance/
Processed 2 review dashboard actions.
2026-08-25 23:48:57 - Dashboard review activity detected. Invoking brain_ingest.py...
Traceback (most recent call last):
  File "/Users/lorenzo/Documents/GitHub/loackyPKM/99 - Meta/Scripts/brain_ingest.py", line 34, in <module>
    import brain_health
  File "/Users/lorenzo/Documents/GitHub/loackyPKM/99 - Meta/Scripts/brain_health.py", line 20, in <module>
    import ruamel.yaml
ModuleNotFoundError: No module named 'ruamel'
2026-08-25 23:48:58 - Dashboard review activity detected. Invoking brain_ingest.py...
[APPROVED] Promoted Raw Note 2026 - 08 - 25 23 - 30 -> 02 - Atlas/Personal Growth & Health/Mentality/
[APPROVED] Promoted Palantir - Cosa Fa l'Azienda Che Aiuta i Governi e Perche e Preoccupante -> 02 - Atlas/Tech & AI/AI/
Processed 2 review dashboard actions.
2026-08-26 00:12:37 - Raw inbox note ready for processing detected. Invoking scan-inbox...
Warning: youtube_helper failed: WARNING: [youtube] r0Dciuq0knU: Unable to download webpage: HTTP Error 429: Too Many Requests (caused by <HTTPError 429: Too Many Requests>)
WARNING: [youtube] Unable to fetch GVS PO Token for web_safari client: Missing required Visitor Data. You may need to pass Visitor Data with --extractor-args "youtube:visitor_data=XXX"
ERROR: [youtube] r0Dciuq0knU: Sign in to confirm you’re not a bot. Use --cookies-from-browser or --cookies for the authentication. See  https://github.com/yt-dlp/yt-dlp/wiki/FAQ#how-do-i-pass-cookies-to-yt-dlp  for how to manually pass cookies. Also see  https://github.com/yt-dlp/yt-dlp/wiki/Extractors#exporting-youtube-cookies  for tips on effectively exporting YouTube cookies
WARNING: [youtube] r0Dciuq0knU: Unable to download webpage: HTTP Error 429: Too Many Requests (caused by <HTTPError 429: Too Many Requests>)
WARNING: [youtube] Unable to fetch GVS PO Token for web_safari client: Missing required Visitor Data. You may need to pass Visitor Data with --extractor-args "youtube:visitor_data=XXX"
ERROR: [youtube] r0Dciuq0knU: Sign in to confirm you’re not a bot. Use --cookies-from-browser or --cookies for the authentication. See  https://github.com/yt-dlp/yt-dlp/wiki/FAQ#how-do-i-pass-cookies-to-yt-dlp  for how to manually pass cookies. Also see  https://github.com/yt-dlp/yt-dlp/wiki/Extractors#exporting-youtube-cookies  for tips on effectively exporting YouTube cookies
Warning: yt-dlp metadata extraction failed for https://youtu.be/r0Dciuq0knU: ERROR: [youtube] r0Dciuq0knU: Sign in to confirm you’re not a bot. Use --cookies-from-browser or --cookies for the authentication. See  https://github.com/yt-dlp/yt-dlp/wiki/FAQ#how-do-i-pass-cookies-to-yt-dlp  for how to manually pass cookies. Also see  https://github.com/yt-dlp/yt-dlp/wiki/Extractors#exporting-youtube-cookies  for tips on effectively exporting YouTube cookies
Error: Nessuna trascrizione disponibile per il video r0Dciuq0knU (lingue 'it', 'en'). Dettagli: 
Could not retrieve a transcript for the video https://www.youtube.com/watch?v=r0Dciuq0knU! This is most likely caused by:

YouTube is blocking requests from your IP. This usually is due to one of the following reasons:
- You have done too many requests and your IP has been blocked by YouTube
- You are doing requests from an IP belonging to a cloud provider (like AWS, Google Cloud Platform, Azure, etc.). Unfortunately, most IPs from cloud providers are blocked by YouTube.

Ways to work around this are explained in the "Working around IP bans" section of the README (https://github.com/jdepoix/youtube-transcript-api?tab=readme-ov-file#working-around-ip-bans-requestblocked-or-ipblocked-exception).


If you are sure that the described cause is not responsible for this error and that a transcript should be retrievable, please create an issue at https://github.com/jdepoix/youtube-transcript-api/issues. Please add which version of youtube_transcript_api you are using and provide the information needed to replicate the error. Also make sure that there are no open issues which already describe your problem!

Processed 0 raw notes in Inbox.
2026-08-26 00:12:52 - Raw inbox note ready for processing detected. Invoking scan-inbox...
Warning: youtube_helper failed: WARNING: [youtube] r0Dciuq0knU: Unable to download webpage: HTTP Error 429: Too Many Requests (caused by <HTTPError 429: Too Many Requests>)
WARNING: [youtube] Unable to fetch GVS PO Token for web_safari client: Missing required Visitor Data. You may need to pass Visitor Data with --extractor-args "youtube:visitor_data=XXX"
ERROR: [youtube] r0Dciuq0knU: Sign in to confirm you’re not a bot. Use --cookies-from-browser or --cookies for the authentication. See  https://github.com/yt-dlp/yt-dlp/wiki/FAQ#how-do-i-pass-cookies-to-yt-dlp  for how to manually pass cookies. Also see  https://github.com/yt-dlp/yt-dlp/wiki/Extractors#exporting-youtube-cookies  for tips on effectively exporting YouTube cookies
WARNING: [youtube] r0Dciuq0knU: Unable to download webpage: HTTP Error 429: Too Many Requests (caused by <HTTPError 429: Too Many Requests>)
WARNING: [youtube] Unable to fetch GVS PO Token for web_safari client: Missing required Visitor Data. You may need to pass Visitor Data with --extractor-args "youtube:visitor_data=XXX"
ERROR: [youtube] r0Dciuq0knU: Sign in to confirm you’re not a bot. Use --cookies-from-browser or --cookies for the authentication. See  https://github.com/yt-dlp/yt-dlp/wiki/FAQ#how-do-i-pass-cookies-to-yt-dlp  for how to manually pass cookies. Also see  https://github.com/yt-dlp/yt-dlp/wiki/Extractors#exporting-youtube-cookies  for tips on effectively exporting YouTube cookies
Warning: yt-dlp metadata extraction failed for https://youtu.be/r0Dciuq0knU: ERROR: [youtube] r0Dciuq0knU: Sign in to confirm you’re not a bot. Use --cookies-from-browser or --cookies for the authentication. See  https://github.com/yt-dlp/yt-dlp/wiki/FAQ#how-do-i-pass-cookies-to-yt-dlp  for how to manually pass cookies. Also see  https://github.com/yt-dlp/yt-dlp/wiki/Extractors#exporting-youtube-cookies  for tips on effectively exporting YouTube cookies
Error: Nessuna trascrizione disponibile per il video r0Dciuq0knU (lingue 'it', 'en'). Dettagli: 
Could not retrieve a transcript for the video https://www.youtube.com/watch?v=r0Dciuq0knU! This is most likely caused by:

YouTube is blocking requests from your IP. This usually is due to one of the following reasons:
- You have done too many requests and your IP has been blocked by YouTube
- You are doing requests from an IP belonging to a cloud provider (like AWS, Google Cloud Platform, Azure, etc.). Unfortunately, most IPs from cloud providers are blocked by YouTube.

Ways to work around this are explained in the "Working around IP bans" section of the README (https://github.com/jdepoix/youtube-transcript-api?tab=readme-ov-file#working-around-ip-bans-requestblocked-or-ipblocked-exception).


If you are sure that the described cause is not responsible for this error and that a transcript should be retrievable, please create an issue at https://github.com/jdepoix/youtube-transcript-api/issues. Please add which version of youtube_transcript_api you are using and provide the information needed to replicate the error. Also make sure that there are no open issues which already describe your problem!

Processed 0 raw notes in Inbox.
2026-08-26 00:13:07 - Raw inbox note ready for processing detected. Invoking scan-inbox...
Warning: youtube_helper failed: WARNING: [youtube] r0Dciuq0knU: Unable to download webpage: HTTP Error 429: Too Many Requests (caused by <HTTPError 429: Too Many Requests>)
WARNING: [youtube] Unable to fetch GVS PO Token for web_safari client: Missing required Visitor Data. You may need to pass Visitor Data with --extractor-args "youtube:visitor_data=XXX"
ERROR: [youtube] r0Dciuq0knU: Sign in to confirm you’re not a bot. Use --cookies-from-browser or --cookies for the authentication. See  https://github.com/yt-dlp/yt-dlp/wiki/FAQ#how-do-i-pass-cookies-to-yt-dlp  for how to manually pass cookies. Also see  https://github.com/yt-dlp/yt-dlp/wiki/Extractors#exporting-youtube-cookies  for tips on effectively exporting YouTube cookies
WARNING: [youtube] r0Dciuq0knU: Unable to download webpage: HTTP Error 429: Too Many Requests (caused by <HTTPError 429: Too Many Requests>)
WARNING: [youtube] Unable to fetch GVS PO Token for web_safari client: Missing required Visitor Data. You may need to pass Visitor Data with --extractor-args "youtube:visitor_data=XXX"
ERROR: [youtube] r0Dciuq0knU: Sign in to confirm you’re not a bot. Use --cookies-from-browser or --cookies for the authentication. See  https://github.com/yt-dlp/yt-dlp/wiki/FAQ#how-do-i-pass-cookies-to-yt-dlp  for how to manually pass cookies. Also see  https://github.com/yt-dlp/yt-dlp/wiki/Extractors#exporting-youtube-cookies  for tips on effectively exporting YouTube cookies
Warning: yt-dlp metadata extraction failed for https://youtu.be/r0Dciuq0knU: ERROR: [youtube] r0Dciuq0knU: Sign in to confirm you’re not a bot. Use --cookies-from-browser or --cookies for the authentication. See  https://github.com/yt-dlp/yt-dlp/wiki/FAQ#how-do-i-pass-cookies-to-yt-dlp  for how to manually pass cookies. Also see  https://github.com/yt-dlp/yt-dlp/wiki/Extractors#exporting-youtube-cookies  for tips on effectively exporting YouTube cookies
Error: Nessuna trascrizione disponibile per il video r0Dciuq0knU (lingue 'it', 'en'). Dettagli: 
Could not retrieve a transcript for the video https://www.youtube.com/watch?v=r0Dciuq0knU! This is most likely caused by:

YouTube is blocking requests from your IP. This usually is due to one of the following reasons:
- You have done too many requests and your IP has been blocked by YouTube
- You are doing requests from an IP belonging to a cloud provider (like AWS, Google Cloud Platform, Azure, etc.). Unfortunately, most IPs from cloud providers are blocked by YouTube.

Ways to work around this are explained in the "Working around IP bans" section of the README (https://github.com/jdepoix/youtube-transcript-api?tab=readme-ov-file#working-around-ip-bans-requestblocked-or-ipblocked-exception).


If you are sure that the described cause is not responsible for this error and that a transcript should be retrievable, please create an issue at https://github.com/jdepoix/youtube-transcript-api/issues. Please add which version of youtube_transcript_api you are using and provide the information needed to replicate the error. Also make sure that there are no open issues which already describe your problem!

Processed 0 raw notes in Inbox.
2026-08-26 00:13:23 - Raw inbox note ready for processing detected. Invoking scan-inbox...
Warning: youtube_helper failed: WARNING: [youtube] r0Dciuq0knU: Unable to download webpage: HTTP Error 429: Too Many Requests (caused by <HTTPError 429: Too Many Requests>)
WARNING: [youtube] Unable to fetch GVS PO Token for web_safari client: Missing required Visitor Data. You may need to pass Visitor Data with --extractor-args "youtube:visitor_data=XXX"
ERROR: [youtube] r0Dciuq0knU: Sign in to confirm you’re not a bot. Use --cookies-from-browser or --cookies for the authentication. See  https://github.com/yt-dlp/yt-dlp/wiki/FAQ#how-do-i-pass-cookies-to-yt-dlp  for how to manually pass cookies. Also see  https://github.com/yt-dlp/yt-dlp/wiki/Extractors#exporting-youtube-cookies  for tips on effectively exporting YouTube cookies
WARNING: [youtube] r0Dciuq0knU: Unable to download webpage: HTTP Error 429: Too Many Requests (caused by <HTTPError 429: Too Many Requests>)
WARNING: [youtube] Unable to fetch GVS PO Token for web_safari client: Missing required Visitor Data. You may need to pass Visitor Data with --extractor-args "youtube:visitor_data=XXX"
ERROR: [youtube] r0Dciuq0knU: Sign in to confirm you’re not a bot. Use --cookies-from-browser or --cookies for the authentication. See  https://github.com/yt-dlp/yt-dlp/wiki/FAQ#how-do-i-pass-cookies-to-yt-dlp  for how to manually pass cookies. Also see  https://github.com/yt-dlp/yt-dlp/wiki/Extractors#exporting-youtube-cookies  for tips on effectively exporting YouTube cookies
Warning: yt-dlp metadata extraction failed for https://youtu.be/r0Dciuq0knU: ERROR: [youtube] r0Dciuq0knU: Sign in to confirm you’re not a bot. Use --cookies-from-browser or --cookies for the authentication. See  https://github.com/yt-dlp/yt-dlp/wiki/FAQ#how-do-i-pass-cookies-to-yt-dlp  for how to manually pass cookies. Also see  https://github.com/yt-dlp/yt-dlp/wiki/Extractors#exporting-youtube-cookies  for tips on effectively exporting YouTube cookies
Error: Nessuna trascrizione disponibile per il video r0Dciuq0knU (lingue 'it', 'en'). Dettagli: 
Could not retrieve a transcript for the video https://www.youtube.com/watch?v=r0Dciuq0knU! This is most likely caused by:

YouTube is blocking requests from your IP. This usually is due to one of the following reasons:
- You have done too many requests and your IP has been blocked by YouTube
- You are doing requests from an IP belonging to a cloud provider (like AWS, Google Cloud Platform, Azure, etc.). Unfortunately, most IPs from cloud providers are blocked by YouTube.

Ways to work around this are explained in the "Working around IP bans" section of the README (https://github.com/jdepoix/youtube-transcript-api?tab=readme-ov-file#working-around-ip-bans-requestblocked-or-ipblocked-exception).


If you are sure that the described cause is not responsible for this error and that a transcript should be retrievable, please create an issue at https://github.com/jdepoix/youtube-transcript-api/issues. Please add which version of youtube_transcript_api you are using and provide the information needed to replicate the error. Also make sure that there are no open issues which already describe your problem!

Processed 0 raw notes in Inbox.
2026-08-26 00:13:38 - Raw inbox note ready for processing detected. Invoking scan-inbox...
Warning: youtube_helper failed: WARNING: [youtube] r0Dciuq0knU: Unable to download webpage: HTTP Error 429: Too Many Requests (caused by <HTTPError 429: Too Many Requests>)
WARNING: [youtube] Unable to fetch GVS PO Token for web_safari client: Missing required Visitor Data. You may need to pass Visitor Data with --extractor-args "youtube:visitor_data=XXX"
ERROR: [youtube] r0Dciuq0knU: Sign in to confirm you’re not a bot. Use --cookies-from-browser or --cookies for the authentication. See  https://github.com/yt-dlp/yt-dlp/wiki/FAQ#how-do-i-pass-cookies-to-yt-dlp  for how to manually pass cookies. Also see  https://github.com/yt-dlp/yt-dlp/wiki/Extractors#exporting-youtube-cookies  for tips on effectively exporting YouTube cookies
WARNING: [youtube] r0Dciuq0knU: Unable to download webpage: HTTP Error 429: Too Many Requests (caused by <HTTPError 429: Too Many Requests>)
WARNING: [youtube] Unable to fetch GVS PO Token for web_safari client: Missing required Visitor Data. You may need to pass Visitor Data with --extractor-args "youtube:visitor_data=XXX"
ERROR: [youtube] r0Dciuq0knU: Sign in to confirm you’re not a bot. Use --cookies-from-browser or --cookies for the authentication. See  https://github.com/yt-dlp/yt-dlp/wiki/FAQ#how-do-i-pass-cookies-to-yt-dlp  for how to manually pass cookies. Also see  https://github.com/yt-dlp/yt-dlp/wiki/Extractors#exporting-youtube-cookies  for tips on effectively exporting YouTube cookies
Warning: yt-dlp metadata extraction failed for https://youtu.be/r0Dciuq0knU: ERROR: [youtube] r0Dciuq0knU: Sign in to confirm you’re not a bot. Use --cookies-from-browser or --cookies for the authentication. See  https://github.com/yt-dlp/yt-dlp/wiki/FAQ#how-do-i-pass-cookies-to-yt-dlp  for how to manually pass cookies. Also see  https://github.com/yt-dlp/yt-dlp/wiki/Extractors#exporting-youtube-cookies  for tips on effectively exporting YouTube cookies
Error: Nessuna trascrizione disponibile per il video r0Dciuq0knU (lingue 'it', 'en'). Dettagli: 
Could not retrieve a transcript for the video https://www.youtube.com/watch?v=r0Dciuq0knU! This is most likely caused by:

YouTube is blocking requests from your IP. This usually is due to one of the following reasons:
- You have done too many requests and your IP has been blocked by YouTube
- You are doing requests from an IP belonging to a cloud provider (like AWS, Google Cloud Platform, Azure, etc.). Unfortunately, most IPs from cloud providers are blocked by YouTube.

Ways to work around this are explained in the "Working around IP bans" section of the README (https://github.com/jdepoix/youtube-transcript-api?tab=readme-ov-file#working-around-ip-bans-requestblocked-or-ipblocked-exception).


If you are sure that the described cause is not responsible for this error and that a transcript should be retrievable, please create an issue at https://github.com/jdepoix/youtube-transcript-api/issues. Please add which version of youtube_transcript_api you are using and provide the information needed to replicate the error. Also make sure that there are no open issues which already describe your problem!

Processed 0 raw notes in Inbox.
2026-08-26 00:13:54 - Raw inbox note ready for processing detected. Invoking scan-inbox...
Warning: youtube_helper failed: WARNING: [youtube] r0Dciuq0knU: Unable to download webpage: HTTP Error 429: Too Many Requests (caused by <HTTPError 429: Too Many Requests>)
WARNING: [youtube] Unable to fetch GVS PO Token for web_safari client: Missing required Visitor Data. You may need to pass Visitor Data with --extractor-args "youtube:visitor_data=XXX"
ERROR: [youtube] r0Dciuq0knU: Sign in to confirm you’re not a bot. Use --cookies-from-browser or --cookies for the authentication. See  https://github.com/yt-dlp/yt-dlp/wiki/FAQ#how-do-i-pass-cookies-to-yt-dlp  for how to manually pass cookies. Also see  https://github.com/yt-dlp/yt-dlp/wiki/Extractors#exporting-youtube-cookies  for tips on effectively exporting YouTube cookies
WARNING: [youtube] r0Dciuq0knU: Unable to download webpage: HTTP Error 429: Too Many Requests (caused by <HTTPError 429: Too Many Requests>)
WARNING: [youtube] Unable to fetch GVS PO Token for web_safari client: Missing required Visitor Data. You may need to pass Visitor Data with --extractor-args "youtube:visitor_data=XXX"
ERROR: [youtube] r0Dciuq0knU: Sign in to confirm you’re not a bot. Use --cookies-from-browser or --cookies for the authentication. See  https://github.com/yt-dlp/yt-dlp/wiki/FAQ#how-do-i-pass-cookies-to-yt-dlp  for how to manually pass cookies. Also see  https://github.com/yt-dlp/yt-dlp/wiki/Extractors#exporting-youtube-cookies  for tips on effectively exporting YouTube cookies
Warning: yt-dlp metadata extraction failed for https://youtu.be/r0Dciuq0knU: ERROR: [youtube] r0Dciuq0knU: Sign in to confirm you’re not a bot. Use --cookies-from-browser or --cookies for the authentication. See  https://github.com/yt-dlp/yt-dlp/wiki/FAQ#how-do-i-pass-cookies-to-yt-dlp  for how to manually pass cookies. Also see  https://github.com/yt-dlp/yt-dlp/wiki/Extractors#exporting-youtube-cookies  for tips on effectively exporting YouTube cookies
Error: Nessuna trascrizione disponibile per il video r0Dciuq0knU (lingue 'it', 'en'). Dettagli: 
Could not retrieve a transcript for the video https://www.youtube.com/watch?v=r0Dciuq0knU! This is most likely caused by:

YouTube is blocking requests from your IP. This usually is due to one of the following reasons:
- You have done too many requests and your IP has been blocked by YouTube
- You are doing requests from an IP belonging to a cloud provider (like AWS, Google Cloud Platform, Azure, etc.). Unfortunately, most IPs from cloud providers are blocked by YouTube.

Ways to work around this are explained in the "Working around IP bans" section of the README (https://github.com/jdepoix/youtube-transcript-api?tab=readme-ov-file#working-around-ip-bans-requestblocked-or-ipblocked-exception).


If you are sure that the described cause is not responsible for this error and that a transcript should be retrievable, please create an issue at https://github.com/jdepoix/youtube-transcript-api/issues. Please add which version of youtube_transcript_api you are using and provide the information needed to replicate the error. Also make sure that there are no open issues which already describe your problem!

Processed 0 raw notes in Inbox.
2026-08-26 00:14:10 - Raw inbox note ready for processing detected. Invoking scan-inbox...
[TERMINATOR] Raw file '/Users/lorenzo/Documents/GitHub/loackyPKM/03 - Inbox/seen-Video YouTube.md' deleted. Terminating active subprocess...
Warning: youtube_helper failed: Processo interrotto dall'utente per eliminazione della nota
Processed 0 raw notes in Inbox.
2026-08-27 22:21:04 - Obsidian running with pending reviews. Opening Review Dashboard...
2026-08-27 22:21:04 - Obsidian running with pending reviews. Opening Review Dashboard...
2026-08-29 01:04:05 - Obsidian running with pending reviews. Opening Review Dashboard...
2026-08-29 01:09:47 - Dashboard review activity detected. Invoking brain_ingest.py...
Processed 0 approval/rejection items.
2026-08-29 01:09:52 - Dashboard review activity detected. Invoking brain_ingest.py...
Processed 0 approval/rejection items.
2026-08-29 01:09:58 - Dashboard review activity detected. Invoking brain_ingest.py...
Processed 0 approval/rejection items.
2026-08-29 01:10:03 - Dashboard review activity detected. Invoking brain_ingest.py...
Processed 0 approval/rejection items.
2026-08-29 01:10:08 - Dashboard review activity detected. Invoking brain_ingest.py...
Processed 0 approval/rejection items.
2026-08-29 01:10:14 - Dashboard review activity detected. Invoking brain_ingest.py...
Processed 0 approval/rejection items.
2026-08-29 01:10:19 - Dashboard review activity detected. Invoking brain_ingest.py...
Processed 0 approval/rejection items.
2026-08-29 01:10:24 - Dashboard review activity detected. Invoking brain_ingest.py...
Processed 0 approval/rejection items.
2026-08-29 01:10:29 - Dashboard review activity detected. Invoking brain_ingest.py...
Processed 0 approval/rejection items.
2026-08-29 01:10:35 - Dashboard review activity detected. Invoking brain_ingest.py...
Processed 0 approval/rejection items.
2026-08-29 01:10:40 - Dashboard review activity detected. Invoking brain_ingest.py...
Processed 0 approval/rejection items.
2026-08-29 01:10:45 - Dashboard review activity detected. Invoking brain_ingest.py...
Processed 0 approval/rejection items.
2026-08-29 01:10:51 - Dashboard review activity detected. Invoking brain_ingest.py...
Processed 0 approval/rejection items.
2026-08-29 01:10:56 - Dashboard review activity detected. Invoking brain_ingest.py...
Processed 0 approval/rejection items.
2026-08-29 01:11:01 - Dashboard review activity detected. Invoking brain_ingest.py...
Processed 0 approval/rejection items.
2026-08-29 01:11:06 - Dashboard review activity detected. Invoking brain_ingest.py...
Processed 0 approval/rejection items.
2026-08-29 01:11:12 - Dashboard review activity detected. Invoking brain_ingest.py...
Processed 0 approval/rejection items.
2026-08-29 01:11:17 - Dashboard review activity detected. Invoking brain_ingest.py...
Processed 0 approval/rejection items.
2026-08-29 01:11:22 - Dashboard review activity detected. Invoking brain_ingest.py...
Processed 0 approval/rejection items.
2026-08-29 01:11:28 - Dashboard review activity detected. Invoking brain_ingest.py...
Processed 0 approval/rejection items.
2026-08-29 01:11:33 - Dashboard review activity detected. Invoking brain_ingest.py...
Processed 0 approval/rejection items.
2026-08-29 01:11:39 - Dashboard review activity detected. Invoking brain_ingest.py...
Processed 0 approval/rejection items.
2026-08-29 01:11:44 - Dashboard review activity detected. Invoking brain_ingest.py...
Processed 0 approval/rejection items.
2026-08-29 01:11:49 - Dashboard review activity detected. Invoking brain_ingest.py...
Processed 0 approval/rejection items.
2026-08-29 01:11:54 - Dashboard review activity detected. Invoking brain_ingest.py...
Processed 0 approval/rejection items.
2026-08-29 01:12:00 - Dashboard review activity detected. Invoking brain_ingest.py...
Processed 0 approval/rejection items.
2026-08-29 01:12:05 - Dashboard review activity detected. Invoking brain_ingest.py...
Processed 0 approval/rejection items.
2026-08-29 01:12:10 - Dashboard review activity detected. Invoking brain_ingest.py...
Processed 0 approval/rejection items.
2026-08-29 01:12:16 - Dashboard review activity detected. Invoking brain_ingest.py...
Processed 0 approval/rejection items.
2026-08-29 01:12:21 - Dashboard review activity detected. Invoking brain_ingest.py...
Processed 0 approval/rejection items.
2026-08-29 01:12:26 - Dashboard review activity detected. Invoking brain_ingest.py...
Processed 0 approval/rejection items.
2026-08-29 01:12:31 - Dashboard review activity detected. Invoking brain_ingest.py...
Processed 0 approval/rejection items.
2026-08-29 01:12:37 - Dashboard review activity detected. Invoking brain_ingest.py...
Processed 0 approval/rejection items.
2026-08-29 01:12:42 - Dashboard review activity detected. Invoking brain_ingest.py...
Processed 0 approval/rejection items.
2026-08-29 01:12:47 - Dashboard review activity detected. Invoking brain_ingest.py...
Processed 0 approval/rejection items.
2026-08-29 01:12:52 - Dashboard review activity detected. Invoking brain_ingest.py...
Processed 0 approval/rejection items.
2026-08-29 01:12:58 - Dashboard review activity detected. Invoking brain_ingest.py...
Processed 0 approval/rejection items.
2026-08-29 01:13:03 - Dashboard review activity detected. Invoking brain_ingest.py...
Processed 0 approval/rejection items.
2026-08-29 01:13:08 - Dashboard review activity detected. Invoking brain_ingest.py...
Processed 0 approval/rejection items.
2026-08-29 01:13:13 - Dashboard review activity detected. Invoking brain_ingest.py...
Processed 0 approval/rejection items.
2026-08-29 01:13:19 - Dashboard review activity detected. Invoking brain_ingest.py...
Processed 0 approval/rejection items.
2026-08-29 01:13:24 - Dashboard review activity detected. Invoking brain_ingest.py...
Processed 0 approval/rejection items.
2026-08-29 01:13:29 - Dashboard review activity detected. Invoking brain_ingest.py...
Processed 0 approval/rejection items.
2026-08-29 01:13:34 - Dashboard review activity detected. Invoking brain_ingest.py...
Processed 0 approval/rejection items.
2026-08-29 01:13:40 - Dashboard review activity detected. Invoking brain_ingest.py...
Processed 0 approval/rejection items.
2026-08-29 01:13:45 - Dashboard review activity detected. Invoking brain_ingest.py...
Processed 0 approval/rejection items.
2026-08-29 01:13:50 - Dashboard review activity detected. Invoking brain_ingest.py...
Processed 1 approval/rejection items.
2026-08-29 01:27:20 - Raw inbox note ready for processing detected. Invoking scan-inbox...
Staged 1 raw inbox notes: ['Raw Note 2026 - 08 - 29 01 - 27']
2026-08-29 01:34:03 - Raw inbox note ready for processing detected. Invoking scan-inbox...
Staged 1 raw inbox notes: ['https://youtu.be/9SDkU5VDQEQ']
2026-08-29 01:39:06 - Raw inbox note ready for processing detected. Invoking scan-inbox...
Staged 0 raw inbox notes: []
2026-08-29 01:39:22 - Raw inbox note ready for processing detected. Invoking scan-inbox...
Staged 0 raw inbox notes: []
2026-08-29 01:39:43 - Raw inbox note ready for processing detected. Invoking scan-inbox...
Staged 0 raw inbox notes: []
2026-08-29 01:44:59 - Raw inbox note ready for processing detected. Invoking scan-inbox...
Staged 0 raw inbox notes: []
2026-08-29 01:47:03 - Dashboard review activity detected. Invoking brain_ingest.py...
Processed 3 approval/rejection items.
2026-08-29 01:47:53 - Raw inbox note ready for processing detected. Invoking scan-inbox...
WARNING: [youtube] [jsc] Remote components challenge solver script (deno) and NPM package (deno) were skipped. These may be required to solve JS challenges. You can enable these downloads with  --remote-components ejs:github  (recommended) or  --remote-components ejs:npm , respectively. For more information and alternatives, refer to  https://github.com/yt-dlp/yt-dlp/wiki/EJS
WARNING: [youtube] JMqUahdF5Sc: n challenge solving failed: Some formats may be missing. Ensure you have a supported JavaScript runtime and challenge solver script distribution installed. Review any warnings presented before this message. For more details, refer to  https://github.com/yt-dlp/yt-dlp/wiki/EJS
Staged 1 raw inbox notes: ['https://youtu.be/JMqUahdF5Sc']
2026-08-29 01:52:05 - Raw inbox note ready for processing detected. Invoking scan-inbox...
Staged 1 raw inbox notes: ['Come Scendere Sotto il 10% di Massa Grassa']
2026-08-29 02:04:46 - Obsidian running with pending reviews. Opening Review Dashboard...
2026-08-29 02:05:49 - Dashboard review activity detected. Invoking brain_ingest.py...
Traceback (most recent call last):
  File "/Users/lorenzo/Documents/GitHub/loackyPKM/99 - Meta/Scripts/brain_ingest.py", line 20, in <module>
    import brain_health, youtube_helper
  File "/Users/lorenzo/Documents/GitHub/loackyPKM/99 - Meta/Scripts/brain_health.py", line 20, in <module>
    import ruamel.yaml
ModuleNotFoundError: No module named 'ruamel'
2026-08-29 02:05:52 - Dashboard review activity detected. Invoking brain_ingest.py...
Processed 1 approval/rejection items.
2026-08-29 02:06:22 - Raw inbox note ready for processing detected. Invoking scan-inbox...
Staged 1 raw inbox notes: ['Dopamine Load - Geniale o Pura Fuffa Reaction']
2026-08-29 02:20:51 - Raw inbox note ready for processing detected. Invoking scan-inbox...
Staged 1 raw inbox notes: ['https://youtu.be/JMqUahdF5Sc']
2026-08-29 02:31:26 - Dashboard review activity detected. Invoking brain_ingest.py...
Processed 1 approval/rejection items.
2026-08-29 02:31:46 - Raw inbox note ready for processing detected. Invoking scan-inbox...
Staged 1 raw inbox notes: ['https://youtu.be/JMqUahdF5Sc']
2026-08-29 02:33:46 - Dashboard review activity detected. Invoking brain_ingest.py...
2026-08-29 02:33:46 - Dashboard review activity detected. Invoking brain_ingest.py...
Traceback (most recent call last):
  File "/Users/lorenzo/Documents/GitHub/loackyPKM/99 - Meta/Scripts/brain_ingest.py", line 20, in <module>
    import brain_health, youtube_helper
  File "/Users/lorenzo/Documents/GitHub/loackyPKM/99 - Meta/Scripts/brain_health.py", line 20, in <module>
    import ruamel.yaml
ModuleNotFoundError: No module named 'ruamel'
Processed 1 approval/rejection items.
2026-08-29 02:33:51 - Raw inbox note ready for processing detected. Invoking scan-inbox...
Staged 1 raw inbox notes: ['https://youtu.be/JMqUahdF5Sc']
2026-08-29 02:37:57 - Raw inbox note ready for processing detected. Invoking scan-inbox...
WARNING: [youtube:tab] Unable to recognize playlist. Downloading just video OmyfB513E1s
Staged 1 raw inbox notes: ['https://youtu.be/OmyfB513E1s?list=PL1KAC4UpG-kQM3g_UHdL1je4wqu4ZDWxX']
2026-08-29 02:39:09 - Dashboard review activity detected. Invoking brain_ingest.py...
Processed 1 approval/rejection items.
2026-08-29 02:39:14 - Dashboard review activity detected. Invoking brain_ingest.py...
Processed 2 approval/rejection items.
2026-08-29 02:39:20 - Dashboard review activity detected. Invoking brain_ingest.py...
Processed 3 approval/rejection items.
2026-08-29 02:41:07 - Dashboard review activity detected. Invoking brain_ingest.py...
Processed 1 approval/rejection items.
2026-08-29 02:41:27 - Raw inbox note ready for processing detected. Invoking scan-inbox...
WARNING: [youtube:tab] Unable to recognize playlist. Downloading just video OmyfB513E1s
Staged 1 raw inbox notes: ['https://youtu.be/OmyfB513E1s?list=PL1KAC4UpG-kQM3g_UHdL1je4wqu4ZDWxX']
2026-08-29 02:50:26 - Raw inbox note ready for processing detected. Invoking scan-inbox...
WARNING: [youtube:tab] Unable to recognize playlist. Downloading just video OmyfB513E1s
Staged 1 raw inbox notes: ['https://youtu.be/OmyfB513E1s?list=PL1KAC4UpG-kQM3g_UHdL1je4wqu4ZDWxX']
2026-08-29 02:59:43 - Dashboard review activity detected. Invoking brain_ingest.py...
Processed 1 approval/rejection items.
2026-08-29 02:59:54 - Dashboard review activity detected. Invoking brain_ingest.py...
Processed 1 approval/rejection items.
2026-08-29 03:00:23 - Raw inbox note ready for processing detected. Invoking scan-inbox...
WARNING: [youtube:tab] Unable to recognize playlist. Downloading just video OmyfB513E1s
Staged 1 raw inbox notes: ['https://youtu.be/OmyfB513E1s?list=PL1KAC4UpG-kQM3g_UHdL1je4wqu4ZDWxX']
2026-08-29 03:13:25 - Dashboard review activity detected. Invoking brain_ingest.py...
Processed 1 approval/rejection items.
2026-08-29 03:16:12 - Raw inbox note ready for processing detected. Invoking scan-inbox...
WARNING: [youtube:tab] Unable to recognize playlist. Downloading just video OmyfB513E1s
Staged 1 raw inbox notes: ['https://youtu.be/OmyfB513E1s?list=PL1KAC4UpG-kQM3g_UHdL1je4wqu4ZDWxX']
2026-08-29 14:03:32 - Dashboard review activity detected. Invoking brain_ingest.py...
Processed 1 approval/rejection items.
2026-08-29 14:04:48 - Raw inbox note ready for processing detected. Invoking scan-inbox...
WARNING: [youtube:tab] Unable to recognize playlist. Downloading just video OmyfB513E1s
Staged 1 raw inbox notes: ['https://youtu.be/OmyfB513E1s?list=PL1KAC4UpG-kQM3g_UHdL1je4wqu4ZDWxX']
2026-08-29 14:12:42 - Dashboard review activity detected. Invoking brain_ingest.py...
Processed 1 approval/rejection items.
2026-08-29 14:14:24 - Dashboard review activity detected. Invoking brain_ingest.py...
Processed 1 approval/rejection items.
2026-08-29 14:14:39 - Raw inbox note ready for processing detected. Invoking scan-inbox...
WARNING: [youtube:tab] Unable to recognize playlist. Downloading just video OmyfB513E1s
Staged 1 raw inbox notes: ['https://youtu.be/OmyfB513E1s?list=PL1KAC4UpG-kQM3g_UHdL1je4wqu4ZDWxX']
2026-08-29 14:21:22 - Dashboard review activity detected. Invoking brain_ingest.py...
Processed 1 approval/rejection items.
2026-08-29 14:22:07 - Raw inbox note ready for processing detected. Invoking scan-inbox...
Staged 1 raw inbox notes: ['https://youtu.be/OmyfB513E1s']
2026-08-29 14:34:45 - Dashboard review activity detected. Invoking brain_ingest.py...
Processed 1 approval/rejection items.
2026-08-30 20:30:33 - Raw inbox note ready for processing detected. Invoking scan-inbox...
Staged 0 raw inbox notes: []
2026-08-30 20:32:02 - Raw inbox note ready for processing detected. Invoking scan-inbox...
Staged 1 raw inbox notes: ['https://youtu.be/kQIjUkTDpNg?list=PLkumBgyNz64eZr_oYOvyHhbK9yAETjIhu']
2026-08-30 20:32:56 - Dashboard review activity detected. Invoking brain_ingest.py...
Processed 2 approval/rejection items.
2026-08-30 20:34:02 - Dashboard review activity detected. Invoking brain_ingest.py...
Traceback (most recent call last):
  File "/Users/lorenzo/Documents/GitHub/loackyPKM/99 - Meta/Scripts/brain_ingest.py", line 20, in <module>
    import brain_health, youtube_helper
  File "/Users/lorenzo/Documents/GitHub/loackyPKM/99 - Meta/Scripts/brain_health.py", line 20, in <module>
    import ruamel.yaml
ModuleNotFoundError: No module named 'ruamel'
2026-08-30 20:34:03 - Dashboard review activity detected. Invoking brain_ingest.py...
Processed 1 approval/rejection items.
2026-08-30 21:00:11 - Starting Second Brain Watcher daemon on /Users/lorenzo/Documents/GitHub/loackyPKM (PID 24777)
Review Dashboard refreshed.
2026-08-30 21:00:12 - Obsidian running with pending reviews. Opening Review Dashboard...
2026-08-30 21:00:46 - Starting Second Brain Watcher daemon on /Users/lorenzo/Documents/GitHub/loackyPKM (PID 25308)
Review Dashboard refreshed.
2026-08-30 21:00:47 - Obsidian running with pending reviews. Opening Review Dashboard...
2026-08-30 22:02:10 - Raw inbox note ready for processing detected. Invoking scan-inbox in background...
Staged 0 raw inbox notes: []
2026-08-30 22:27:12 - Raw inbox note ready for processing detected. Invoking scan-inbox in background...
WARNING: [youtube] [jsc] Remote components challenge solver script (deno) and NPM package (deno) were skipped. These may be required to solve JS challenges. You can enable these downloads with  --remote-components ejs:github  (recommended) or  --remote-components ejs:npm , respectively. For more information and alternatives, refer to  https://github.com/yt-dlp/yt-dlp/wiki/EJS
WARNING: [youtube] mkGGOxEPV-Q: n challenge solving failed: Some formats may be missing. Ensure you have a supported JavaScript runtime and challenge solver script distribution installed. Review any warnings presented before this message. For more details, refer to  https://github.com/yt-dlp/yt-dlp/wiki/EJS
Staged 1 raw inbox notes: ['https://youtu.be/mkGGOxEPV-Q']
Review Dashboard refreshed.
2026-08-30 22:29:06 - Dashboard review activity detected. Invoking brain_ingest.py...
Processed 1 approval/rejection items.
Review Dashboard refreshed.
2026-08-30 22:29:20 - Raw inbox note ready for processing detected. Invoking scan-inbox in background...
Staged 1 raw inbox notes: ['https://youtu.be/mkGGOxEPV-Q']
Review Dashboard refreshed.
Review Dashboard refreshed.
2026-08-30 22:33:55 - Raw inbox note ready for processing detected. Invoking scan-inbox in background...
Staged 1 raw inbox notes: ['https://youtu.be/mkGGOxEPV-Q']
Review Dashboard refreshed.
Review Dashboard refreshed.
Review Dashboard refreshed.
2026-08-31 00:07:15 - Raw inbox note ready for processing detected. Invoking scan-inbox in background...
Staged 1 raw inbox notes: ['Raw Note 2026 - 08 - 31 00 - 07']
Review Dashboard refreshed.
Review Dashboard refreshed.
Review Dashboard refreshed.
Review Dashboard refreshed.
Review Dashboard refreshed.
2026-08-31 00:15:16 - Dashboard review activity detected. Invoking brain_ingest.py...
Processed 1 approval/rejection items.
Review Dashboard refreshed.
2026-08-31 00:15:57 - Raw inbox note ready for processing detected. Invoking scan-inbox in background...
Staged 1 raw inbox notes: ['Semantic Versioning']
Review Dashboard refreshed.
Review Dashboard refreshed.
2026-08-31 00:20:08 - Dashboard review activity detected. Invoking brain_ingest.py...
Processed 1 approval/rejection items.
Review Dashboard refreshed.
Review Dashboard refreshed.
Review Dashboard refreshed.
Review Dashboard refreshed.
Review Dashboard refreshed.
Review Dashboard refreshed.
Review Dashboard refreshed.
Review Dashboard refreshed.
Review Dashboard refreshed.
Review Dashboard refreshed.
2026-08-31 23:29:43 - Raw inbox note ready for processing detected. Invoking scan-inbox in background...
Review Dashboard refreshed.
2026-08-31 23:30:14 - Raw inbox note ready for processing detected. Invoking scan-inbox in background...
2026-08-31 23:30:39 - Raw inbox note ready for processing detected. Invoking scan-inbox in background...
2026-08-31 23:30:56 - Dashboard review activity detected. Invoking brain_ingest.py...
Processed 1 approval/rejection items.
Review Dashboard refreshed.
Staged 1 raw inbox notes: ['https://github.com/ZyphrZero/Termy']
Review Dashboard refreshed.
Review Dashboard refreshed.
2026-08-31 23:57:30 - Raw inbox note ready for processing detected. Invoking scan-inbox in background...
Review Dashboard refreshed.
Staged 1 raw inbox notes: ['https://github.com/ZyphrZero/Termy']
Review Dashboard refreshed.
2026-08-31 23:58:48 - Dashboard review activity detected. Invoking brain_ingest.py...
Processed 1 approval/rejection items.
Review Dashboard refreshed.
